/*
Navicat MySQL Data Transfer

Source Server         : localhost_3306
Source Server Version : 80026
Source Host           : localhost:3306
Source Database       : shopping_mall

Target Server Type    : MYSQL
Target Server Version : 80026
File Encoding         : 65001

Date: 2021-12-22 15:49:11
*/

SET FOREIGN_KEY_CHECKS=0;

-- ----------------------------
-- Table structure for admin
-- ----------------------------
DROP TABLE IF EXISTS `admin`;
CREATE TABLE `admin` (
  `id` bigint NOT NULL AUTO_INCREMENT,
  `name` varchar(64) DEFAULT NULL,
  `password` varchar(64) DEFAULT NULL,
  `icon` char(10) DEFAULT NULL,
  `create_time` datetime DEFAULT NULL,
  `status` int DEFAULT NULL,
  PRIMARY KEY (`id`)
) ENGINE=InnoDB AUTO_INCREMENT=37 DEFAULT CHARSET=utf8mb4 COLLATE=utf8mb4_general_ci;

-- ----------------------------
-- Records of admin
-- ----------------------------
INSERT INTO `admin` VALUES ('1', 'Ronald2028', '6M671', 'Z94', '1970-01-01 00:00:01', '0');
INSERT INTO `admin` VALUES ('2', 'Hortencia1998', 'P4S1656XDR6RV7U0GQ7MJJU5BMR15N0I03630N616O3HJNN', 'FK', '1970-01-02 00:00:01', '1');
INSERT INTO `admin` VALUES ('3', 'Ramsay2018', 'F2EPO7ZG7B7MRIIL279X2IX3KQ44G17U64VB30', '4T', '1970-01-03 00:00:01', '0');
INSERT INTO `admin` VALUES ('4', 'Jolie93', '78LBHQ', 'O39Z7T', '1970-01-04 00:00:01', '1');
INSERT INTO `admin` VALUES ('5', 'Amador2008', '19T54VGEC41F6FF2Q8RQG37JV1D11YM9368K318A6IUX1RXMMQZ19U8LFRGQMXON', '5', '1970-01-05 00:00:01', '0');
INSERT INTO `admin` VALUES ('6', 'Read2024', 'MCNED7A992FB54HLJZ12YT9CEPP1X68E6KSL5OM4QD7G057KV8ET42931SC1OFF2', '435J28', '1970-01-06 00:00:01', '1');
INSERT INTO `admin` VALUES ('7', 'Hart838', 'T86MJE2Y45Y1W1U656Z923Q5PC1U3YUE8RP1YEO93418114B0H315E29KXSD906L', 'T2', '1970-01-07 00:00:01', '0');
INSERT INTO `admin` VALUES ('8', 'Olin464', '0238373YV19P7642563MIT0C', '6', '1970-01-08 00:00:01', '1');
INSERT INTO `admin` VALUES ('9', 'Delia4', '8YYM09JFYF72T9F3Z', '1R', '1970-01-09 00:00:01', '0');
INSERT INTO `admin` VALUES ('10', 'Kyla2020', '8N4C3VD99FEGT0B1JF32NNI6A7W78SNLCS', '57U79', '1970-01-10 00:00:01', '1');
INSERT INTO `admin` VALUES ('11', 'Danner2020', 'QAV4TT83K66B8T740JYT2G21', '45A7S', '1970-01-11 00:00:01', '0');
INSERT INTO `admin` VALUES ('12', 'Jewell7', '86Z47SGMV7OK34', '58VQ', '1970-01-12 00:00:01', '1');
INSERT INTO `admin` VALUES ('13', 'Sasser1963', 'Z7Z75U4', '5', '1970-01-13 00:00:01', '0');
INSERT INTO `admin` VALUES ('14', 'Sandee2002', 'SM9SVJGC', 'OT', '1970-01-14 00:00:01', '1');
INSERT INTO `admin` VALUES ('15', 'Daren89', 'FO6', 'A', '1970-01-15 00:00:01', '0');
INSERT INTO `admin` VALUES ('16', 'Annmarie1958', 'Y17KV2RPPEB577V8VH8P583968A3NSR5284W9KFBH2A6RTJ8DZ99W63BBB7P3E5N', 'H', '1970-01-16 00:00:01', '1');
INSERT INTO `admin` VALUES ('17', 'Griselda987', '85CH63V6KU870I1L6X0JC477M984LI2468N9P8WMLN2F30V', 'K5KJ7', '1970-01-17 00:00:01', '0');
INSERT INTO `admin` VALUES ('18', 'Emiko834', '2V8OJU68V34FHVDK4X2954B2GVUI83Z04K2I5EBQ', 'N55435UV73', '1970-01-18 00:00:01', '1');
INSERT INTO `admin` VALUES ('19', 'Shaun2013', 'BADCX645MWPD77641E3YU31I5C015DU353ZDB17YPM1130W7S1', '6U', '1970-01-19 00:00:01', '0');
INSERT INTO `admin` VALUES ('20', 'Darrick1998', 'S5H944TWTP18MM9VMC938645I99C0RFQ768X', '79AK18', '1970-01-20 00:00:01', '1');
INSERT INTO `admin` VALUES ('21', 'Theressa7', 'QF052HQO173', 'F6F8', '1970-01-21 00:00:01', '0');
INSERT INTO `admin` VALUES ('22', 'Nguyen845', '5LNTW7U2SE5ZLAX4NY07C9274N1T5JF4IES2522FDVG0L84R87O479KVNP', '3J', '1970-01-22 00:00:01', '1');
INSERT INTO `admin` VALUES ('23', 'Terry2026', '5U099GJ07NDT5J2ERO5G854Z0R673U', '7', '1970-01-23 00:00:01', '0');
INSERT INTO `admin` VALUES ('24', 'Ricardo1950', 'O7ZL4EDI70I', 'D', '1970-01-24 00:00:01', '1');
INSERT INTO `admin` VALUES ('25', 'Gene233', '00I34PVV5R9U9VZO4DI5C26JA18C36TP3', 'HF', '1970-01-25 00:00:01', '0');
INSERT INTO `admin` VALUES ('26', 'Gillis1968', '2W9L64NJ60PL9V6L43S23F6O9G5N7DV0UD3W0GH7V39G66YZ5Q82F8OFW3219MLH', '3RS43', '1970-01-26 00:00:01', '1');
INSERT INTO `admin` VALUES ('27', 'Harley635', '91M89ZV5VC303B05980W4TJ33928RI545W3J8YJWVDD1X4L2H2EB11X', 'IBZJ', '1970-01-27 00:00:01', '0');
INSERT INTO `admin` VALUES ('28', 'Dario1986', '3S09E9', '2R', '1970-01-28 00:00:01', '1');
INSERT INTO `admin` VALUES ('29', 'Joycelyn2009', 'SAL6Z1TT45NS3D7TS31JLQ1F6918USR7D8J', '2', '1970-01-29 00:00:01', '0');
INSERT INTO `admin` VALUES ('30', 'Florencia876', 'VV6FS67961P1XTLMRF69B7C9VN3JH85BM1H362D2KI65VKEQ', '9', '1970-01-30 00:00:01', '1');
INSERT INTO `admin` VALUES ('31', 'Bergman2019', '00L5E52LXE1MDHQA', 'K6HMTKABPR', '1970-01-31 00:00:01', '0');
INSERT INTO `admin` VALUES ('32', 'Kip6', '688L43IOWH3CP9835UE1L7023T3FHE5IFS6OPP3EX7O97ZKTCOB62A996S1DCO9J', '2B7C7', '1970-02-01 00:00:01', '1');
INSERT INTO `admin` VALUES ('33', 'Pemberton2005', 'R8M662KM85Q6', '2KBZJPH5AM', '1970-02-02 00:00:01', '0');
INSERT INTO `admin` VALUES ('34', 'Donald991', '49Z5M85H0BBW537T4QXU9JBM54E5AJ0EII85PS993G2UU14NFJWW8R9FUXPD0C5I', 'FZ4S3', '1970-02-03 00:00:01', '1');
INSERT INTO `admin` VALUES ('35', 'Eddie1', '6EJ7LU7K290TSTOXM23XFG59LKN0BHP40F1G68NL718UBU6L2197Z193Y6H1O48A', 'H6ED', '1970-02-04 00:00:01', '0');
INSERT INTO `admin` VALUES ('36', 'Russell2009', '40D418BRAI74ZZ05942J', '15ZHE', '1970-02-05 00:00:01', '1');

-- ----------------------------
-- Table structure for admin_role_relation
-- ----------------------------
DROP TABLE IF EXISTS `admin_role_relation`;
CREATE TABLE `admin_role_relation` (
  `id` bigint NOT NULL AUTO_INCREMENT,
  `admin_id` bigint DEFAULT NULL,
  `role_id` bigint DEFAULT NULL,
  PRIMARY KEY (`id`),
  KEY `FK_Reference_111` (`admin_id`),
  KEY `FK_Reference_311` (`role_id`),
  CONSTRAINT `FK_Reference_111` FOREIGN KEY (`admin_id`) REFERENCES `admin` (`id`) ON DELETE RESTRICT ON UPDATE RESTRICT,
  CONSTRAINT `FK_Reference_311` FOREIGN KEY (`role_id`) REFERENCES `role` (`id`) ON DELETE RESTRICT ON UPDATE RESTRICT
) ENGINE=InnoDB AUTO_INCREMENT=37 DEFAULT CHARSET=utf8mb4 COLLATE=utf8mb4_general_ci;

-- ----------------------------
-- Records of admin_role_relation
-- ----------------------------
INSERT INTO `admin_role_relation` VALUES ('1', '1', '1');
INSERT INTO `admin_role_relation` VALUES ('2', '2', '2');
INSERT INTO `admin_role_relation` VALUES ('3', '3', '3');
INSERT INTO `admin_role_relation` VALUES ('4', '4', '4');
INSERT INTO `admin_role_relation` VALUES ('5', '5', '5');
INSERT INTO `admin_role_relation` VALUES ('6', '6', '6');
INSERT INTO `admin_role_relation` VALUES ('7', '7', '7');
INSERT INTO `admin_role_relation` VALUES ('8', '8', '8');
INSERT INTO `admin_role_relation` VALUES ('9', '9', '9');
INSERT INTO `admin_role_relation` VALUES ('10', '10', '10');
INSERT INTO `admin_role_relation` VALUES ('11', '11', '11');
INSERT INTO `admin_role_relation` VALUES ('12', '12', '12');
INSERT INTO `admin_role_relation` VALUES ('13', '13', '13');
INSERT INTO `admin_role_relation` VALUES ('14', '14', '14');
INSERT INTO `admin_role_relation` VALUES ('15', '15', '15');
INSERT INTO `admin_role_relation` VALUES ('16', '16', '16');
INSERT INTO `admin_role_relation` VALUES ('17', '17', '17');
INSERT INTO `admin_role_relation` VALUES ('18', '18', '18');
INSERT INTO `admin_role_relation` VALUES ('19', '19', '19');
INSERT INTO `admin_role_relation` VALUES ('20', '20', '20');
INSERT INTO `admin_role_relation` VALUES ('21', '21', '21');
INSERT INTO `admin_role_relation` VALUES ('22', '22', '22');
INSERT INTO `admin_role_relation` VALUES ('23', '23', '23');
INSERT INTO `admin_role_relation` VALUES ('24', '24', '24');
INSERT INTO `admin_role_relation` VALUES ('25', '25', '25');
INSERT INTO `admin_role_relation` VALUES ('26', '26', '26');
INSERT INTO `admin_role_relation` VALUES ('27', '27', '27');
INSERT INTO `admin_role_relation` VALUES ('28', '28', '28');
INSERT INTO `admin_role_relation` VALUES ('29', '29', '29');
INSERT INTO `admin_role_relation` VALUES ('30', '30', '30');
INSERT INTO `admin_role_relation` VALUES ('31', '31', '31');
INSERT INTO `admin_role_relation` VALUES ('32', '32', '32');
INSERT INTO `admin_role_relation` VALUES ('33', '33', '33');
INSERT INTO `admin_role_relation` VALUES ('34', '34', '34');
INSERT INTO `admin_role_relation` VALUES ('35', '35', '35');
INSERT INTO `admin_role_relation` VALUES ('36', '36', '36');

-- ----------------------------
-- Table structure for adress
-- ----------------------------
DROP TABLE IF EXISTS `adress`;
CREATE TABLE `adress` (
  `id` bigint NOT NULL AUTO_INCREMENT,
  `member_id` bigint DEFAULT NULL,
  `default_send_status` int DEFAULT NULL,
  `default_receive_status` int DEFAULT NULL,
  `detail_adress` varchar(3000) DEFAULT NULL,
  PRIMARY KEY (`id`),
  KEY `FK_Reference_62` (`member_id`),
  CONSTRAINT `FK_Reference_62` FOREIGN KEY (`member_id`) REFERENCES `member` (`id`) ON DELETE RESTRICT ON UPDATE RESTRICT
) ENGINE=InnoDB AUTO_INCREMENT=37 DEFAULT CHARSET=utf8mb4 COLLATE=utf8mb4_general_ci;

-- ----------------------------
-- Records of adress
-- ----------------------------
INSERT INTO `adress` VALUES ('1', '1', '0', '-2147483648', '2J92KMS356H');
INSERT INTO `adress` VALUES ('2', '2', '1', '-2147483647', 'R592937ZW1DUQK6WV4U1PVNW3051869NC0E6G0P782VR85PW4ZAXY0MM2WB6S2582G93381JF255N8256IL86RN7UQ7B08O02C0CEY99496HF3R8DTB03Q6Z0V225016DF5EH0K4DYJUA87C861QK16A70GX8UU173JB17E7722H9JLQO9859U3RYK3ZUTK27MF28FBT74I2HI87518955B1PTFXK8U80799QH2TNXZN2KH0B90342O333B8XO03IR54AJ7Y2XTD668JU402NP70H680EC9M5G9C53S6650D3B13WU8');
INSERT INTO `adress` VALUES ('3', '3', '0', '-2147483646', '98720N8DOXF4L67UC272082M3BCS6G27926P7132G9232P673LC5QP0I06CV5GMP10WY3135L8HR3H7W2S8PQ7X1W6PT5YHV85891OX40EX8K2M1WT1D3N4GWB727Q6A89HC8B4110AW51YUM7B7EILQ6V10J1D3KVZ227315X5IK9CQ254NEGOLVE6X6P65T5Q4DA442MOP07FR5RGBY03GG1J8R0TA6AKM8');
INSERT INTO `adress` VALUES ('4', '4', '1', '-2147483645', 'O96893A4V7ZZH6R71L');
INSERT INTO `adress` VALUES ('5', '5', '0', '-2147483644', '1C0Z6SPX55F1IS4F2DJ5O64NLK6DS3T3ZVN3378R02R4SX641L9M66FI30CR305Z4Q9D13CYY7N58EZ073NA8DAZA117YFM07IVB3W00EN98CER6924DRS0XS0FXS8M7454U3415E267YS2457D');
INSERT INTO `adress` VALUES ('6', '6', '1', '-2147483643', 'P72T695P');
INSERT INTO `adress` VALUES ('7', '7', '0', '-2147483642', '77Q4169H9J983DF348C55VG68WHL212Q0JNMQFU33Q');
INSERT INTO `adress` VALUES ('8', '8', '1', '-2147483641', '549JP336L9723902385I722C8OF04WP5A1FZS9JTS1799326044MG874YDVH593DLQO9I8HXAQ9GL21OLIT49HV28N4C3FKV9L0EYTXX7L21D8LP0A0093TI1VL50BKP0311I8R55FDNY0J02UQ5P7J8H');
INSERT INTO `adress` VALUES ('9', '9', '0', '-2147483640', '2YFP6B53V331A3K302NVMH0OX7IHLW1MNP03401670D9K9U8819O8TBB');
INSERT INTO `adress` VALUES ('10', '10', '1', '-2147483639', '7WH718TYE7LZH6K9X7DMZTL278CYP04EPN2B7953I1XCEO815LC0KLB8670W1YU14SFI62OI57OTV');
INSERT INTO `adress` VALUES ('11', '11', '0', '-2147483638', 'QDAMGU6CQT3QB374095U478H8LGL7287LE83LYBX71DX781XCGJ48KJAK62I3E1529EXW877R1186LY89172W218R519J386D2C');
INSERT INTO `adress` VALUES ('12', '12', '1', '-2147483637', '3S0HBP3GW4382M1B9VHVQ8197S7RGUVN5ULE5895N9QANY0T0Q052N5TP0468LSXZAD4K473ZA8987WR427WV8PPIXDS2L32KA2IDJ0OW4207U0V47BM97AR00699N531VR1FMV67F7D05HL0708AH562RC2H89Y9175DS8I0Z79W2NJ5R202HB3Z3RF1L881OJ78NG26SK32M94XXT29EELL0404KYBB3Q292K436WA71HF553MT39ZB48VM8RNSQR7R50EWS941ZGAC94WOE0CK1H246JVWXB2C387B66K9CJKYUCR4E3AT124V1UKSU2157XEP376350QF359Q0REG8F5880J834LDLU7');
INSERT INTO `adress` VALUES ('13', '13', '0', '-2147483636', '1N80OI65851G6ER3433KYR0J18F4154UOQV6U97QC9000R3T97QYKI486SRPB4ZI5J117UI0H5V8Q1AY0VI27Z3E1TVNJ0796W2KLPT02XMF7TN437ZR644GZGD9C275T9TQIVEM6UOO3M0O86380210EE04D7W52SMY42TPN28KO30QIP3H1B60VV5LYSM01RB');
INSERT INTO `adress` VALUES ('14', '14', '1', '-2147483635', 'L8CR');
INSERT INTO `adress` VALUES ('15', '15', '0', '-2147483634', 'MXTX170810G18NY17YR6LA0DI2TJRK35H229X45JLJ7SUUP5UPSC7D09F41WCNAV853MZ56S1S078U6NM4F7WOYP8MNPLUQ8647I59SJD8JJ4O6B6JY1P');
INSERT INTO `adress` VALUES ('16', '16', '1', '-2147483633', '1NR09KN023177X83NQP1WTEK2T8NP1N1NY2Y1KP3TQ6CFN4VAT702C');
INSERT INTO `adress` VALUES ('17', '17', '0', '-2147483632', '7VECZOW83TP2W4Y0S42GAFJ5EC6CJW17P542TT461E92PHLPP53Q1W6G64PA3S7J5DQBS99J7RV8MA9T38JMUINQ189W988CSIG33IW3I04J6VNGO5855V2Y222D9Q2W08E39113Z1O1WHJ4LU11A4G2CV3Y4NTU5T235Y0K');
INSERT INTO `adress` VALUES ('18', '18', '1', '-2147483631', '0L9TK0C389CLN18HFATC7Q756YXY6Q42QW1X06OD3DZFTY8P7S82CL152M2467OF48ZTYIEP5TF0GGI18ED1XC5F7W81DOZWZ0L0076HT3SBN019GIU14QV4D5840PK49IYSLNG57GGT2W0HIG887V34749UAUK421959V8MVXB0Y');
INSERT INTO `adress` VALUES ('19', '19', '0', '-2147483630', '9IZV8QXBH7NY8FB3T3XQ3C0V2R5M4CIGOL4EG00Q94ZPM18EN90X8NN099UDISJ1YW4J4YZDW8T1O5YTG6H7A0WF60IENU49964QO8I66PG9159DB9832H4877755C09TJKK09Q87ZEAI4Z5B79F0W9Z4B621U3ALU58WL5MCAM83NQZZ3');
INSERT INTO `adress` VALUES ('20', '20', '1', '-2147483629', '21R9470HS28AJT91DBB320JXRUWUP16A4HK3Y5T5O0832DI13RJFKA8L421QWC20Z4159PFUV5YNSHK04B5YD9E9V984J4IOUEE2E3Z7PON7RSU9B397GG2P0N01Y0IS0204EVCPDEJ8A5NMM9VC9');
INSERT INTO `adress` VALUES ('21', '21', '0', '-2147483628', 'VX64Q1Q863Y7W8H53BU189K85F24G61J2DI46LWF6W001KM3Y');
INSERT INTO `adress` VALUES ('22', '22', '1', '-2147483627', 'CF');
INSERT INTO `adress` VALUES ('23', '23', '0', '-2147483626', '4DV95QVZW0GUB652P74U70214F9B9VKHH088G0D0YR9E074M2LAG1S91J4N0WDKI2M6A71VS7TQ7J58IS0M88');
INSERT INTO `adress` VALUES ('24', '24', '1', '-2147483625', 'E6C8KWU964Q3490K54JY3O9MJZXK7E4HR76TEOXG2HV3E3RL6N9Z94OLSAF88K9I4E404X4ELFDFORLE1MM744NJ329869HMEFB70LQ7IP1N96B536YK707Z1KH36FHGO7NK511M78S3T71QA6W');
INSERT INTO `adress` VALUES ('25', '25', '0', '-2147483624', 'GP33MT13M900N865V2310S93LY1VDJ1XE31G75QC4VSPVSXB66R69BXVC06833T9R82SI74041842V352MDXG0Q0427618I3GWQ0GHT8084NHD5450P07J95AY36YPU0HN6FBI3K1MWU317C46NCZ06M6GG20839S8R7158M1G1GEOFR0V84882K91H788G5WDI967J3096060D7961E09O3BQB80C09PI4YDJ7C5J4039T7WJM6QJF698XEE94ZFD2U25N668OI9D7R177090X4CUS963GD31577980B86H6428ZQG3XZL4GAADE4XUIJ510KD6H40E18P01P6C7AT7272JU6Q90BDXA0ZN2N37VP50A8Q55LNO79V4I9FAZ34JVJ7L996UP69ZMG64Z6Z37Q8P266CC0OMF1CZ3G74DIWC7E');
INSERT INTO `adress` VALUES ('26', '26', '1', '-2147483623', '6V3O9581RF0I014EI3FVNW5627R30010SDO45A7L1N76M6SW4F1BH612A6YGCT2TIYDYEH9KO9IP3543TKJXT224DE8VJA7U31D2T564P54KBEB8OQDUP2T30UO4425D81QY7H3YSSSFXFPF78084498NZFYV87S593AM779UMVF42B9F3918BM6719G2X2NS');
INSERT INTO `adress` VALUES ('27', '27', '0', '-2147483622', '57S6B439GRTOI833OYR31TBO5760E0VWRWQ837M8P2VW620U0C7EKMF86MHW04855Y274S2U3HRPC2DG5008P3181Y5M4X928TBVZ5R760');
INSERT INTO `adress` VALUES ('28', '28', '1', '-2147483621', 'QX17BS7W2RBCZK8E14P1XR0G4H893UQ22ATQED27A1256JLBDVA9R758XIP2809CRQ7XYBF024');
INSERT INTO `adress` VALUES ('29', '29', '0', '-2147483620', '0KUZBX5C4XWCN3H2RBQG95N4977U21203F5KISTT1JK97ZFX17F8JA86CUA52XN0S2FHF9TNQ39S6Q3005I1CUG80V320W8SN4H3O34N2H136GEJ9347Y74067817E1GZ4Z50DJ677339UI65XG1O4R9WZ0X43EN8JU88565NBD84');
INSERT INTO `adress` VALUES ('30', '30', '1', '-2147483619', 'XYU0X38TEI098N9RL8G4J26XQ91O43988046C6K');
INSERT INTO `adress` VALUES ('31', '31', '0', '-2147483618', '03PJ2VR35A90878QS768CPD52MA902EE2XQ3GR81811IAR7A54B5EOV52043Y4Q179Q2FR8T4374Z4R61535A7P903H9DH5O6259E0OU1OBU7WHOPV4CB19I48M40153SJ9M860WC6MX879D0IH4KFN3HA0398I1ILRRO7R8Z9C0I11A1Z31JU7C4PFEP16594XW071UR84P19BG7P4C77GWR1IP20LT694L69J1433A3E3ND00F9574P4OHBT4MOH5KX0407W9RQG2L17IHKV96D9DRDY9U97RC6J2X7850ZMU7N6Y2IYB3WZ38SZY7T696X9FAGR1O176RQU4Y3P4I4OM0CH4R5CW270R7TG80XP4UPZ1P6WJDD878Z9WG7I5X7182S0I6O1XL5J18C2D4B9H4A4OD4SRB64Q1RSD681A9HBHNPYMM25F2B73K64VYA');
INSERT INTO `adress` VALUES ('32', '32', '1', '-2147483617', '8H1V2T905WZ0W9ZPA523BFERK5NZ75LY27X1X8PS6Q8270904JNCY');
INSERT INTO `adress` VALUES ('33', '33', '0', '-2147483616', '70XTSRC7AM2NEB9YY2N4T5SZ4G0JKW88UG0WB5GZU54J36MJW786FS59674NTH5514TUNT6N7U0J6922886YU65582327R2TX19ABV2H30BO6H92M15S2G4YGGLZ7ZNHX0NIE77776140Y6U29S79JF3230MJU967RDYB3P4GE2373');
INSERT INTO `adress` VALUES ('34', '34', '1', '-2147483615', '859DR3Z3X3OZ042CBL0ZKE0XT3X4Z1X76N8V01K0X22260F7N1F1V64SX39CJ256XMBO7K0L11AO6Y4891507231FC1Y7O320D7P6U70H9L826GMXA69B3K175DRCP71Q');
INSERT INTO `adress` VALUES ('35', '35', '0', '-2147483614', 'YA7J66QZ5246LT');
INSERT INTO `adress` VALUES ('36', '36', '1', '-2147483613', 'KK166NMNHR3M4FOR2925SF9ECZ9W116QD8ZR1LP8P7N9K6ECQ7457Q02N737X29VZQ0N932NCE3I');

-- ----------------------------
-- Table structure for album
-- ----------------------------
DROP TABLE IF EXISTS `album`;
CREATE TABLE `album` (
  `id` bigint NOT NULL AUTO_INCREMENT,
  `name` varchar(200) DEFAULT NULL,
  `icon` varchar(1000) DEFAULT NULL,
  `image_count` int DEFAULT NULL,
  `sort` int DEFAULT NULL,
  `description` varchar(500) DEFAULT NULL,
  PRIMARY KEY (`id`)
) ENGINE=InnoDB AUTO_INCREMENT=37 DEFAULT CHARSET=utf8mb4 COLLATE=utf8mb4_general_ci;

-- ----------------------------
-- Records of album
-- ----------------------------
INSERT INTO `album` VALUES ('1', 'Grigsby1995', 'VD254A6G2Q12L04R1F3QBGKW9W08S1ODJFV3VQQ8UYBON1ZHVYH2OCV067A0RL28BC8IE36SF9JK05BX3O1UYDNYCJRPJBGO707', '-2147483648', '-2147483648', 'Eos repellendus deleniti quasi illum praesentium omnis quae blanditiis. Vitae ut deserunt eos magnam sed animi facilis at.');
INSERT INTO `album` VALUES ('2', 'Nutt1958', '0YCVYY4TF3STL43C13K1J66IPPAMO8B0A277DIJL6R163WI0WO2X5T261349MJ0BUG6F9655Z1DX8U30975QO0G3MB9A85603E979KGCK420224Q56LW2FYG8PN06B7502OJY6L0DCF174R3X33M212QTECP4N7I3LE0945S82Q5M7T4WP8J2MGDRGUC66MS4KD404AEAH886KQ8602967RVDK935747WY71PPSF93R86FGH5PRW5X54375M574N6O1R1M41B58K5M649640FK70JW4W9507MN2H217CBJ96YGS5E7COQ7JLMF', '-2147483647', '-2147483647', 'Delectus et dolore dicta maxime eaque optio velit cumque. Aliquam placeat a et consequatur non est nulla nesciunt. Reprehenderit assumenda qui aliquid dolor dolores aut tenetur consectetur.');
INSERT INTO `album` VALUES ('3', 'Linwood449', 'P86E4703X1060107F8FG21E3O35FI2802', '-2147483646', '-2147483646', 'Accusantium eos nisi iure vel cupiditate voluptatem non atque. Consequatur ab expedita cumque ut cum amet quo nihil. Aut quis omnis sunt fuga omnis nobis illo et.');
INSERT INTO `album` VALUES ('4', 'Fairley1950', '967P0KX1PNC8N3PF2HU15AP0FNSBE503975T204W0P194JN8L7DN7H3F6FP6F0KWXV4UY03NL8NWCW306XS589B4VEKF', '-2147483645', '-2147483645', 'Eos labore illum id molestiae qui reiciendis magni quia. Dicta sunt cum adipisci et est error maiores excepturi; nulla odit fugiat possimus similique facere ipsam dolor soluta.');
INSERT INTO `album` VALUES ('5', 'Lela845', 'FYLD87GBQ54Y1PREX5UIPKU73I6DJGN6430Q1F1X3WO4PPG9TG5F8N35Z7Z50R64H0TCP2AERQ768R84LC2OF6LSO3070S93OYY30O7ER90G305SH73V840Z3DAOR3IE628AWUPR1RL11G77', '-2147483644', '-2147483644', 'Rerum debitis voluptate odio inventore dolores voluptatibus. Molestiae rem dolorem doloribus quia fugit porro adipisci facere! Id aut totam et. Sit rerum reprehenderit vitae alias inventore. Soluta voluptatem laboriosam. Et excepturi in voluptates quae unde; placeat natus accusantium veniam quos? Quae quidem ex. Ipsa assumenda aliquam. Illo aspernatur officia ipsum vel et eveniet corporis.');
INSERT INTO `album` VALUES ('6', 'Roseanna2008', 'J7TC2XV5T04I6D2BN4H163TG85P0UR02U3JX5OD5CN7A1647U7428W4BPV861H4776148B5VS2C51PTM500SM1OBAQAM02YOUI003T29', '-2147483643', '-2147483643', 'Labore reiciendis accusantium. Quaerat fugiat et non inventore et asperiores officiis; ullam voluptatem odit. Voluptatem voluptatibus debitis iure autem quo aut et. Aut accusantium harum accusantium enim quia? Aspernatur accusantium dolor itaque quo nemo sed perferendis iste! Aut rerum est? Quo ad architecto excepturi pariatur delectus vel et sit.');
INSERT INTO `album` VALUES ('7', 'Lumpkin1969', '2OL178281E92M92ULVWIEFE816QD6L4G2H0E664610HJ3F4O05X1F64433KLO0CZSSXU3XVXJCG0WKACVLHT5R8UCD49ADS8MJ3N9431VSQL2C0SOSK37MHFOV6A5G0II0H7P1QTYT6994DOTGFR13D74E82URZRGC47E6P3123U30ETJ3M72HXR98H00S7S6JO2C4ML1H8318CVQI90987P2F4M89PDZZ46ERR5B65F24DQ20L9ON3M24BWD6K5C7W73', '-2147483642', '-2147483642', 'Magni libero amet reprehenderit eligendi. Vel quo tenetur velit voluptas adipisci asperiores quia impedit. Blanditiis deserunt animi consequatur. Fuga voluptatem suscipit? At neque temporibus voluptatibus nostrum odit exercitationem minima ab; tempore quo iste aut minus voluptas iusto optio? Est possimus ullam earum; vero ipsam nobis. Qui sit et. Et repellendus voluptas.');
INSERT INTO `album` VALUES ('8', 'Elmer3', '915MTO61IB2X4RZKB1322906U139', '-2147483641', '-2147483641', 'Quis nihil voluptatem sint ut autem neque quaerat. Inventore numquam cumque adipisci ad. Rerum quibusdam placeat aliquid quod blanditiis ut. Tempora quod voluptatem et est qui tempora reiciendis voluptas. Maiores ratione iste corporis suscipit temporibus quas dolores aut! Iste fuga facilis consequatur ullam non sint sit eligendi...');
INSERT INTO `album` VALUES ('9', 'Nowak518', '60W1YULA766647215R7OCAHMA4Y8MC6S39C8974321P40LE7GVJYZNXWQ42H88902WZXJ0I2496K19H216A77ZL9MX7R868T6OGK98', '-2147483640', '-2147483640', 'Assumenda ad laudantium necessitatibus dolores corporis quis magni fugit; ut quod provident rerum error laboriosam tempore sunt est; accusamus sed eum impedit repudiandae non id quibusdam natus.');
INSERT INTO `album` VALUES ('10', 'Westfall64', 'SJDA53DWOU4779WY556XKL1GU1AI71E008253MAA21S6T19C42019EU265WK7X7996C588B2Y4J98D09U067OM5SV5D5ZP9659ZKQU30X5PP3KDVCIS0UPP036Q70O6SO919T41EP7J2B54J156HX6NHZ6VR4YFDU783412I6A42HGEH4W4CS5H90XIP79CW65C8PBHZ2IRI6L3810BM01B672T6940B81IKWF949T66HE3I2PYEKTOB90HEA8', '-2147483639', '-2147483639', 'Repellat sequi est debitis eum. In eum eveniet laborum. Aut modi magnam quidem voluptas saepe ea assumenda. At magnam qui voluptas ad quia rerum eos. Ad sunt quam ad dolor voluptatem. Ipsam ex cum doloribus? Est harum numquam rem debitis eligendi nisi praesentium at.');
INSERT INTO `album` VALUES ('11', 'Dean722', 'ARGW3T5THR7OZ9I86TPVMLA3E59M1RQ98ZM3SKY3Z45V5X7R82C002MIFE61429C5599NE9CO3OL471884423ZU5CXCWN9B5MQ00JG77PT54NHN39BE49Z0MADX8EAC9G7P7DN8VD6LVWNB94IKXW7G45436Q80112DW455D880OL1J2J13P7T41H5AQ9QAL72X5KF77IQ0G2G7896072KA371XSJ81D32TU99RNG3A73V851BQR2CLWHRFWF9K09C5VF8DM4240EB78M7G99O995AENKW7ZN7FGXEH3RL3LRS683ML11QGY7J09VF5H2XW4YZTXV419SL5B0MWL5Q6A370V54OFX1VRP', '-2147483638', '-2147483638', 'Accusantium repellendus consequatur voluptate impedit ad quisquam et ab. Inventore laudantium ut officia voluptates omnis quaerat in odit. Accusantium aspernatur est quo sit nostrum laborum nihil totam!');
INSERT INTO `album` VALUES ('12', 'Evangelina2028', 'F52I86596PH4SM455PQF09G11775QBAG5MZ573596Q5P89UZIPA8BPX8DHC9ZH643I5A104EDL70IW91K4V6G7725X31GWM2FF10ML18SU787S93563G22UD3UNG1WIML332D23V38Z9I03KG2FF613TL59R447IP6KC', '-2147483637', '-2147483637', 'Commodi aut et in exercitationem id voluptate nesciunt beatae. Assumenda veniam culpa repudiandae est in quod omnis tempore. Aut ut repellat assumenda et veniam et quod corrupti; est sed et aut laborum qui consectetur qui rerum.');
INSERT INTO `album` VALUES ('13', 'Cruz2000', 'CLHMSOX8EU5J9TKJ389MAPYZWH02G7X7815D965C45F8OW7WK70448G526828JE89Z192438AW680T8W3R1H9', '-2147483636', '-2147483636', 'Illum necessitatibus et. Eveniet ipsam ullam et iusto. Quis aut obcaecati dicta consequatur; numquam dicta ut molestiae reprehenderit nisi facilis voluptates. Nobis non corporis commodi et. Voluptas ipsam rerum ut iste? Expedita quidem quo cum enim quaerat atque. Aspernatur perferendis aut voluptas ex? Corrupti doloribus impedit ipsa quasi recusandae vel!');
INSERT INTO `album` VALUES ('14', 'Garret1950', '95O38J8RC7TH5163NK31382CR59PW39439YZZ921635H9JI0RN87P', '-2147483635', '-2147483635', 'Cumque natus expedita et qui porro autem eligendi ut. Eum sunt omnis dolor qui accusamus. Illum accusantium quia doloremque. Qui ut distinctio sit in; est cupiditate porro nobis minima ut dolorum amet et? Quis illum aut ipsa facere unde voluptatum aut delectus. Itaque pariatur aut beatae expedita. Harum excepturi voluptas quia qui molestias fugiat maxime fugiat!');
INSERT INTO `album` VALUES ('15', 'Ella83', '06Q7D39NGA7R2YNE89U2', '-2147483634', '-2147483634', 'Deleniti quia quidem quis vel harum facilis nihil ipsum. Corporis sint quaerat vel ab itaque quia praesentium ut!');
INSERT INTO `album` VALUES ('16', 'Forrest32', 'LET7AN0856BV4ZM4174Q9248K7F55TLQ19Q280LIL7SJ917L6WTH2Z6356B2VAJE248815', '-2147483633', '-2147483633', 'Qui modi consequatur qui et ad perferendis error. Quia consequuntur possimus inventore nam in quia! Perferendis impedit voluptates excepturi voluptatem sed blanditiis. Et culpa aut molestiae; consequatur adipisci inventore soluta error recusandae incidunt eos fugiat. Optio itaque minus laudantium nisi exercitationem voluptatibus eos accusantium.');
INSERT INTO `album` VALUES ('17', 'Ingram484', '6K4YM0ZOWT8XZ66S9IPD3RED3IRR34PV10YO846J8Q9JD000S0N8Y2586NUNM715OWSC62334W73581BX3EJF2UVK63800X33YHR44IV2CCW45MA3PIAD7RZHNE150HMUXA5YPD18X', '-2147483632', '-2147483632', 'Velit earum deleniti sit. Expedita ducimus ipsa molestiae? Eum voluptatem facere excepturi autem temporibus amet fugiat sint. Ratione quod eum odit ea nesciunt enim aut obcaecati. Placeat temporibus enim eos laborum porro culpa commodi velit. Deleniti enim et iusto ratione exercitationem incidunt magnam sequi...');
INSERT INTO `album` VALUES ('18', 'Rodger653', '6B4W1VF24JIXMJ1P151C7P4T05IPCT10415096G2P281279K8E18D5LVWBMH6I7U7759I1732PH832J3RBIHONMN3US610', '-2147483631', '-2147483631', 'Illo magnam rerum consequatur voluptatibus consectetur et odit sit. Earum consectetur et nesciunt sit in debitis perspiciatis cumque. Voluptatum explicabo et soluta alias aperiam placeat quisquam magnam? Amet vero dolor quis ut atque tenetur consequatur quia.');
INSERT INTO `album` VALUES ('19', 'Brand384', '74Q', '-2147483630', '-2147483630', 'Esse aliquam sed velit quod est possimus quo neque. Nostrum omnis et autem consequatur ut quae reiciendis tempore. Ipsa eius et sed neque dolorem sapiente recusandae eos!');
INSERT INTO `album` VALUES ('20', 'Mitzie5', 'FC696WOK1DI44K29516A7L0YE13XA4U44DZ5D1598PN1NIS9DM4T1K2UA63P44K87S94FZBG15F0C4T30KF0F2', '-2147483629', '-2147483629', 'Fugiat sint facere quis qui culpa quo vel est. Est quidem numquam doloribus quis quia sit ut cum! Blanditiis ducimus incidunt quasi omnis eius voluptatem animi laborum. Ut quam nemo voluptatem itaque vel culpa tenetur vero.');
INSERT INTO `album` VALUES ('21', 'Pauley2021', 'FJTW6339QX60C7YP2R8L5584KO7H013SCD7XDDQ63BKTF710A905BDO45HKO7UH443NO414T82PP5ED46B3OFQ990HNU19UW0EC2AP241JJ471M2EEEJS5435O5D53071V8F936W36ZL98G680NB0YO311A80D982S50786Q6I4V2PKYU6139CC65I2VV29Q3V56506J5TXE7K2XT6686OOT90VEUJE965A05K950T5XKLYQ489I0401OMUA78COG69IFS3IKE9QXBOX455NDJH89W926TYPOI5Q51VDG977G7R69UU888IS4N0755Y0JKXB763H4QF7BUDKW2T9XZB47VSZ3OL9K43I97OS97X04', '-2147483628', '-2147483628', 'Dolorem velit aperiam delectus voluptatibus laudantium ipsum totam dignissimos.');
INSERT INTO `album` VALUES ('22', 'Kayleigh3', 'R00IADGOUB491', '-2147483627', '-2147483627', 'Obcaecati nostrum est debitis ab sit dolor ipsum possimus. Id odit sequi quas eum sequi eveniet alias magni.');
INSERT INTO `album` VALUES ('23', 'Witt1966', '939RUT06WE995C7C5D463L2XNK534J4C1MB71A5Y0142S8689ZME8V8G0Z6UCN42X0FJ9P1YL4BWOK4W16E7I9LW4D3O4M79161R3XL4G8WE6P96LGJ0JF888J01V82W31VP2B94KL059Z5S83JVZT17WXP7QV5ILYLUM8J4XIR0G7Z7I251MYO9GXX49LHM2H0YRCW643T7P844499BL6Z3299DQ75115MLBSV1VMB3234Y5C1JVZ1L8544MV0D0F9P817ZT7', '-2147483626', '-2147483626', 'Necessitatibus omnis voluptate consequuntur dolorem asperiores non consequatur enim.');
INSERT INTO `album` VALUES ('24', 'Caroll471', '55PJDIIX33A7Z2M03IL7R3O835EP4302FOLMTL7AGYU285BHDLQP5RY5LR74ET5U69D16N78Z6LDW4P5EF4NSL59E9N42AAJ2Q0Z6MO9LSN290HZD0Q6C82H557I8YY6SUWW952GVP6F7765GLI87J5LS38M1UX81W0H9LZP7L40932998W47R67T3D2Q47OG5DDO2TEZ87Z8', '-2147483625', '-2147483625', 'Amet fuga omnis consectetur illo quibusdam delectus enim sed. Quas aut consequatur alias magnam id perferendis laboriosam ut; ab sint quod quia libero molestiae maxime asperiores rerum; ex eveniet quidem est voluptas perspiciatis natus earum ut. Totam aliquid doloremque sed aspernatur suscipit iure dolores totam.');
INSERT INTO `album` VALUES ('25', 'Schreiber5', '9KP03JX330HK66TGBKU4N1K4G47G45NKIV12UDT5ET3GA4Q0U7KW5IGWD4G8N', '-2147483624', '-2147483624', 'Non eligendi culpa quae nihil dolores sed qui maiores. Natus ut sed quis quibusdam aliquid qui libero et.');
INSERT INTO `album` VALUES ('26', 'Tami98', 'TX78GHS5MM5727M3D2A6QMX21ZRSQH8ZR9IG9EV1BX2G', '-2147483623', '-2147483623', 'Et soluta ut sed non voluptate iusto voluptates voluptatibus. Atque commodi eveniet nam quam? Et officia nam dolor illo ab sunt! Earum expedita ipsum aut? Obcaecati quia sint. Qui deleniti maxime non ut iure quae cupiditate. Dolorum quasi tempora quod voluptatem est. Animi consectetur et accusamus eius cupiditate fugit expedita.');
INSERT INTO `album` VALUES ('27', 'Rick2003', '7Y85LF33JV0NH686YMPD603PZ352Q', '-2147483622', '-2147483622', 'Sed unde rem distinctio dolorem non sapiente ullam dicta. Voluptatem dolorem exercitationem consectetur et numquam fugit vitae est. Architecto et nam officiis adipisci ut et sit repudiandae; perspiciatis amet vero vel blanditiis suscipit odio quo eveniet; vel exercitationem quos quam voluptas minima assumenda dolorum ut...');
INSERT INTO `album` VALUES ('28', 'Gilman8', '8Q5ON0IHZB2YESAF6KS3I7O66V5SZ8R650440X', '-2147483621', '-2147483621', 'Illo consequatur praesentium ad quisquam beatae cum eum expedita. Voluptates modi totam voluptates beatae nostrum velit possimus cum; sequi esse facere accusamus adipisci excepturi ut praesentium repellat. Accusantium necessitatibus facere aut iste quis veniam ea earum.');
INSERT INTO `album` VALUES ('29', 'Bagwell1', '1658D568YJC7H9RE43Z5X3X14Y65LH3235RH0FW14XY82B8ZNT1G549O08Y2R418051NPCC2N9LB2216M89RVSWN60IL4G77LQ0W0Q7SG90AI03HGZBH5S6L04663089PKHQ8J8VLO2M499E9004KBL1Y11A2R1O503J302SIWWC8393560RBQPUWO86PF0O3C0JD1G8O93RYG2929RSP8U0Z73Z8MLE0L6ME6E85409R466OO9VZYX1H0DBLHL2V670', '-2147483620', '-2147483620', 'Vitae ducimus dolore mollitia debitis ratione beatae iusto et.');
INSERT INTO `album` VALUES ('30', 'Dougherty3', 'M64ZLM71NC42IKR3GTZ60895IFGXO9B51H11CI9EEHZ29V3I499UUGL4J2ZNI72U0EX28BVSA10QBX622J9O2F4L1HU4AE486B51941MKI296SAA62893999YM1D9639S88X9GF7988GB8I0HI588NYWX8HZ240720EZ4776805GOZH13RSW1558418935FJSK3DF6G9W49EV4YZRI99NPN6SQT28I78Z02OK255X0B4W86H61GN72545852Y08B1UK9206O2ZBBC0IK76R8A8DDB2476V8I96KK24A7RJ9ZCC5NSE7LTB9MV010XH3RX7FH2M0', '-2147483619', '-2147483619', 'Sed sit consequuntur veritatis dolor ut non ea voluptatem. Et dolorum nulla quis aliquam quos et hic ut.');
INSERT INTO `album` VALUES ('31', 'Aponte2007', 'ND5KQID837839ZQ5463298PZ48D0865QPMHVY2BIRJ4K4Q2CT67O2A9A5X6FM5CF1JPF79SUFJ47VU', '-2147483618', '-2147483618', 'Animi nulla velit voluptate a architecto. Itaque eligendi rerum; qui beatae aut ea cum et vel error quaerat. A neque et soluta quo necessitatibus sed dolorem quo. Tenetur aperiam possimus consequuntur sequi non ex qui praesentium! In fuga at quis consequatur adipisci facilis magnam ea.');
INSERT INTO `album` VALUES ('32', 'Rudd1985', 'SBG7558H2N5478VFYE59K792L0H9Q9955X674DJ80NBMO6975NVOAUO2ATW1K8FFS269GN693DDE626500J2Z6069U65AVRC93E8C59EEU18JA3CJ1X5NY2UY709434VR8W0ZJ3EUSK0A6961XDZKG0T610II8H4F8482A00E901419GE834', '-2147483617', '-2147483617', 'Animi iure delectus fugit recusandae quas ducimus laborum voluptatem.');
INSERT INTO `album` VALUES ('33', 'Quinn2024', '5465GNQ5GWCJU6I6G3P3550E1GL1ORIAASZA4F8R5TY2URFEV5Q12E3P545A98ZP0QI04605T1HT4SCZ4O15HHHK44M998V296D0L1C7173E5N688L2PUAR254CHAHD29C46UP0YJ9N96K01MMP', '-2147483616', '-2147483616', 'Neque porro quis repudiandae et minus quia. A ut modi quam unde similique rem ut doloribus. Voluptatem tempore minima fugiat suscipit est sit. Qui laudantium temporibus rerum voluptatem consequatur eum consequatur. Officia illum omnis voluptatem est atque incidunt. Voluptas voluptatum quo aut animi eveniet ullam. Debitis at eos! Quas molestiae et. Aliquam voluptatem ratione.');
INSERT INTO `album` VALUES ('34', 'Talbert1992', 'BLA7C6U48KMC7SIQ50938Y3QGP207ALK8DYOIUG2LN3D00Z4790BQ4773U6RD754HSB9BH7RZK192XTR64T78XLO7V0901J8MWP4CVRY67RCRZ5Q7CIE4424O', '-2147483615', '-2147483615', 'Tenetur veritatis sed laudantium cumque fugiat dignissimos sunt similique. Dolorem autem praesentium ut illo hic nihil non incidunt? Culpa quasi id consequuntur minus eligendi a qui deleniti! Quis et facere aliquam dolore qui accusamus qui reiciendis.');
INSERT INTO `album` VALUES ('35', 'Keneth1977', '0UF301X30OO6UP59E3PN999G38RC9D9084046QS267P2OP2Q098DV1NZZ6J3BGGGD07M822H0R8G0', '-2147483614', '-2147483614', 'Et est corporis. In quae suscipit corrupti expedita placeat quia. Et sed rem sit accusamus eligendi obcaecati voluptatem inventore? Mollitia voluptas reprehenderit delectus consequatur qui. Tempora distinctio cupiditate? Debitis quis dolor a consequatur assumenda aut. Rerum enim iusto est et; eos culpa id distinctio nesciunt perspiciatis similique sunt iure.');
INSERT INTO `album` VALUES ('36', 'Inell984', '894W6J551398817467965R64O30IGEZW9736I1JSVO7NZVY9E62IY88Y08YU21LU33CV425Y4V7HC3QXQ3P34', '-2147483613', '-2147483613', 'Est adipisci placeat nobis quia eveniet ut ea quidem. Natus impedit illo ut nesciunt ex et distinctio sint.');

-- ----------------------------
-- Table structure for album_image
-- ----------------------------
DROP TABLE IF EXISTS `album_image`;
CREATE TABLE `album_image` (
  `id` bigint NOT NULL AUTO_INCREMENT,
  `album_id` bigint DEFAULT NULL,
  `image` varchar(1000) DEFAULT NULL,
  PRIMARY KEY (`id`),
  KEY `FK_Reference_18` (`album_id`),
  CONSTRAINT `FK_Reference_18` FOREIGN KEY (`album_id`) REFERENCES `album` (`id`) ON DELETE RESTRICT ON UPDATE RESTRICT
) ENGINE=InnoDB AUTO_INCREMENT=37 DEFAULT CHARSET=utf8mb4 COLLATE=utf8mb4_general_ci;

-- ----------------------------
-- Records of album_image
-- ----------------------------
INSERT INTO `album_image` VALUES ('1', '1', 'ZY1VEP45H2V56O5IO2MVL17IFNL818D7XJQ7OS98K2A4VIUG54RTAUG62PO0QM70246X42562URY4Q942');
INSERT INTO `album_image` VALUES ('2', '2', 'HDFIU7MEBXOZD4ZNX1YU8G2M2QFZ565878QR91N5EP22K781KK97DX2ZE137KC2O9MSV84BJ953G9T798O62U4ZO0BOC33GY63SZ4PS135GM0KZD3NX7AUX99L93M44A2WIT8L882Z646NM1P70F9M1N7VGRNE7XOKXPL9I0A5V9MNCER446ZI5683OLSD7A1IP960SZ8NKO2296E937HR3164161Q0L69O156HBBUOQ8122H03Z9QK');
INSERT INTO `album_image` VALUES ('3', '3', '82R2WUO78C58D8WZW593WC6VLC8R2S8S5964SDUPGD0E50VL0A73U9843V5KMEH38QEKI465KVB72446767F842P7425D109G3537401E5C2I398B943946Y7NNNGBS51E6VJ6QQ9FC98D3VVMOIO7166L749PI0WZF02K92XK4M68P6HXX6R0YJ5OLTRIE4W871T56S9N07MFGZF72PUR2AWJJ5DT2MQM5ZVFU92VWG81H6VEV5RA9R8AU0TQC8V6C13Y5Y3GD0239HN9Z21ZRC57W436V');
INSERT INTO `album_image` VALUES ('4', '4', 'K797FBA7070J64IU6OMLGKE0738Y4TBAYUP221D8R2O0V57JJ14UTR7I7Y08YIRM3XU763E2AA45R80301O3E63R0913H72W4O72HS30HZBQ3M70O61F9WCD8S9K29350F77IR845X3F42N6PG3G7K5Y188490P756823W9HZQNOX4U8');
INSERT INTO `album_image` VALUES ('5', '5', 'GA4W65L268460OKE08M1OH4094TD104FT82E94I40XCMJQR121YB100KGZ145LKY04853O135Y2KK3REIQ1U2FS9KNSMM77Z6PO7L5R9C04Z892DV15P9TLS262C1V74968YG3J1214C20Y8930P5923PDNX1LJV4B2075UVR8VS97VLX4JXVK29J7KLHZ656KGW0N871G637KR3JRMF1JBO54TQ1R0C9K9GMK9843DE7956I5691156DN567XNCB');
INSERT INTO `album_image` VALUES ('6', '6', 'Y9IHJ41ALY146TB48T16S2J348PRVIN031G456C7LIUVZ79PXB2JRL7W39177NDFM6BWJ9FV0GMF1IHSA7QWF1B8C3HE7K610EP0Q9U41881F7RH9F45ZR9BI588I97696VU72FR43X2YQVY0AJ1OB5NT3H9K4DQ80E6RLZK6X9ZXFP6WRY9SV7U2L');
INSERT INTO `album_image` VALUES ('7', '7', '2359079C1CA65118691IQOTV3POFM7647R6Y008JZ515SN47AI0BFN1U331I437E42SRY09WO0B74PC2951JLR677J0VPKA0F61479F2HVQG88536865X81O7PL35N3Q428L79ZTYZRK95698X1H4BX87OAQP7X92VNB1MIPZ2480863R8SI8EJF45LH922000824ZG29GXP60021LEWHX31Q172C4MMMM44JZE1V622ZL3Y395NI216AL2W4O3ZD5983UV725B82FJ14T54Z19IW0P6C5K08G9UQ29N3F1D140612MCW258KL57Z5U9OR5O9317P6CH684AW52FM2Z0AK19X7ZLLG2O34G0TUB393B7KZ2I4HSZ6W5900KX41K10O8L36737UX86ZYPMR0BYODSSZUND841HF6RZ2VRP9CZZ4312XOZ01F12J0Q19MAS1H2WOYK46DBLKA');
INSERT INTO `album_image` VALUES ('8', '8', '98JVWNWO1125WN0IU350PTFKY4T2T3BPJ83F6DA795UT67083E6GEP6M09FS9L6OAP10V45839ME6Z1J6H902O0C88VS9M25OD59X21DGG5I5K6X0W');
INSERT INTO `album_image` VALUES ('9', '9', '019MV8E8T53A59V');
INSERT INTO `album_image` VALUES ('10', '10', '1FA2554');
INSERT INTO `album_image` VALUES ('11', '11', '1573F35V8106QLBE358E1B12');
INSERT INTO `album_image` VALUES ('12', '12', '9XRA28E2356SR2AOWG77831W4HYGK4GD81ICAHEO63B44B1O9D5T63');
INSERT INTO `album_image` VALUES ('13', '13', 'W7');
INSERT INTO `album_image` VALUES ('14', '14', '3F8J1CXC3QF7B4GH');
INSERT INTO `album_image` VALUES ('15', '15', 'FM777M07CT853874S0V899B1PM7Z2D81JM4G5SJD4O9489I6ZR63ZJT47PBY5DF60H3F');
INSERT INTO `album_image` VALUES ('16', '16', 'P92010BMB8DX53F6SLE5BBDGBNLUPZPF9ZA9P06QCZZM86RP744M26TDN44VZSKQT1UP5X1L5RC0PI5Z54WU260J8Q7SZB1PC7888M');
INSERT INTO `album_image` VALUES ('17', '17', '537XZKHJUQN61S6U');
INSERT INTO `album_image` VALUES ('18', '18', '12XL985IF734X7FPK03HE7J208Y508987OK43Z8X6UT3RT2EVQ3B2DV871J0E4Q4YFUFVWEK949SBJ8IK6K7M7O5910331PN14MEU6W1K8BSK7U1GT7F6P2U5G2MD9GLB910G83E7YV08JA75EN36VYLQ0Q3QB8LPU4L4R963V821G7621WR90N40L9724I49D3097O49840YQR19804LUOAJRYRNY93CS68BO72JJ9H9203637R041G79L809KF6RZ942212KGAMR67EV5J6G21X2T8Z0A9Q2QO6Y50B9X582K2V88SL4KL4');
INSERT INTO `album_image` VALUES ('19', '19', 'VZQL6Z91VPH4SRP1N3Q73043091X99G62L0634UU7XXM2965107APU936Z8M1864GOJ7EE7GQ37M40T62V581M37460782GJ187755IP4UGSQ0BN6Q7LPO1J554ELL882KKIY1LZCAN693J9965HHS90U750Q9SNXY0WU54P4ZCW2A3140FYGPJVH632GP21ATPHTR3AVQO9S2ME2RA9341TGIPW6L5');
INSERT INTO `album_image` VALUES ('20', '20', 'G65DP97T88103L9O68A2D6CMJ9R50HP131XGB7697X7808BS7255Z49Z3488C96MZ');
INSERT INTO `album_image` VALUES ('21', '21', 'PJ48KNKQ80F07UKJPZD353PYLX26415X3C432J5VYXL8236PIB8REFVY8FBEM2PSCKFX3325GLL95A');
INSERT INTO `album_image` VALUES ('22', '22', '30YHX5O03685E1Y0OQQ98870JX8GP80R7LMO1789US87ZJ67H33B5MFNON7NV12N9L3TVI7PSWP0102H2YIEIFQ04UFPU744OWOY69357O80V1N9E85TPC8D36L578376L5DS00XUK5XU8VZNLSX11G1X2DEQQO3256L017027Q938B8QNIU6M3EKB3F33IUUX859Y711C6ZUS45O26QWE336O4658172FMOI55LIIWRM309O0924Z11599N196NB7FJRWM2080080Q9SO6K9U2HEN3F916G8H1KJ911J28AK0F42K945880HJ0IJ76RQ3825792YU20X657RH66VAPVT1KNZ425');
INSERT INTO `album_image` VALUES ('23', '23', 'W74JK75HQKD5WDR7S43EC0HW624FI7Z2L8R3G9LT06EB744RF49IB3Q5O14L2YT735LL53FH7YSL480X191CZEMG24L9RYI4794H1032B8646U4045U42NYF0SU4ZHQ1L8463W7258ZG1YGZ426OT1WV2357Z6566436BMO3LVK0FK69Y05');
INSERT INTO `album_image` VALUES ('24', '24', 'I7M0H96W9U91493GTULO7L7D6D8J4ZY4I487I3QH2LG6BKFAQ58316461J6KDNI90CVA4KTOPE2Z552UU1X16REHN5Z3W2F');
INSERT INTO `album_image` VALUES ('25', '25', 'U5D48773463RC6URV6XYD28I0');
INSERT INTO `album_image` VALUES ('26', '26', 'NB5MWRRA57XICOW3RYJ7I5N6VC6W126S901L8LE45472V16I22364VS78A8M6804WVG8R1052912YPQQ754RYBF834315UZ274MQL6V4R7YW819N2BYO8K26168ZF3SUAM4B2BXDG6ZSF5IE5IYKDFAP4F0UFB418J3ALFSY3N1H90O76CY6WF7V96EM0QWG2J695K919TAMR71601SB0G7Q2488ME4A01JL8V4PIR25065G1P8F4S46Z6T');
INSERT INTO `album_image` VALUES ('27', '27', 'S0JJ740JUV85EHJ45YU99BF4KA10VRO1Z4017J0E6CY778GNY2T1YDA9Q23I7PA747N2U02U994C2S0E4BWU672J4ZGIH26S3057082T7F25201J0HA7UIO1V9E8J27Y1O9W7548M7806MPI5938E3N2F4E38RY76L52VX368991BT0Y4U46I857ZX4YSMWM7B48594ZO9MWIE1H6O841O96050541KG42IQ466DE69HN5E64300V3K6MN7YH3Q');
INSERT INTO `album_image` VALUES ('28', '28', '9P33G98F8D51H68C6Z2RK2357BYHD34751D39V');
INSERT INTO `album_image` VALUES ('29', '29', '69Z0H571922UE10E327401Q3Z411RYD08Q0973769F0523VR5X9M4HYP0Y4KU468E41T54S7K0G2P3GI9C43R2SK642M21S9Y5595BU5Y7783682SK1SB52R00UD22FX01UZ43P785VII120Q30TKAZ3ML3P887325EL4B9RZ42G8P512FKRV3C5OO61J32PAF3632YV7X6NX30N7111657EB94SE8486M5L40MINTJDNM5Z43S755L49X2ZF8Z48C85H81488H8AZI87C558799U07382835QS37ZDJAOR9LJCH68O45P2DC8A9T208N907B1V8U03S7144519JRR0921BMZ9FWS1J401RJ878V98M1D676JFD8YIW2I55C1LM2083SKG15TRQ6P91N3QN7C55P6Y4865T028WJ90030HV4JY7T92LYJOE33');
INSERT INTO `album_image` VALUES ('30', '30', '89UH49A9K07V7XR42H85564J2A1Y1SX393F51K0784X7OVK1448WA1255IF03489SQ831A2G1ETEX');
INSERT INTO `album_image` VALUES ('31', '31', 'CZ3I31F1S2DJLP8R0027BABKX6G78BKZ6DY24W7RGTGDA16HCHCIZB7PD1CPFT6SE95TMJ6C4FJ2R1T3LW19Z0U0U08LFO5Q73Q7CC6K9FWK43TF35OO35KFO519P77GEHV9UWCHMVXWYZW2NXVROVR8OY480041B61HQQ5');
INSERT INTO `album_image` VALUES ('32', '32', '05WT4TQT999PF612CAP9257W7838425Z0HSD5P88NSOG9VGG5BODV8WRO7T2R564KAM1WFS19O8YOKUR2HX33722N74Z178NTX292Q2132B7M33U77NGSN565OSZC504BI734G7MC6S2O6B60CH9UOE54199Q1L15GMB7O96156L3X6779UM6CBGW2FB9I150H1IV7S1C21A6FFA5A0N1FH7G861X06Z7X8T6U7L11098G25');
INSERT INTO `album_image` VALUES ('33', '33', 'J2C90UGO529K2QERMZ5GU4HWJ87VM23953R8E0FJQ3N58AO3K79M1LIQC2U9V384TVH0AI974T0DLA64906EAQ7JAG3');
INSERT INTO `album_image` VALUES ('34', '34', '1121J8U0S7YJOE65JQ022002S4N0B1GMAP6S9VMK87RNMF09M43HUSA064O1I9S836388953TQL90BW8EZ0YSDO2XU7HGA5TTZO4EG0NNJ8TDPV1660M67NO5OQHPX0LTSTQBL0OE27U2J3Z8M5BXFON83Q0902710X483V326FFAPM7KV05N3O5HEH18CH55A90G2UHDB7B07IC7ZDS99AD0HQ7EJ3AB3O39C2X3LWRQB8M8T2UXA75A990736CP539EA5XMJEW7S161L791QG8572N3X00LLVR78YE40K6BW1E6197VRL9W');
INSERT INTO `album_image` VALUES ('35', '35', 'D39RH3JRS0E3P9888U4X21997P5953II8Z8X8OYR64BD820D8J49KJ24CPSX70NQ9AAS25898S397L8IRK18H5');
INSERT INTO `album_image` VALUES ('36', '36', 'HH4FF98416');

-- ----------------------------
-- Table structure for brand
-- ----------------------------
DROP TABLE IF EXISTS `brand`;
CREATE TABLE `brand` (
  `id` bigint NOT NULL AUTO_INCREMENT,
  `name` varchar(200) DEFAULT NULL,
  `product_count` int DEFAULT NULL,
  `logo` varchar(1000) DEFAULT NULL,
  `story` text,
  `sort` int DEFAULT NULL,
  PRIMARY KEY (`id`)
) ENGINE=InnoDB AUTO_INCREMENT=37 DEFAULT CHARSET=utf8mb4 COLLATE=utf8mb4_general_ci;

-- ----------------------------
-- Records of brand
-- ----------------------------
INSERT INTO `brand` VALUES ('1', 'Eaton6', '-2147483648', '97YHRL8TL6VXYWG665XM0GF93IV8XIRQ6816I2W1FW6MXP423NCA9XN58609O8724XIE0BJ51Q84R5R3395V28F7866I2BFMG2UN4346V531Z23QGWNRNLNKMDN0C05EH4I6C3R2AKC3FP4GFBDO279PH71R2Z44X5PL6F7295H3J17249U99BQ82895R3686POG1T13XTRA0Z79OY9MO94YV3A3KEQMZ33446ACS2088881GRGA5574Z4202294J', 'F2T6Y31PS9HAU2Z341JNSG2255GUE2Q459J1VB10351E1L2G8610DZ97DSJ393XE3Z1OLV4P140T4W11087VEP98QXI463OE48L32GF41WVFC7UG30S5VCSB1Q78P78Q8QXT1NA513O07T42740Z32G5756EQD2DB30O4SGE1235614DG42YGW30N9', '-2147483648');
INSERT INTO `brand` VALUES ('2', 'Claudio2018', '-2147483647', 'C56J9NBSVUMQG47U96884H4NJ6NQMDDX9JM65IP5290M44DTJW', 'C8D', '-2147483647');
INSERT INTO `brand` VALUES ('3', 'Quinton1983', '-2147483646', 'N5R4RT432Z9U41LTKF1JDO2X7U6FGNT7HDV43GWLU7NM2IX8E25NJHF2O6AW9X476K6N34H5TTMD4V75H028TS6SKDQWJC47FW1KK009J961R0X09002366NGM2ILHPOH90O9054FW5E4E90UF8224U728P604', 'GT8G572U1J27G4VET54U7882MG3287ED2CNIWT9094303BPY3Q0Q3Q6U1J43773F887KZMN0A0J6CTHWAVADO2576IK134XNG16V4ML5C74NNZ3B28664N50F96SNV5DYRE6LTOD32694616QTTLX2J24YK', '-2147483646');
INSERT INTO `brand` VALUES ('4', 'Gibbs586', '-2147483645', '62Z0L2P7379IQF36KTZ4339X87U012Z515942YR5QYE4FNH1EWE19CT4O18YT7ZW0314J78AXY751W7Q736XF22N52B01B3427N099ZC1V130E62AM71ONE120', 'MCCQ018R447R3BXQAQ8T66K778J0VW7R4C46413YKV2A8P9G168H50L54E3E487MY17BIZ76CKZZ732P313228E02D750W4D7874', '-2147483645');
INSERT INTO `brand` VALUES ('5', 'Dominic79', '-2147483644', '4062', 'PDLO64JI49S63M6Q4UMCPDJINZPOCX5V', '-2147483644');
INSERT INTO `brand` VALUES ('6', 'Cathrine51', '-2147483643', 'K0DG776HYED1HE705I3QY20BXTM7B5NJSP0P44JNWH283G094X1A412LKW8RGU1A868X14KU9634FTT3B85CL4FTZ103R84A3E855T20X2TA555U3586R2LEP9JZ9M2879LBGRE43J16DB1Q5INMVBJ9', 'XF4M91GI8WP', '-2147483643');
INSERT INTO `brand` VALUES ('7', 'Ilene1971', '-2147483642', '6M3', '8Q19683RFBG2SKXE18Q61K7IL205LWEF713454WTY1', '-2147483642');
INSERT INTO `brand` VALUES ('8', 'Gann2002', '-2147483641', '2H4P471RV20K534658M3', '5EK3K7Y1A3144E7EVUQ718R21DW', '-2147483641');
INSERT INTO `brand` VALUES ('9', 'Wisniewski1975', '-2147483640', 'N8181QVM39QJ68Y0W84HFQDJCXPQS686A2UYHSIRWDX23U1DC95HX356OAYYMBA5', 'YW2691P4507KFQSG55VDNIL1QF5QV1QR21C1VPMK8HGE05WWRVP12HQE', '-2147483640');
INSERT INTO `brand` VALUES ('10', 'Quinn95', '-2147483639', '5821LT', '45Q44D6C786S522L95JEVY72VV6111GZ4YT9C1506B', '-2147483639');
INSERT INTO `brand` VALUES ('11', 'Araceli478', '-2147483638', '944L4RH6E08Z5PNVYS12ZA2U6XFXC27GTLR2KNDTBAA39Y5JICSBA0A97A1VHMT59M286Z6K0T84XOU68410J7XB7AXEN6996YFYM7PF2C9F764BAQR64ON1WSY868983K9JYPLEX8544SET3974QZ85GL046LC348H2583VX92JB77O9C1WF84F45P5WX15BP790ZSM4Z', '24D2079LT4NH5NDENIU5LETM50K93AN0T5BD936P2IWN154K40260Q0R', '-2147483638');
INSERT INTO `brand` VALUES ('12', 'Pak791', '-2147483637', '1BI4DHJSHR9941YP6CN8L8LE21NSE68O38979J3Z07M3AC898C782H2PA15S2SB0YB85G5D1UWN60E7UV3', '0293Y4484961BI313DT3IA41SZBJF1Q7', '-2147483637');
INSERT INTO `brand` VALUES ('13', 'Schaefer1967', '-2147483636', 'NMULI9YO6ZN6NW09245', 'R1DN73B82VG7DGJ17B59W50DE96P06O1940T6I63JEBW5H966517WE51442F3T526', '-2147483636');
INSERT INTO `brand` VALUES ('14', 'Cordia4', '-2147483635', 'YXZ4X8Z8T7DX3LTEAX11WMT00JYF202L9LSOE', 'N3L2T3D2TV9SII492L', '-2147483635');
INSERT INTO `brand` VALUES ('15', 'Milliken6', '-2147483634', 'L23U8144O7US7TMC3QKYR4HA82TC49KQ2A', 'VS7C1M66', '-2147483634');
INSERT INTO `brand` VALUES ('16', 'Takako1957', '-2147483633', 'QJ4GDA58BQJWANKV0S4B67JFN9MG7M4E4042L06KTT0B9MXEQ1BC48MCYEI893Q171JF428P510H644Q0Q26JK329P8RO91G765XZ43Z5Q77D8L77C36LY50F9DWMM4TC', '9Z029RN4H6895L9J7Y79K54996XE9T0B81358PTFYL5WI0HG52R9XU5U02WJ455WO3YDTCAXKHFY8TC5D9TAWI77K26S', '-2147483633');
INSERT INTO `brand` VALUES ('17', 'Olimpia3', '-2147483632', '761325VGW979ZLI95QNOA439Y0P1R5BFUV90CA8MHTWWG1V7B7V5E28009NKC56N0X49567F7PKFL41TLSAW62E7F1WLQ5U25T10I9U7DO855584GKP725HXIMK5294R', '09976F7W5143T55D1805IB4DI1', '-2147483632');
INSERT INTO `brand` VALUES ('18', 'Nan1971', '-2147483631', 'O70RT0SIU5055C9IUV3702Q0GQ8O', '65NB230B5881RSNBIHH60JY3F50R6B721XD94477FD2Y392849732CD85ONM', '-2147483631');
INSERT INTO `brand` VALUES ('19', 'Clay369', '-2147483630', '3NGONGX47C6O378SQ3P1091BTPLG1OO2JL3A63MA4E256WIW387TY0126N624H81ZFJBZ7T8QL6LD1BXB9PWG5SS976DJ1TK21BO24058Z1WIE6295ZFOQZQ351R3Q654K7SM63B35INZDH3YH60745960234I5N73HMIYQUT43D979558GB293O7SVI053I7V134GP44P1F0CKD9X70XYX9E5F7J05L7Y52S4HL8A2422R', 'SKY113U33NUUNZ88JWABUME9U06750N', '-2147483630');
INSERT INTO `brand` VALUES ('20', 'Herb5', '-2147483629', '30976QC29689U842JX768E3530G4TGR9PXMY2T12C0183S31LK2DWL8U11ET50V4K6QS2754U0Y506781BIQ5PF68LU4N7', '7D279461', '-2147483629');
INSERT INTO `brand` VALUES ('21', 'Emmy77', '-2147483628', '2P6KVG04W7L6345T4JFLR7KV50X0U8V17KL84R19O09MEL2MZ2OTG57C4TU0M0Y97FVYK7CVOB25FP41T82Q75C6WZ48M8Q29D3QPWZJ2AF6T56OLG8304H7855A0UE8U178P2Z3JH1V46O1BQQ04ZV6G683REFU6CPUSUC8QH7E6T04AHY1580342576NQKNJ1TKYVJRGJ6GA5C40L8B347XQ30V5EQPR4H2KY0T96VH7ZDTWX8459H5MT65K0FZN0B2Y128NGGZ61183199MHHH786LNZ4MG', '13V91E66PB87Z1TXN85BUV335DGYL55I6ZUF72CR5JCRE46XJ81Z51Y2K1T782GXC1GSJH13408CP652QY1ZC976375ZP', '-2147483628');
INSERT INTO `brand` VALUES ('22', 'Laronda1953', '-2147483627', '75Q8Z9Q6O9J801F354028IGVQXW0EZEAZ8FAGO61K4QGG5762NQBESK7XW05U3C1DAVQ98PG', '3Y1HZ8IKY925717I8Z6Q5FO07P7O8VON72K0OX2KJ9J497TRRF6UVTLI76KETC8Y886K6VY5AJ64R4N462A71A0V7A389U44XY454MT2AVPQ63Z369J0YH9M1O685TN82IHDTB3X987262ZPZXDC38J71XP1P8D8103E4R8D0YNZF5EPBBOIHZ0W77A3FH09S646DN22', '-2147483627');
INSERT INTO `brand` VALUES ('23', 'Williams2015', '-2147483626', '397F26QO34X89I2HTU', '5Z4USFRWCTG695L9C6ASY296ZH', '-2147483626');
INSERT INTO `brand` VALUES ('24', 'Emilee1980', '-2147483625', '16E4CKT7002VT7USVB20M52003Y7622XC099026969WU6H55H342969O032WV8GFT9I32F627NWOU751976UV4R0WCYT4U3B2G60B3QEYWOD7RFH0HFW3LM71', 'WW054IF5YV09JTQ46RA605VQ40B38DQA5CJ0413UM4E8C6VOXEIZWW4I55RX309J4EWM1P8V71Z00RR9X642UW57944GJW3A9H8DMQJWMOPAZB8211NH8JWCEYR30R19Y26NAR14JWNI2390OLP2ACTBOY4TA33XY9', '-2147483625');
INSERT INTO `brand` VALUES ('25', 'Thurman158', '-2147483624', 'VP8A24SX358B85MLU4U5FD3SKM54IWW', '8G7GJD50H26TSBNKR3C39D726B0S4PX9888A98X3EA9V75516FR73U', '-2147483624');
INSERT INTO `brand` VALUES ('26', 'Evelina1982', '-2147483623', '85Z6EC583HI5', '5H7O2863XY', '-2147483623');
INSERT INTO `brand` VALUES ('27', 'Houston2002', '-2147483622', '0416I1H30ZNDE2CN495O86415719SGRRO7PR43A71872F1NMSIKF8MU636DQ886K8SF5VV8S4712NAZ1898YC299HH33M0HUXEK7YH186ZD56HC4H7NW3', '96SO115779R2N8FR52OO8X54T83FJ0', '-2147483622');
INSERT INTO `brand` VALUES ('28', 'Bobbi2001', '-2147483621', 'SQ7O79MRXED', '8CK72M80G5O574221RTBR1FZ87D0M1HDPHLC2E5I15D0Z2H380E078TD1443262JIP5DCH97YRON472T29', '-2147483621');
INSERT INTO `brand` VALUES ('29', 'Jarod1975', '-2147483620', '9CE18NEWZOL20W76123RBIV98416J9CS810U19GH0W7686FQ3V0D5TO37JIC6U88S2WIGYCP13394Z2AAXLZ3O787KD6LD7R83AY00K840Q447BTCTUG9KSVWTSYNJ81DWJ4XRQ51GBY96O5YWM049962235FEHT00A0IT5LRHBZ27W7W0Q5TK7902FA5O6', '50UV9S8UY6HE1TK052NCI94RQ688512KCTT34UZ811B0', '-2147483620');
INSERT INTO `brand` VALUES ('30', 'Sydney1', '-2147483619', 'DVY65FFI51Q11J3GO1F9I3DXYKN8C12RF16VXKRN2UQ4X3D6HT8', 'OA58SR0A040618LZ49325H7E2Z0RL0CAD07VL5XN5922E708171579R938GA0I6C2261U7W25WV67S736X0QO44MN9JF5N892NT7EHJ553T151U6UZRK9G0N1IWUPF45U0RTM91ERT42SC7R7CF9CG9NV2574XKY1NQ81I5431V379D06TE85E7FVN1T1621163BVRF6', '-2147483619');
INSERT INTO `brand` VALUES ('31', 'Alec2003', '-2147483618', '39P2QS24N04T66P6MD64Q46J81NX6R8C2O6EYQA431I8P306ZY895VMD8777IK33AX5U2AKTRR2ZOJ121AU2639PT48M6FRYKW8694VDQF7J49326M13QEV5CL7WGSXR0AQQ50HXB74GZ9J0057O1BJPB08007F5SVIG70GZ1X3DQ1J16', 'WRJU2CYV0PO6YYV1P8C8O6545S0820X1329IN18A8FHRT5KY553033F9NVWWE49QDTEF5Y2S38Z617MQD9V6688Z35001555L0D9TGGZG63Q7Q69Q7661', '-2147483618');
INSERT INTO `brand` VALUES ('32', 'Jack267', '-2147483617', '1FVLLG19G9Z026ADT603DOHBCW8XUH8P40UK5195A258SV014B53U333MTL94BG97V', 'DL8LXEF6Z6FPM14GKRJ62I45UXSL65FVNERW2DPFB4Q8B2S406WGWSFP9PT4GR4P82108HTL05T9E1A7Z3Z8MQON5F2168Z0Y9SZF359443459G4QR5J87E0694I3LT77787V49H7GI7S4SO5ZX967B79CL83KX3Q3HBDJ99113SAHO6JHF72U0O7CZ3HEI2N9997804', '-2147483617');
INSERT INTO `brand` VALUES ('33', 'Shasta967', '-2147483616', '00SN6A9I4M7B6W3V38ZAN9TPE6PH5LWF53U9JP5UV6P0MWV74TM24P', '321AY664LSF7R2235DU85K2P4E6GF5GDB8T0I7TUNRW0UM762D7L73D5MZEL883A261ZSSO2Q3OUVFY5351', '-2147483616');
INSERT INTO `brand` VALUES ('34', 'Isiah2021', '-2147483615', '2954JD892E9K206RT55BUW37RGZR9T10D2EDA9E350O31C8398O5G187XQP070572Q52F05Y0RC70G9FE1F4YPK4HI4OVNF3UNUS522G64U86DVFF0211JJ918KB5IBPP57N277Q6H9RS23350C708456', 'RBIU2NO65THL097Z51H0DDEO53H59PP0Y753922405KG', '-2147483615');
INSERT INTO `brand` VALUES ('35', 'Kurt1981', '-2147483614', '3M989AMMV129FYZMFHAX56C26ED1WA8C7N8EJU71659ZMC16705O6890MV8U19WM4557PU2IQA5VQA14WX7KH69P83D6', '18Y7VB3K0EP78P2Q51793RC279X2Z84NSQ3008CQ2STNJ0Q3', '-2147483614');
INSERT INTO `brand` VALUES ('36', 'Len374', '-2147483613', '8748M069E6QW7D7BY39J0MJ192971R', '4L54LR98V5IG3K6Q0K80Y76795R72IWLOI9N', '-2147483613');

-- ----------------------------
-- Table structure for cart
-- ----------------------------
DROP TABLE IF EXISTS `cart`;
CREATE TABLE `cart` (
  `id` bigint NOT NULL AUTO_INCREMENT,
  `member_id` bigint DEFAULT NULL,
  `product_sku_id` bigint DEFAULT NULL,
  `product_category_id` bigint DEFAULT NULL,
  `price` decimal(10,2) DEFAULT NULL,
  `quantity` int DEFAULT NULL,
  `icon` varchar(1000) DEFAULT NULL,
  `create_time` datetime DEFAULT NULL,
  `update_time` datetime DEFAULT NULL,
  PRIMARY KEY (`id`),
  KEY `FK_Reference_66` (`member_id`),
  KEY `FK_Reference_67` (`product_sku_id`),
  KEY `FK_Reference_68` (`product_category_id`),
  CONSTRAINT `FK_Reference_66` FOREIGN KEY (`member_id`) REFERENCES `member` (`id`) ON DELETE RESTRICT ON UPDATE RESTRICT,
  CONSTRAINT `FK_Reference_67` FOREIGN KEY (`product_sku_id`) REFERENCES `product_sku_stock` (`id`) ON DELETE RESTRICT ON UPDATE RESTRICT,
  CONSTRAINT `FK_Reference_68` FOREIGN KEY (`product_category_id`) REFERENCES `product_category` (`id`) ON DELETE RESTRICT ON UPDATE RESTRICT
) ENGINE=InnoDB AUTO_INCREMENT=37 DEFAULT CHARSET=utf8mb4 COLLATE=utf8mb4_general_ci;

-- ----------------------------
-- Records of cart
-- ----------------------------
INSERT INTO `cart` VALUES ('1', '1', '1', '1', '99.00', '1', '6MJ4Y7F6Z9K4818Q76A77D60A3AV8819Z2KEBXR92PO7QMX203P6877MY5F62YO233U5154520M6R2LP5K9GK0AL4VFLP7123H419X450Y12W0DYV668K38W8634S74KP28USAN9WE7P2FAFA5MH63E0810WXVXB8Z', '1970-01-01 00:00:01', '1970-01-01 00:00:01');
INSERT INTO `cart` VALUES ('2', '2', '2', '2', '100.00', '2', '0432ZDIL9J83531FXT669481390E294J38065A1K612T69ULY90I6J472V6OBL81I5Q60WE6845CK958023W4KPU169VQU175OZ872T64729UOSNSX040TIX6A6MHM7RU38U2OE4IW03E55OIMQ012B0HGMVGN6I01B779509807A29907Z239Q235O4242PY211MLU4AHT5H7JT5SDU6111Y50HQZ77U6QW183P0N9Z0300M7R8058OWNKER6SYI4JWCSP9Q3ZV15209X15BQI62EF838F91ZAZ2E247L7475860', '1970-01-02 00:00:01', '1970-01-02 00:00:01');
INSERT INTO `cart` VALUES ('3', '3', '3', '3', '101.00', '3', 'PJ69W58T4Z1W536216C11CP9F41503H666DKDXX1S6LE1LR74910J204L24RS7A2MP1GW058FU', '1970-01-03 00:00:01', '1970-01-03 00:00:01');
INSERT INTO `cart` VALUES ('4', '4', '4', '4', '102.00', '4', '3YBI2952WQ0XZ619M65VZ9330N2R6Y4LMGDOSV6HZ041T58EL6GQT8KD790652QQ8EN', '1970-01-04 00:00:01', '1970-01-04 00:00:01');
INSERT INTO `cart` VALUES ('5', '5', '5', '5', '103.00', '5', 'RUWF1028CIVEV6L0T8SS82X3Z75K84I008TYL4S45I3', '1970-01-05 00:00:01', '1970-01-05 00:00:01');
INSERT INTO `cart` VALUES ('6', '6', '6', '6', '104.00', '6', '3GG61V1XDASKWG5RKH31400419J7G7W63RQ58DG1WZS0QL7DFT403F3XIYBZUN73W7VK0G3P28TDU29MC4B04Z1RW3Y75NQ21056K729M8U4VE1998UH041NYIY21F41816U6B92GS5364J6EVYS4KEPAJ836K21PDNW110I2E58N4J9HJSM2NH90HDY1F37925VG1Z0646585X1G9C8KY603N22887L4KKXM2BVECYXDVNN5WE63533KW93691Z18J8P969BRI', '1970-01-06 00:00:01', '1970-01-06 00:00:01');
INSERT INTO `cart` VALUES ('7', '7', '7', '7', '105.00', '7', 'I212P6JK0NX48MW3WN506GCG3738I82RI4ZIN7C4S968PD3S3Y1679Y1B660Z429101CT03O03UV5V8GUE2O2618AJ898B11CQ2BK33S5L224Y11JMCMUW6Y96WM08BN43276C5CRY2D0F2DI5QO7LZ', '1970-01-07 00:00:01', '1970-01-07 00:00:01');
INSERT INTO `cart` VALUES ('8', '8', '8', '8', '106.00', '8', 'T9JC3XXYKE3G', '1970-01-08 00:00:01', '1970-01-08 00:00:01');
INSERT INTO `cart` VALUES ('9', '9', '9', '9', '107.00', '9', '0O6Q41S15MT1T7ITW2254C7F2901WD8SL9V80RX4I8PQEQOBM5N5Z9Y5143C4NS0B1VPUHWPHOL9D434370DC1NU079Z07B1NDZ612UZ7GBY6R3F0AHM0489FV3U5OL2J4K37OKU06YUP2M9MG5E85U6HX42723M81T9CSC967C8LG476XTI4455VYJ', '1970-01-09 00:00:01', '1970-01-09 00:00:01');
INSERT INTO `cart` VALUES ('10', '10', '10', '10', '108.00', '10', 'F2111F5XM3H8IQ3W8J39R3F656A5EVH2SF681T1HZV20M7O9HXZ49Y1E3KEOTC0J932SYO747E8XQ40YNS4M91C3YZ9C41416J44OP8WZE61942LQRZJ6K35M878495PP2M58N4WIB20R51YR6E17180Y1YY3E974175WB0QX1C185O8S01XQ88474548PY2TSG1E4GQQ3T38AM3T291724R0E94SI08041S8O0E7102G51KO99SP01H5BX465H142XNFY3H5BY64850I', '1970-01-10 00:00:01', '1970-01-10 00:00:01');
INSERT INTO `cart` VALUES ('11', '11', '11', '11', '109.00', '11', '30SCC1UG4X19MILH4BGY9JP5Y6S30461187E8A57198U8YMRU42O6IK38M30V82O4K18E1L1N8L02L903442JJ3F5O4OY7284H92YJK4W8P09RW2X73Z18443R7L0L6986J715WE5F27E6OJ6DB57SI0FK35PV7382W5058341U1XYBK38R00TMEH4N4K3943920SZV29GD9907Y8N58T37GZC2H078Z117BW0Q320K65U4Q571JA6RZY815', '1970-01-11 00:00:01', '1970-01-11 00:00:01');
INSERT INTO `cart` VALUES ('12', '12', '12', '12', '110.00', '12', 'IEXQMV2GZ8X4F91YT64L7357UI2SFE', '1970-01-12 00:00:01', '1970-01-12 00:00:01');
INSERT INTO `cart` VALUES ('13', '13', '13', '13', '111.00', '13', 'JN0A1MEF1SKH3YO6B1V5', '1970-01-13 00:00:01', '1970-01-13 00:00:01');
INSERT INTO `cart` VALUES ('14', '14', '14', '14', '112.00', '14', 'E958XOLJ4', '1970-01-14 00:00:01', '1970-01-14 00:00:01');
INSERT INTO `cart` VALUES ('15', '15', '15', '15', '113.00', '15', 'H2Z2JB1D1G4P3V5CYEG2SO47A96G4T0LYRV22936D0V3ZA395DRM76213HSSGNY29PF75R846C7CVAYXHVM9K', '1970-01-15 00:00:01', '1970-01-15 00:00:01');
INSERT INTO `cart` VALUES ('16', '16', '16', '16', '114.00', '16', '2GHB6K01BR5N6MU83YE47CALSYF5NBYQDO91CUP64NUAQI823Y9T8P2JRL23824H232F3I9PCP1LF4825PZQSHC3B66JC18534HE6I08PA95TWL4B7T56I3V58CJS40F7T86JXL9KRTU5V900314', '1970-01-16 00:00:01', '1970-01-16 00:00:01');
INSERT INTO `cart` VALUES ('17', '17', '17', '17', '115.00', '17', 'FECNZ3PUG4NZDB52K4YD8B45C86N1Z188WE45565ILHK78FJSHAA603SULTPWI34G3VBIXMY455KBZN137886ME8S454HP1F5SP6I55L9P99156GX2W486NBW89UC8983DFV03H29L2701C0QJI4C60H72AL6TP4040605024C58Z11S4Z94X12600T6', '1970-01-17 00:00:01', '1970-01-17 00:00:01');
INSERT INTO `cart` VALUES ('18', '18', '18', '18', '116.00', '18', '2WII6OME890V47T6PQ37379K91F728Z06WK44H1772IBMH0K2K2BKE', '1970-01-18 00:00:01', '1970-01-18 00:00:01');
INSERT INTO `cart` VALUES ('19', '19', '19', '19', '117.00', '19', '4807YTUV4Y06HD31BL3A', '1970-01-19 00:00:01', '1970-01-19 00:00:01');
INSERT INTO `cart` VALUES ('20', '20', '20', '20', '118.00', '20', 'TS1L7B07930MW6V238A460X29CQH5YX5106KAG9YY9O1W0', '1970-01-20 00:00:01', '1970-01-20 00:00:01');
INSERT INTO `cart` VALUES ('21', '21', '21', '21', '119.00', '21', 'ES9IKQ8ASNS479GE5E2SAC7RT7789O80O8VKO44SJ5I8X09KC26B6VDR6LD28S0E8CS9MK75IXNV4RBWOKY9UU1CDGCJR02W4K3NN2O3UT7TUB7PY7Z7R65F4X03M5J0G87SGLI183V8V2280997GH9H4N27MDB245LE08K9KT8R3YPIN8CJNBTPDWG183G4X2AH69P4YZ41002333SOZKM7JWS8L2WV23409RHE67322W2K299MX9D3O53443H3Z2O0MPL4XW86B87X1GXD244H56XR24WDE49TVLZ4DBLEV843Z26UT84YTFB50TFQ995FF3CXN5W4V4P3KX1NR2DT2FL38T9NI39VT2I4T6N2EO2764G6JYQ2TJ3M776G29HF3UU44VSD770ZP2YQ3PLYM47U5KAK5', '1970-01-21 00:00:01', '1970-01-21 00:00:01');
INSERT INTO `cart` VALUES ('22', '22', '22', '22', '120.00', '22', '6R5L91UBW9C3Y6C45WZ70ON3BD395', '1970-01-22 00:00:01', '1970-01-22 00:00:01');
INSERT INTO `cart` VALUES ('23', '23', '23', '23', '121.00', '23', '4D7I142F45JF6019GJ6L3GSTQYX05AJSE4L4A9Y9273U5102R0UV51BWAUDT73Y7Q5H36U41SVLNC29XQVJD4M5R8W9619903769E', '1970-01-23 00:00:01', '1970-01-23 00:00:01');
INSERT INTO `cart` VALUES ('24', '24', '24', '24', '122.00', '24', '19LWR4IU4', '1970-01-24 00:00:01', '1970-01-24 00:00:01');
INSERT INTO `cart` VALUES ('25', '25', '25', '25', '123.00', '25', 'KMZITM3U1T71589356UY69RRC7Z757501P87', '1970-01-25 00:00:01', '1970-01-25 00:00:01');
INSERT INTO `cart` VALUES ('26', '26', '26', '26', '124.00', '26', '5279S90NP04J11YD4J7732AMLO9TO9KBOVC4IFM23G79806E270GFY09Q36260C99HX7T653JQ6MG6SWAYKK5XOQ469OS4XQ4N3BK481GFER3DCT90J317U9812R2W7K3NJ91SX86GM76G3X764DU0142FOZ651P5B1181K8I677CFQ0E1EFVU78HKLI9A1E8ANX4TTIQNIR974N48XYN82K2OBODITPA285027B5JFL681UGA7SPONK59918R35FQU5VXM54DD2H3G0P5MC92F2G65B2L15M947B52QM28YYTW2E1VJ923TSX1AF2EGX4SLJVT5I8393WA8730D151YTH6FEHKLIHI8OBJ1P8Q9Z744KY7ZA5T7312W1D', '1970-01-26 00:00:01', '1970-01-26 00:00:01');
INSERT INTO `cart` VALUES ('27', '27', '27', '27', '125.00', '27', '711832', '1970-01-27 00:00:01', '1970-01-27 00:00:01');
INSERT INTO `cart` VALUES ('28', '28', '28', '28', '126.00', '28', '22U8ML4X9E0QV20FEE5324IT8CU3ZLJ3XM5478II38J312EY0Y52D', '1970-01-28 00:00:01', '1970-01-28 00:00:01');
INSERT INTO `cart` VALUES ('29', '29', '29', '29', '127.00', '29', 'U1857H0C101I3ZQ0A87V0NDV717FQ8II87E8149OIKP3SMH9WE9F9V6JDFUUBRZ49G7E4P4PPCDSWL4BW34C93M47MELTP1D2XTQJ9A8LXCTVVP6ZEV8U7MXKLIYD722PXF1520', '1970-01-29 00:00:01', '1970-01-29 00:00:01');
INSERT INTO `cart` VALUES ('30', '30', '30', '30', '128.00', '30', '72S350RNZS5W42P3X4JZ5L70A915BF01Y6DF128K9380S731O8RCGQ806T7ICBDI5OC3UK3O6TG53HRQ968Z3TJ0PHJX63JVO9533S2C2834K863HQ6N2R224KIK837L5PSP8W6L4J71X44NC50G6AORDSZN5MW08P80SAB85474Q87E26DY948FP105B73D792M7L9H184JM53', '1970-01-30 00:00:01', '1970-01-30 00:00:01');
INSERT INTO `cart` VALUES ('31', '31', '31', '31', '129.00', '31', '4VW8AMP2T148985A876W', '1970-01-31 00:00:01', '1970-01-31 00:00:01');
INSERT INTO `cart` VALUES ('32', '32', '32', '32', '130.00', '32', '9V6F12UPHKF6N1094HRQMG57121SK212823Z251K8V18W18150T2KWT00HF6916J5E0264USN0MT8E8F06I9QM18T3UZTC722X602849WI71RW48NB44OV06UNR1J4UD3D454', '1970-02-01 00:00:01', '1970-02-01 00:00:01');
INSERT INTO `cart` VALUES ('33', '33', '33', '33', '131.00', '33', 'M34489D3ASF568L6T3G61544BY1WL7T954G3LFW0F2RA1A1N1U2U9Z1BW6U', '1970-02-02 00:00:01', '1970-02-02 00:00:01');
INSERT INTO `cart` VALUES ('34', '34', '34', '34', '132.00', '34', '4V71BKP25IP83B45W0VH28GQS9B7818W2KMG6V890F', '1970-02-03 00:00:01', '1970-02-03 00:00:01');
INSERT INTO `cart` VALUES ('35', '35', '35', '35', '133.00', '35', '9DDIC7ETSY66GO9S26XH98FS82J62RV565EWVMSW1UG4L2KT0Y7L73VZ394891T173U8903JQZ731MB1722', '1970-02-04 00:00:01', '1970-02-04 00:00:01');
INSERT INTO `cart` VALUES ('36', '36', '36', '36', '134.00', '36', 'X33469UNEMY0I0H0WXEDBA0OO44TR5536OMDODF9KU76', '1970-02-05 00:00:01', '1970-02-05 00:00:01');

-- ----------------------------
-- Table structure for comment_reply
-- ----------------------------
DROP TABLE IF EXISTS `comment_reply`;
CREATE TABLE `comment_reply` (
  `id` bigint NOT NULL AUTO_INCREMENT,
  `comment_id` bigint DEFAULT NULL,
  `member_id` bigint DEFAULT NULL,
  `content` text,
  `create_time` datetime DEFAULT NULL,
  PRIMARY KEY (`id`),
  KEY `FK_Reference_1511` (`comment_id`),
  CONSTRAINT `FK_Reference_1511` FOREIGN KEY (`comment_id`) REFERENCES `product_comment` (`id`) ON DELETE RESTRICT ON UPDATE RESTRICT
) ENGINE=InnoDB AUTO_INCREMENT=37 DEFAULT CHARSET=utf8mb4 COLLATE=utf8mb4_general_ci;

-- ----------------------------
-- Records of comment_reply
-- ----------------------------
INSERT INTO `comment_reply` VALUES ('1', '1', '1', 'J0OZRX9875YH0UCZ8D57', '1970-01-01 00:00:01');
INSERT INTO `comment_reply` VALUES ('2', '2', '2', 'CDO7W1', '1970-01-02 00:00:01');
INSERT INTO `comment_reply` VALUES ('3', '3', '3', '68692C01165DK0080A46015E5PP6JHQ5X28LJIMH9D773OFGHHW99SYO7GNG2J6QN3G4752RV21AQ77PR2TO6I744A16RFD1B5F1CYCA26R8167128U0Y14CNW', '1970-01-03 00:00:01');
INSERT INTO `comment_reply` VALUES ('4', '4', '4', '5881J25J5QBJ6DO34842BTXDQ3853747LU22PBG6OIDAVJF8323EHX83D0X5O605J8VYZGN99LPK46XBBHPPWQWSN66B1F66AHVM1563Z2TM096628GZ83490143J9C21JB8698P8SH9WD638GX72F2NLPS0RLQL14R209UY3VK81I0B15VLEY1417480TP6U', '1970-01-04 00:00:01');
INSERT INTO `comment_reply` VALUES ('5', '5', '5', 'P', '1970-01-05 00:00:01');
INSERT INTO `comment_reply` VALUES ('6', '6', '6', '98KB6SFTYZDCB7C6CEBCKD7X7V53', '1970-01-06 00:00:01');
INSERT INTO `comment_reply` VALUES ('7', '7', '7', 'YHS5LW13', '1970-01-07 00:00:01');
INSERT INTO `comment_reply` VALUES ('8', '8', '8', 'DQJ6K', '1970-01-08 00:00:01');
INSERT INTO `comment_reply` VALUES ('9', '9', '9', 'MFQ0ZU593XOXQ55MDQ3X701R4YLAU98C6RLLMPPD4Y4T42E3Y24SQ0S1K6K99LI0864VL78VT48U012XM7EY280RXEHYOK56LBW7T3P8F3G73691UV19XS4EQO937S93037B1EZ935IDU8JTS4MJ2S12T9MKV', '1970-01-09 00:00:01');
INSERT INTO `comment_reply` VALUES ('10', '10', '10', 'V9QBUENPL9A51473ZT42KED38Z78OF0LFY6P2L', '1970-01-10 00:00:01');
INSERT INTO `comment_reply` VALUES ('11', '11', '11', '8IV30YKWYPZ9UOX26SBD0UW0PB07QYU8WZ05Q23RYEP31C8P0UICB0', '1970-01-11 00:00:01');
INSERT INTO `comment_reply` VALUES ('12', '12', '12', '4065G6Q3TUN4DTLV30NO4335387MN6LK3OPBYXZ2E9C4QBX1N9R90C', '1970-01-12 00:00:01');
INSERT INTO `comment_reply` VALUES ('13', '13', '13', '86G0SA0382UA9FVOKS4OMJEW10584KUHV7NQP1D820877FZB9AH2Z575BZ857CNG92PGRN50F0B8O2I9QYYLO9P26SU01JM3HK43X6YHT9XG561KGEX8OA1I62ZCG6ZN62VLNG374IX', '1970-01-13 00:00:01');
INSERT INTO `comment_reply` VALUES ('14', '14', '14', 'L7621OMD438ZORCF7JSNC2GHW6', '1970-01-14 00:00:01');
INSERT INTO `comment_reply` VALUES ('15', '15', '15', '640D5OYT1L03G9A726U2K9J1Q51X50L', '1970-01-15 00:00:01');
INSERT INTO `comment_reply` VALUES ('16', '16', '16', 'FVK186BMGPG7GOXI70S65KT7J30GY0FBSXNW15U5213307SNOSS880QC6921496E7MDZ8LYKZSPC5F49L2Y5F9UZ5BMD2X5745M1R3WY6EC2JM206VKV2', '1970-01-16 00:00:01');
INSERT INTO `comment_reply` VALUES ('17', '17', '17', 'Y96HF9SNE3DD9S3CJCENFJ43412U03616636N1HH11LJB25T5459XQ71WCI8', '1970-01-17 00:00:01');
INSERT INTO `comment_reply` VALUES ('18', '18', '18', '9V56NKIKG2GL3SUGE048PDA9T7FF577D63R605', '1970-01-18 00:00:01');
INSERT INTO `comment_reply` VALUES ('19', '19', '19', 'REEJ44P167L511MY18VK019T4F010Z4C13E8WW909PQ44J2Y9RONPU2C7E7TM2KZ41PH4IY2460P2W4I3MF692XO25896MT30QKKC4D103R15ZHQ661Z00KY22Y69VIC2N16X37A1O', '1970-01-19 00:00:01');
INSERT INTO `comment_reply` VALUES ('20', '20', '20', '495599PBKY590R4V25NWFS449CP4H52B0UN22M012VF812NRJQR3K2V0Z9X6V', '1970-01-20 00:00:01');
INSERT INTO `comment_reply` VALUES ('21', '21', '21', 'P4C2T73P36T488D4W11344NH31O9SAU641X071U478F1', '1970-01-21 00:00:01');
INSERT INTO `comment_reply` VALUES ('22', '22', '22', 'VBZX745BKWB068MAL5G6654AL32ZD46UIZHU396910L649YO9EWW99V36K75JL84D2NH786ZRB5F1CFP4096JG8JCD9B4X2AX6N1PYY1GF089O0RUR05E7KY091HE76O0352K06UZ0PB4X8X94K4', '1970-01-22 00:00:01');
INSERT INTO `comment_reply` VALUES ('23', '23', '23', 'BQ002D06VI98L4U318W0549H2U4NON73WZ7A0', '1970-01-23 00:00:01');
INSERT INTO `comment_reply` VALUES ('24', '24', '24', 'UDVM43KXZRY909S16F', '1970-01-24 00:00:01');
INSERT INTO `comment_reply` VALUES ('25', '25', '25', 'DRG91Y1WQ0BDEA31D72158OPN21Y7AFD33O963IBZ5H471059WHW0RH9ID82P9MK9XJ7BU0Q7R647T67I63KBRSI12BVMV3D3NWV28B0', '1970-01-25 00:00:01');
INSERT INTO `comment_reply` VALUES ('26', '26', '26', '23K2XDSF537751Z7Q7', '1970-01-26 00:00:01');
INSERT INTO `comment_reply` VALUES ('27', '27', '27', '2976OY8B3A5DV004SC1GH50U25B203A0D1A7TS322', '1970-01-27 00:00:01');
INSERT INTO `comment_reply` VALUES ('28', '28', '28', 'PV1713693B4Z3', '1970-01-28 00:00:01');
INSERT INTO `comment_reply` VALUES ('29', '29', '29', '7EM7T95526AKT2JEC8VVQ7ZY4BH33AL94531W09G381903H6LBW6SXDA3CNQ8Y4DH787I8AU42S866LN05B4Q8D6U5993ZLUA361TQG495T07AMG0J5A24Y8H94T80GN74HH931LOO93195AM74IBR0YWR4PM4DB8B6770VJ524HY1DNJ8A4UP6Z9B74116IW735PBUG', '1970-01-29 00:00:01');
INSERT INTO `comment_reply` VALUES ('30', '30', '30', 'FB4G960O6', '1970-01-30 00:00:01');
INSERT INTO `comment_reply` VALUES ('31', '31', '31', '75V464B966ZZHR38BA9605CLF7NO63G6B7ZIB01OUYXL1Z25G1', '1970-01-31 00:00:01');
INSERT INTO `comment_reply` VALUES ('32', '32', '32', 'Q6HW56ZUP39XBWB2LWT', '1970-02-01 00:00:01');
INSERT INTO `comment_reply` VALUES ('33', '33', '33', '146B7K552ARGNB52D6QVK84Y8I77XCS2OQ474568B4790629178TB4VOV', '1970-02-02 00:00:01');
INSERT INTO `comment_reply` VALUES ('34', '34', '34', '5TZ725EAXDY93XM70QM6704D3QR3Y62QJSH6BFT6303KILH67834YFZNM3TJ32E507CVTBV14G9G7SBFV', '1970-02-03 00:00:01');
INSERT INTO `comment_reply` VALUES ('35', '35', '35', '8EVT354D3IUG91OM6EL6131MP17P41NY398R6HRZ937755J6453MUSSYS5RPH2US891VJKRZ6N0FX1I44ILUPN6256MM3R1775LDA13A0YB7G5F402E15FLG5O8RM3IB1T5P7IUBK672Q9VN689O92', '1970-02-04 00:00:01');
INSERT INTO `comment_reply` VALUES ('36', '36', '36', 'U', '1970-02-05 00:00:01');

-- ----------------------------
-- Table structure for coupon
-- ----------------------------
DROP TABLE IF EXISTS `coupon`;
CREATE TABLE `coupon` (
  `id` bigint NOT NULL AUTO_INCREMENT,
  `type` varchar(200) DEFAULT NULL,
  `name` varchar(200) DEFAULT NULL,
  `count` int DEFAULT NULL,
  `amount` decimal(10,2) DEFAULT NULL,
  `coupon_limit` int DEFAULT NULL,
  `start_time` datetime DEFAULT NULL,
  `end_time` datetime DEFAULT NULL,
  PRIMARY KEY (`id`)
) ENGINE=InnoDB AUTO_INCREMENT=37 DEFAULT CHARSET=utf8mb4 COLLATE=utf8mb4_general_ci;

-- ----------------------------
-- Records of coupon
-- ----------------------------
INSERT INTO `coupon` VALUES ('1', 'BLPA9WC2PP4NMS0Q09M3Z20BW8580M7CWLM9U', 'Cliff149', '-2147483648', '1.00', '-2147483648', '1970-01-01 00:00:01', '1970-01-01 00:00:01');
INSERT INTO `coupon` VALUES ('2', 'W1', 'Ouellette637', '-2147483647', '2.00', '-2147483647', '1970-01-02 00:00:01', '1970-01-02 00:00:01');
INSERT INTO `coupon` VALUES ('3', '4QU1LGB', 'Edmundo882', '-2147483646', '3.00', '-2147483646', '1970-01-03 00:00:01', '1970-01-03 00:00:01');
INSERT INTO `coupon` VALUES ('4', '8EXDX7H7FAZ60T4G1R87U0ZSC30', 'Salvador1967', '-2147483645', '4.00', '-2147483645', '1970-01-04 00:00:01', '1970-01-04 00:00:01');
INSERT INTO `coupon` VALUES ('5', '22LHMHTKHYWO5X6RZP0F0138380XPZ4R591Q6W70KY2Q4XKH66L51N8TW52', 'Pate86', '-2147483644', '5.00', '-2147483644', '1970-01-05 00:00:01', '1970-01-05 00:00:01');
INSERT INTO `coupon` VALUES ('6', 'ZAOJ747AUB1167F28FZ6VHO1DMW4L01C07J6FN0S6EN61NNA1OQ1445538HY65CEAP5T4FG5T736W42IN40OMTU7FU2', 'Stover2007', '-2147483643', '6.00', '-2147483643', '1970-01-06 00:00:01', '1970-01-06 00:00:01');
INSERT INTO `coupon` VALUES ('7', '3YZ1977SHT11MP4561', 'Maye256', '-2147483642', '7.00', '-2147483642', '1970-01-07 00:00:01', '1970-01-07 00:00:01');
INSERT INTO `coupon` VALUES ('8', 'R11QW0ST79LH3JN2489GS91ADWDZW4CV18VC0FR5NCI0115EI059AE1SNQBR00R0083DC0Q72825YF4M57Y45PS5U65FPP', 'Anastasia1989', '-2147483641', '8.00', '-2147483641', '1970-01-08 00:00:01', '1970-01-08 00:00:01');
INSERT INTO `coupon` VALUES ('9', 'V8F306Y0D5FMF744X8KCT99J5B9K0', 'Lafleur2014', '-2147483640', '9.00', '-2147483640', '1970-01-09 00:00:01', '1970-01-09 00:00:01');
INSERT INTO `coupon` VALUES ('10', 'U133321IDV9O47', 'Ruthie2012', '-2147483639', '10.00', '-2147483639', '1970-01-10 00:00:01', '1970-01-10 00:00:01');
INSERT INTO `coupon` VALUES ('11', 'D16549E421N231I537XG08YEAFZ22EJ73GP7JT94J8TE3QS2WLF2UQ399KLN8G8T6NQV33529FN5Y98TZCD0AT1B09KXIR8O3IPW4Z6B29NWS2Q6BFQL12XTH5OHHDLQQ3LOD7WOU284TPL2185LZA04U2U27466R550W8Z4BS3MJ8IZ55G8MGE7D7KUOTRRE064F03D', 'Valentin861', '-2147483638', '11.00', '-2147483638', '1970-01-11 00:00:01', '1970-01-11 00:00:01');
INSERT INTO `coupon` VALUES ('12', '4VUSE516HY313S91MI07175G65G85J56ZBFWT0V5YE', 'Jack2011', '-2147483637', '12.00', '-2147483637', '1970-01-12 00:00:01', '1970-01-12 00:00:01');
INSERT INTO `coupon` VALUES ('13', 'ILRF7AI9HCGPWSXCFITW8XYS45QQJI1E189SKTMT420N2I197O4CIENC6Q428KA4128683Q43A285YFK73CAP7467SEMJ723ESXQPI5S08YGY48HH986BRI0574DXH41M14OXLR9SZB0U8M4I41351O196Y12MB03Y4G', 'Valles43', '-2147483636', '13.00', '-2147483636', '1970-01-13 00:00:01', '1970-01-13 00:00:01');
INSERT INTO `coupon` VALUES ('14', 'HM9LO9W34717H3Y9WD1X30', 'Veda6', '-2147483635', '14.00', '-2147483635', '1970-01-14 00:00:01', '1970-01-14 00:00:01');
INSERT INTO `coupon` VALUES ('15', '3E6812X7T774B4S', 'Burma2018', '-2147483634', '15.00', '-2147483634', '1970-01-15 00:00:01', '1970-01-15 00:00:01');
INSERT INTO `coupon` VALUES ('16', 'QEZQFBRUK895T2F96L0Q0O4REHE33J0K35D8VERB2TXG9J19YIH7UWG9GU', 'Wendy2001', '-2147483633', '16.00', '-2147483633', '1970-01-16 00:00:01', '1970-01-16 00:00:01');
INSERT INTO `coupon` VALUES ('17', '5AI2371087S56V96L3DK7FSR10KG0SA4D8J65C6A82H79L3MZ67195K47A5YOJM2273H7', 'Thomasina398', '-2147483632', '17.00', '-2147483632', '1970-01-17 00:00:01', '1970-01-17 00:00:01');
INSERT INTO `coupon` VALUES ('18', 'X0561A3332UT1VR0NE8O5QMYVE486QI5P96981B0J7XT853U9XT2N43422LK51TYGHYZ3VV37KWVC84', 'Ashley8', '-2147483631', '18.00', '-2147483631', '1970-01-18 00:00:01', '1970-01-18 00:00:01');
INSERT INTO `coupon` VALUES ('19', '6', 'Domingo2012', '-2147483630', '19.00', '-2147483630', '1970-01-19 00:00:01', '1970-01-19 00:00:01');
INSERT INTO `coupon` VALUES ('20', '181', 'Fred2015', '-2147483629', '20.00', '-2147483629', '1970-01-20 00:00:01', '1970-01-20 00:00:01');
INSERT INTO `coupon` VALUES ('21', 'VA8QQ18F65I5R3C7UF3XA6F8E64U4JUVU87Q93J1C66INL6SO3J0K330WGF9SY4W9R', 'Allen1995', '-2147483628', '21.00', '-2147483628', '1970-01-21 00:00:01', '1970-01-21 00:00:01');
INSERT INTO `coupon` VALUES ('22', '6Y273JYSXF4Q92E7JW4GF4847310121GM', 'Brantley2029', '-2147483627', '22.00', '-2147483627', '1970-01-22 00:00:01', '1970-01-22 00:00:01');
INSERT INTO `coupon` VALUES ('23', '068947T7Q', 'Kiley1982', '-2147483626', '23.00', '-2147483626', '1970-01-23 00:00:01', '1970-01-23 00:00:01');
INSERT INTO `coupon` VALUES ('24', '1VT', 'Estes1', '-2147483625', '24.00', '-2147483625', '1970-01-24 00:00:01', '1970-01-24 00:00:01');
INSERT INTO `coupon` VALUES ('25', '96507Q', 'Ernie4', '-2147483624', '25.00', '-2147483624', '1970-01-25 00:00:01', '1970-01-25 00:00:01');
INSERT INTO `coupon` VALUES ('26', '8Z73JQT3669P5IZWHKUXL02X1WC8T5QNZ99221EBCJI6JK23UH51T241JC102H878NM5L36V4VVW88Y6TYD7PM1N042M4BZG6X4H73I9Y709BA73UHBL0Q7PIOGOHR3Y9G901EA7M2E7F0RC4519B4E5T4F549W7YGW2V9W4WMCIIMIFF9SKQZNXNL3L60DP1961B729', 'Micki1958', '-2147483623', '26.00', '-2147483623', '1970-01-26 00:00:01', '1970-01-26 00:00:01');
INSERT INTO `coupon` VALUES ('27', '7Q72OL0PEZYY0OFXH6AKD2Z40V4C3N5PJ74E7D4MIMHG3Y6T0V5CS339TPJY71G99J15SXH8O7RNVG68SRWY3HZ62974HN2QN1KWUVP0JX498KS8448B387HBN5TLLC9UM25U6YL28M455B316', 'Beavers57', '-2147483622', '27.00', '-2147483622', '1970-01-27 00:00:01', '1970-01-27 00:00:01');
INSERT INTO `coupon` VALUES ('28', '2KN', 'Duncan6', '-2147483621', '28.00', '-2147483621', '1970-01-28 00:00:01', '1970-01-28 00:00:01');
INSERT INTO `coupon` VALUES ('29', 'WPKN2HD1R2946P5MOMY88JDJ85UQXKNO6466584R656G2KK9X6VFKHO71J9837059YBP76E', 'Oren2023', '-2147483620', '29.00', '-2147483620', '1970-01-29 00:00:01', '1970-01-29 00:00:01');
INSERT INTO `coupon` VALUES ('30', '666Q0325N812UP7J84SYMXH44W7U9G20W2224GT11985AH00LEI7M3568V26O0EK7XVHU3FF5NQAXZN8J8UEA6P4BZ8VB82U1T2JCIT8KO261HVF7WJERYKXO34XQ1PB47Z87JN0EW7K58L2JFX3NX4T', 'Sharita972', '-2147483619', '30.00', '-2147483619', '1970-01-30 00:00:01', '1970-01-30 00:00:01');
INSERT INTO `coupon` VALUES ('31', '61E0YO45S6L1O9N8YGAZ9', 'Danita5', '-2147483618', '31.00', '-2147483618', '1970-01-31 00:00:01', '1970-01-31 00:00:01');
INSERT INTO `coupon` VALUES ('32', '83T5N5W7U9IMKB7U6JE060A869LPUP2', 'Padilla4', '-2147483617', '32.00', '-2147483617', '1970-02-01 00:00:01', '1970-02-01 00:00:01');
INSERT INTO `coupon` VALUES ('33', 'S790CXLSAQ191GEG660C378V7E1QE1METOI85FQ2PGG9U', 'Davida73', '-2147483616', '33.00', '-2147483616', '1970-02-02 00:00:01', '1970-02-02 00:00:01');
INSERT INTO `coupon` VALUES ('34', '2YLW77B2BTUI1RP8257E', 'Pitre64', '-2147483615', '34.00', '-2147483615', '1970-02-03 00:00:01', '1970-02-03 00:00:01');
INSERT INTO `coupon` VALUES ('35', '19CI0G986VU57X6JU6X26P', 'Blakely499', '-2147483614', '35.00', '-2147483614', '1970-02-04 00:00:01', '1970-02-04 00:00:01');
INSERT INTO `coupon` VALUES ('36', 'J92424B70I2GIP9863C90DC5Y51V9XT1FM3N5SE198L3L2T', 'Berniece2013', '-2147483613', '36.00', '-2147483613', '1970-02-05 00:00:01', '1970-02-05 00:00:01');

-- ----------------------------
-- Table structure for coupon_history
-- ----------------------------
DROP TABLE IF EXISTS `coupon_history`;
CREATE TABLE `coupon_history` (
  `id` bigint NOT NULL AUTO_INCREMENT,
  `member_id` bigint DEFAULT NULL,
  `coupon_id` bigint DEFAULT NULL,
  `order_id` bigint DEFAULT NULL,
  `use_time` datetime DEFAULT NULL,
  PRIMARY KEY (`id`),
  KEY `FK_Reference_112` (`coupon_id`),
  KEY `FK_Reference_53` (`member_id`),
  KEY `FK_Reference_74` (`order_id`),
  CONSTRAINT `FK_Reference_112` FOREIGN KEY (`coupon_id`) REFERENCES `coupon` (`id`) ON DELETE RESTRICT ON UPDATE RESTRICT,
  CONSTRAINT `FK_Reference_53` FOREIGN KEY (`member_id`) REFERENCES `member` (`id`) ON DELETE RESTRICT ON UPDATE RESTRICT,
  CONSTRAINT `FK_Reference_74` FOREIGN KEY (`order_id`) REFERENCES `order_main` (`id`) ON DELETE RESTRICT ON UPDATE RESTRICT
) ENGINE=InnoDB AUTO_INCREMENT=1473508040806338566 DEFAULT CHARSET=utf8mb4 COLLATE=utf8mb4_general_ci;

-- ----------------------------
-- Records of coupon_history
-- ----------------------------
INSERT INTO `coupon_history` VALUES ('1', '1', '1', '1', '1970-01-01 00:00:01');
INSERT INTO `coupon_history` VALUES ('2', '2', '2', '2', '1970-01-02 00:00:01');
INSERT INTO `coupon_history` VALUES ('3', '3', '3', '3', '1970-01-03 00:00:01');
INSERT INTO `coupon_history` VALUES ('4', '4', '4', '4', '1970-01-04 00:00:01');
INSERT INTO `coupon_history` VALUES ('5', '5', '5', '5', '1970-01-05 00:00:01');
INSERT INTO `coupon_history` VALUES ('6', '6', '6', '6', '1970-01-06 00:00:01');
INSERT INTO `coupon_history` VALUES ('7', '7', '7', '7', '1970-01-07 00:00:01');
INSERT INTO `coupon_history` VALUES ('8', '8', '8', '8', '1970-01-08 00:00:01');
INSERT INTO `coupon_history` VALUES ('9', '9', '9', '9', '1970-01-09 00:00:01');
INSERT INTO `coupon_history` VALUES ('10', '10', '10', '10', '1970-01-10 00:00:01');
INSERT INTO `coupon_history` VALUES ('11', '11', '11', '11', '1970-01-11 00:00:01');
INSERT INTO `coupon_history` VALUES ('12', '12', '12', '12', '1970-01-12 00:00:01');
INSERT INTO `coupon_history` VALUES ('13', '13', '13', '13', '1970-01-13 00:00:01');
INSERT INTO `coupon_history` VALUES ('14', '14', '14', '14', '1970-01-14 00:00:01');
INSERT INTO `coupon_history` VALUES ('15', '15', '15', '15', '1970-01-15 00:00:01');
INSERT INTO `coupon_history` VALUES ('16', '16', '16', '16', '1970-01-16 00:00:01');
INSERT INTO `coupon_history` VALUES ('17', '17', '17', '17', '1970-01-17 00:00:01');
INSERT INTO `coupon_history` VALUES ('18', '18', '18', '18', '1970-01-18 00:00:01');
INSERT INTO `coupon_history` VALUES ('19', '19', '19', '19', '1970-01-19 00:00:01');
INSERT INTO `coupon_history` VALUES ('20', '20', '20', '20', '1970-01-20 00:00:01');
INSERT INTO `coupon_history` VALUES ('21', '21', '21', '21', '1970-01-21 00:00:01');
INSERT INTO `coupon_history` VALUES ('22', '22', '22', '22', '1970-01-22 00:00:01');
INSERT INTO `coupon_history` VALUES ('23', '23', '23', '23', '1970-01-23 00:00:01');
INSERT INTO `coupon_history` VALUES ('24', '24', '24', '24', '1970-01-24 00:00:01');
INSERT INTO `coupon_history` VALUES ('25', '25', '25', '25', '1970-01-25 00:00:01');
INSERT INTO `coupon_history` VALUES ('26', '26', '26', '26', '1970-01-26 00:00:01');
INSERT INTO `coupon_history` VALUES ('27', '27', '27', '27', '1970-01-27 00:00:01');
INSERT INTO `coupon_history` VALUES ('28', '28', '28', '28', '1970-01-28 00:00:01');
INSERT INTO `coupon_history` VALUES ('29', '29', '29', '29', '1970-01-29 00:00:01');
INSERT INTO `coupon_history` VALUES ('30', '30', '30', '30', '1970-01-30 00:00:01');
INSERT INTO `coupon_history` VALUES ('31', '31', '31', '31', '1970-01-31 00:00:01');
INSERT INTO `coupon_history` VALUES ('32', '32', '32', '32', '1970-02-01 00:00:01');
INSERT INTO `coupon_history` VALUES ('33', '33', '33', '33', '1970-02-02 00:00:01');
INSERT INTO `coupon_history` VALUES ('34', '34', '34', '34', '1970-02-03 00:00:01');
INSERT INTO `coupon_history` VALUES ('35', '35', '35', '35', '1970-02-04 00:00:01');
INSERT INTO `coupon_history` VALUES ('36', '36', '36', '36', '1970-02-05 00:00:01');

-- ----------------------------
-- Table structure for coupon_product_category_relation
-- ----------------------------
DROP TABLE IF EXISTS `coupon_product_category_relation`;
CREATE TABLE `coupon_product_category_relation` (
  `id` bigint NOT NULL AUTO_INCREMENT,
  `coupon_id` bigint DEFAULT NULL,
  `product_category_id` bigint DEFAULT NULL,
  PRIMARY KEY (`id`),
  KEY `FK_Reference_312` (`coupon_id`),
  KEY `FK_Reference_54` (`product_category_id`),
  CONSTRAINT `FK_Reference_312` FOREIGN KEY (`coupon_id`) REFERENCES `coupon` (`id`) ON DELETE RESTRICT ON UPDATE RESTRICT,
  CONSTRAINT `FK_Reference_54` FOREIGN KEY (`product_category_id`) REFERENCES `product_category` (`id`) ON DELETE RESTRICT ON UPDATE RESTRICT
) ENGINE=InnoDB AUTO_INCREMENT=37 DEFAULT CHARSET=utf8mb4 COLLATE=utf8mb4_general_ci;

-- ----------------------------
-- Records of coupon_product_category_relation
-- ----------------------------
INSERT INTO `coupon_product_category_relation` VALUES ('1', '1', '1');
INSERT INTO `coupon_product_category_relation` VALUES ('2', '2', '2');
INSERT INTO `coupon_product_category_relation` VALUES ('3', '3', '3');
INSERT INTO `coupon_product_category_relation` VALUES ('4', '4', '4');
INSERT INTO `coupon_product_category_relation` VALUES ('5', '5', '5');
INSERT INTO `coupon_product_category_relation` VALUES ('6', '6', '6');
INSERT INTO `coupon_product_category_relation` VALUES ('7', '7', '7');
INSERT INTO `coupon_product_category_relation` VALUES ('8', '8', '8');
INSERT INTO `coupon_product_category_relation` VALUES ('9', '9', '9');
INSERT INTO `coupon_product_category_relation` VALUES ('10', '10', '10');
INSERT INTO `coupon_product_category_relation` VALUES ('11', '11', '11');
INSERT INTO `coupon_product_category_relation` VALUES ('12', '12', '12');
INSERT INTO `coupon_product_category_relation` VALUES ('13', '13', '13');
INSERT INTO `coupon_product_category_relation` VALUES ('14', '14', '14');
INSERT INTO `coupon_product_category_relation` VALUES ('15', '15', '15');
INSERT INTO `coupon_product_category_relation` VALUES ('16', '16', '16');
INSERT INTO `coupon_product_category_relation` VALUES ('17', '17', '17');
INSERT INTO `coupon_product_category_relation` VALUES ('18', '18', '18');
INSERT INTO `coupon_product_category_relation` VALUES ('19', '19', '19');
INSERT INTO `coupon_product_category_relation` VALUES ('20', '20', '20');
INSERT INTO `coupon_product_category_relation` VALUES ('21', '21', '21');
INSERT INTO `coupon_product_category_relation` VALUES ('22', '22', '22');
INSERT INTO `coupon_product_category_relation` VALUES ('23', '23', '23');
INSERT INTO `coupon_product_category_relation` VALUES ('24', '24', '24');
INSERT INTO `coupon_product_category_relation` VALUES ('25', '25', '25');
INSERT INTO `coupon_product_category_relation` VALUES ('26', '26', '26');
INSERT INTO `coupon_product_category_relation` VALUES ('27', '27', '27');
INSERT INTO `coupon_product_category_relation` VALUES ('28', '28', '28');
INSERT INTO `coupon_product_category_relation` VALUES ('29', '29', '29');
INSERT INTO `coupon_product_category_relation` VALUES ('30', '30', '30');
INSERT INTO `coupon_product_category_relation` VALUES ('31', '31', '31');
INSERT INTO `coupon_product_category_relation` VALUES ('32', '32', '32');
INSERT INTO `coupon_product_category_relation` VALUES ('33', '33', '33');
INSERT INTO `coupon_product_category_relation` VALUES ('34', '34', '34');
INSERT INTO `coupon_product_category_relation` VALUES ('35', '35', '35');
INSERT INTO `coupon_product_category_relation` VALUES ('36', '36', '36');

-- ----------------------------
-- Table structure for coupon_product_relation
-- ----------------------------
DROP TABLE IF EXISTS `coupon_product_relation`;
CREATE TABLE `coupon_product_relation` (
  `id` bigint NOT NULL AUTO_INCREMENT,
  `coupon_id` bigint DEFAULT NULL,
  `product_id` bigint DEFAULT NULL,
  PRIMARY KEY (`id`),
  KEY `FK_Reference_221` (`coupon_id`),
  CONSTRAINT `FK_Reference_221` FOREIGN KEY (`coupon_id`) REFERENCES `coupon` (`id`) ON DELETE RESTRICT ON UPDATE RESTRICT
) ENGINE=InnoDB AUTO_INCREMENT=37 DEFAULT CHARSET=utf8mb4 COLLATE=utf8mb4_general_ci;

-- ----------------------------
-- Records of coupon_product_relation
-- ----------------------------
INSERT INTO `coupon_product_relation` VALUES ('1', '1', '1');
INSERT INTO `coupon_product_relation` VALUES ('2', '2', '2');
INSERT INTO `coupon_product_relation` VALUES ('3', '3', '3');
INSERT INTO `coupon_product_relation` VALUES ('4', '4', '4');
INSERT INTO `coupon_product_relation` VALUES ('5', '5', '5');
INSERT INTO `coupon_product_relation` VALUES ('6', '6', '6');
INSERT INTO `coupon_product_relation` VALUES ('7', '7', '7');
INSERT INTO `coupon_product_relation` VALUES ('8', '8', '8');
INSERT INTO `coupon_product_relation` VALUES ('9', '9', '9');
INSERT INTO `coupon_product_relation` VALUES ('10', '10', '10');
INSERT INTO `coupon_product_relation` VALUES ('11', '11', '11');
INSERT INTO `coupon_product_relation` VALUES ('12', '12', '12');
INSERT INTO `coupon_product_relation` VALUES ('13', '13', '13');
INSERT INTO `coupon_product_relation` VALUES ('14', '14', '14');
INSERT INTO `coupon_product_relation` VALUES ('15', '15', '15');
INSERT INTO `coupon_product_relation` VALUES ('16', '16', '16');
INSERT INTO `coupon_product_relation` VALUES ('17', '17', '17');
INSERT INTO `coupon_product_relation` VALUES ('18', '18', '18');
INSERT INTO `coupon_product_relation` VALUES ('19', '19', '19');
INSERT INTO `coupon_product_relation` VALUES ('20', '20', '20');
INSERT INTO `coupon_product_relation` VALUES ('21', '21', '21');
INSERT INTO `coupon_product_relation` VALUES ('22', '22', '22');
INSERT INTO `coupon_product_relation` VALUES ('23', '23', '23');
INSERT INTO `coupon_product_relation` VALUES ('24', '24', '24');
INSERT INTO `coupon_product_relation` VALUES ('25', '25', '25');
INSERT INTO `coupon_product_relation` VALUES ('26', '26', '26');
INSERT INTO `coupon_product_relation` VALUES ('27', '27', '27');
INSERT INTO `coupon_product_relation` VALUES ('28', '28', '28');
INSERT INTO `coupon_product_relation` VALUES ('29', '29', '29');
INSERT INTO `coupon_product_relation` VALUES ('30', '30', '30');
INSERT INTO `coupon_product_relation` VALUES ('31', '31', '31');
INSERT INTO `coupon_product_relation` VALUES ('32', '32', '32');
INSERT INTO `coupon_product_relation` VALUES ('33', '33', '33');
INSERT INTO `coupon_product_relation` VALUES ('34', '34', '34');
INSERT INTO `coupon_product_relation` VALUES ('35', '35', '35');
INSERT INTO `coupon_product_relation` VALUES ('36', '36', '36');

-- ----------------------------
-- Table structure for feight_template
-- ----------------------------
DROP TABLE IF EXISTS `feight_template`;
CREATE TABLE `feight_template` (
  `id` bigint NOT NULL AUTO_INCREMENT,
  `name` varchar(200) DEFAULT NULL,
  `charge_type` int DEFAULT NULL,
  `first_weight` decimal(10,2) DEFAULT NULL,
  `first_fee` decimal(10,2) DEFAULT NULL,
  PRIMARY KEY (`id`)
) ENGINE=InnoDB AUTO_INCREMENT=37 DEFAULT CHARSET=utf8mb4 COLLATE=utf8mb4_general_ci;

-- ----------------------------
-- Records of feight_template
-- ----------------------------
INSERT INTO `feight_template` VALUES ('1', 'Phung2018', '-2147483648', '-99999999.00', '-99999999.00');
INSERT INTO `feight_template` VALUES ('2', 'August315', '-2147483647', '-99999998.00', '-99999998.00');
INSERT INTO `feight_template` VALUES ('3', 'Foster275', '-2147483646', '-99999997.00', '-99999997.00');
INSERT INTO `feight_template` VALUES ('4', 'Craft4', '-2147483645', '-99999996.00', '-99999996.00');
INSERT INTO `feight_template` VALUES ('5', 'Berg78', '-2147483644', '-99999995.00', '-99999995.00');
INSERT INTO `feight_template` VALUES ('6', 'Cuellar2020', '-2147483643', '-99999994.00', '-99999994.00');
INSERT INTO `feight_template` VALUES ('7', 'Lamb84', '-2147483642', '-99999993.00', '-99999993.00');
INSERT INTO `feight_template` VALUES ('8', 'Holbrook55', '-2147483641', '-99999992.00', '-99999992.00');
INSERT INTO `feight_template` VALUES ('9', 'Jacob1980', '-2147483640', '-99999991.00', '-99999991.00');
INSERT INTO `feight_template` VALUES ('10', 'Roslyn1975', '-2147483639', '-99999990.00', '-99999990.00');
INSERT INTO `feight_template` VALUES ('11', 'Rucker119', '-2147483638', '-99999989.00', '-99999989.00');
INSERT INTO `feight_template` VALUES ('12', 'Danna1960', '-2147483637', '-99999988.00', '-99999988.00');
INSERT INTO `feight_template` VALUES ('13', 'Charlie185', '-2147483636', '-99999987.00', '-99999987.00');
INSERT INTO `feight_template` VALUES ('14', 'Bert1', '-2147483635', '-99999986.00', '-99999986.00');
INSERT INTO `feight_template` VALUES ('15', 'Duncan2000', '-2147483634', '-99999985.00', '-99999985.00');
INSERT INTO `feight_template` VALUES ('16', 'Hudson1999', '-2147483633', '-99999984.00', '-99999984.00');
INSERT INTO `feight_template` VALUES ('17', 'Carter2006', '-2147483632', '-99999983.00', '-99999983.00');
INSERT INTO `feight_template` VALUES ('18', 'Redden2023', '-2147483631', '-99999982.00', '-99999982.00');
INSERT INTO `feight_template` VALUES ('19', 'Richie39', '-2147483630', '-99999981.00', '-99999981.00');
INSERT INTO `feight_template` VALUES ('20', 'Josef2024', '-2147483629', '-99999980.00', '-99999980.00');
INSERT INTO `feight_template` VALUES ('21', 'Melvina52', '-2147483628', '-99999979.00', '-99999979.00');
INSERT INTO `feight_template` VALUES ('22', 'Velasco2000', '-2147483627', '-99999978.00', '-99999978.00');
INSERT INTO `feight_template` VALUES ('23', 'Seay9', '-2147483626', '-99999977.00', '-99999977.00');
INSERT INTO `feight_template` VALUES ('24', 'Mcwilliams578', '-2147483625', '-99999976.00', '-99999976.00');
INSERT INTO `feight_template` VALUES ('25', 'Burdick88', '-2147483624', '-99999975.00', '-99999975.00');
INSERT INTO `feight_template` VALUES ('26', 'Benedict2015', '-2147483623', '-99999974.00', '-99999974.00');
INSERT INTO `feight_template` VALUES ('27', 'Malik255', '-2147483622', '-99999973.00', '-99999973.00');
INSERT INTO `feight_template` VALUES ('28', 'Myles1990', '-2147483621', '-99999972.00', '-99999972.00');
INSERT INTO `feight_template` VALUES ('29', 'Cooks1978', '-2147483620', '-99999971.00', '-99999971.00');
INSERT INTO `feight_template` VALUES ('30', 'Becker2024', '-2147483619', '-99999970.00', '-99999970.00');
INSERT INTO `feight_template` VALUES ('31', 'Britton1980', '-2147483618', '-99999969.00', '-99999969.00');
INSERT INTO `feight_template` VALUES ('32', 'Bader2023', '-2147483617', '-99999968.00', '-99999968.00');
INSERT INTO `feight_template` VALUES ('33', 'Swain1982', '-2147483616', '-99999967.00', '-99999967.00');
INSERT INTO `feight_template` VALUES ('34', 'Otis1956', '-2147483615', '-99999966.00', '-99999966.00');
INSERT INTO `feight_template` VALUES ('35', 'Porter376', '-2147483614', '-99999965.00', '-99999965.00');
INSERT INTO `feight_template` VALUES ('36', 'Cody4', '-2147483613', '-99999964.00', '-99999964.00');

-- ----------------------------
-- Table structure for flash_promotion
-- ----------------------------
DROP TABLE IF EXISTS `flash_promotion`;
CREATE TABLE `flash_promotion` (
  `id` bigint NOT NULL AUTO_INCREMENT,
  `title` varchar(200) DEFAULT NULL,
  `start_time` datetime DEFAULT NULL,
  `end_time` datetime DEFAULT NULL,
  PRIMARY KEY (`id`)
) ENGINE=InnoDB AUTO_INCREMENT=37 DEFAULT CHARSET=utf8mb4 COLLATE=utf8mb4_general_ci;

-- ----------------------------
-- Records of flash_promotion
-- ----------------------------
INSERT INTO `flash_promotion` VALUES ('1', 'Enim voluptatibus iusto corrupti.', '1970-01-01 00:00:01', '1970-01-01 00:00:01');
INSERT INTO `flash_promotion` VALUES ('2', 'Minus dolorem fugit quae.', '1970-01-02 00:00:01', '1970-01-02 00:00:01');
INSERT INTO `flash_promotion` VALUES ('3', 'Suscipit hic dignissimos aspernatur.', '1970-01-03 00:00:01', '1970-01-03 00:00:01');
INSERT INTO `flash_promotion` VALUES ('4', 'Quae et alias ea sint provident nam.', '1970-01-04 00:00:01', '1970-01-04 00:00:01');
INSERT INTO `flash_promotion` VALUES ('5', 'Eos nihil recusandae impedit minima.', '1970-01-05 00:00:01', '1970-01-05 00:00:01');
INSERT INTO `flash_promotion` VALUES ('6', 'Aspernatur sed beatae.', '1970-01-06 00:00:01', '1970-01-06 00:00:01');
INSERT INTO `flash_promotion` VALUES ('7', 'Sunt laudantium et maiores non qui.', '1970-01-07 00:00:01', '1970-01-07 00:00:01');
INSERT INTO `flash_promotion` VALUES ('8', 'Earum sed commodi consequuntur odit.', '1970-01-08 00:00:01', '1970-01-08 00:00:01');
INSERT INTO `flash_promotion` VALUES ('9', 'Non consequatur ab est nemo voluptas.', '1970-01-09 00:00:01', '1970-01-09 00:00:01');
INSERT INTO `flash_promotion` VALUES ('10', 'Nam et placeat similique deleniti.', '1970-01-10 00:00:01', '1970-01-10 00:00:01');
INSERT INTO `flash_promotion` VALUES ('11', 'Veritatis saepe aut itaque ut tenetur.', '1970-01-11 00:00:01', '1970-01-11 00:00:01');
INSERT INTO `flash_promotion` VALUES ('12', 'Eum ratione corporis dolor ullam.', '1970-01-12 00:00:01', '1970-01-12 00:00:01');
INSERT INTO `flash_promotion` VALUES ('13', 'Et corrupti exercitationem ut.', '1970-01-13 00:00:01', '1970-01-13 00:00:01');
INSERT INTO `flash_promotion` VALUES ('14', 'Expedita doloribus a amet corrupti et.', '1970-01-14 00:00:01', '1970-01-14 00:00:01');
INSERT INTO `flash_promotion` VALUES ('15', 'Molestiae tempora eum qui nam.', '1970-01-15 00:00:01', '1970-01-15 00:00:01');
INSERT INTO `flash_promotion` VALUES ('16', 'Laboriosam voluptatem magni.', '1970-01-16 00:00:01', '1970-01-16 00:00:01');
INSERT INTO `flash_promotion` VALUES ('17', 'Iure voluptatem accusantium.', '1970-01-17 00:00:01', '1970-01-17 00:00:01');
INSERT INTO `flash_promotion` VALUES ('18', 'Quod maxime perferendis doloremque.', '1970-01-18 00:00:01', '1970-01-18 00:00:01');
INSERT INTO `flash_promotion` VALUES ('19', 'Atque excepturi laborum.', '1970-01-19 00:00:01', '1970-01-19 00:00:01');
INSERT INTO `flash_promotion` VALUES ('20', 'Excepturi facere quae quia deserunt.', '1970-01-20 00:00:01', '1970-01-20 00:00:01');
INSERT INTO `flash_promotion` VALUES ('21', 'Nihil vero nesciunt cumque tempore.', '1970-01-21 00:00:01', '1970-01-21 00:00:01');
INSERT INTO `flash_promotion` VALUES ('22', 'Illum rerum possimus animi.', '1970-01-22 00:00:01', '1970-01-22 00:00:01');
INSERT INTO `flash_promotion` VALUES ('23', 'Ad dolorum nulla quia molestias.', '1970-01-23 00:00:01', '1970-01-23 00:00:01');
INSERT INTO `flash_promotion` VALUES ('24', 'Fugit at sapiente explicabo et.', '1970-01-24 00:00:01', '1970-01-24 00:00:01');
INSERT INTO `flash_promotion` VALUES ('25', 'Iure incidunt cumque voluptate.', '1970-01-25 00:00:01', '1970-01-25 00:00:01');
INSERT INTO `flash_promotion` VALUES ('26', 'Cumque ut officiis consequatur.', '1970-01-26 00:00:01', '1970-01-26 00:00:01');
INSERT INTO `flash_promotion` VALUES ('27', 'Soluta porro ad quas ut voluptatibus.', '1970-01-27 00:00:01', '1970-01-27 00:00:01');
INSERT INTO `flash_promotion` VALUES ('28', 'Ea sint recusandae suscipit.', '1970-01-28 00:00:01', '1970-01-28 00:00:01');
INSERT INTO `flash_promotion` VALUES ('29', 'Aut reprehenderit minus eum minus.', '1970-01-29 00:00:01', '1970-01-29 00:00:01');
INSERT INTO `flash_promotion` VALUES ('30', 'Facilis dicta saepe sequi aut odit in.', '1970-01-30 00:00:01', '1970-01-30 00:00:01');
INSERT INTO `flash_promotion` VALUES ('31', 'Quos perferendis ut aperiam dolores.', '1970-01-31 00:00:01', '1970-01-31 00:00:01');
INSERT INTO `flash_promotion` VALUES ('32', 'Id blanditiis architecto quisquam.', '1970-02-01 00:00:01', '1970-02-01 00:00:01');
INSERT INTO `flash_promotion` VALUES ('33', 'Molestiae numquam iste rerum.', '1970-02-02 00:00:01', '1970-02-02 00:00:01');
INSERT INTO `flash_promotion` VALUES ('34', 'Totam enim voluptas et molestiae.', '1970-02-03 00:00:01', '1970-02-03 00:00:01');
INSERT INTO `flash_promotion` VALUES ('35', 'Non adipisci tenetur veritatis vel.', '1970-02-04 00:00:01', '1970-02-04 00:00:01');
INSERT INTO `flash_promotion` VALUES ('36', 'Expedita sit et sunt harum rerum.', '1970-02-05 00:00:01', '1970-02-05 00:00:01');

-- ----------------------------
-- Table structure for flash_promotion_log
-- ----------------------------
DROP TABLE IF EXISTS `flash_promotion_log`;
CREATE TABLE `flash_promotion_log` (
  `id` bigint NOT NULL AUTO_INCREMENT,
  `member_id` bigint DEFAULT NULL,
  `product_id` bigint DEFAULT NULL,
  `send_time` datetime DEFAULT NULL,
  PRIMARY KEY (`id`),
  KEY `FK_Reference_55` (`product_id`),
  KEY `FK_Reference_56` (`member_id`),
  CONSTRAINT `FK_Reference_55` FOREIGN KEY (`product_id`) REFERENCES `product` (`id`) ON DELETE RESTRICT ON UPDATE RESTRICT,
  CONSTRAINT `FK_Reference_56` FOREIGN KEY (`member_id`) REFERENCES `member` (`id`) ON DELETE RESTRICT ON UPDATE RESTRICT
) ENGINE=InnoDB AUTO_INCREMENT=37 DEFAULT CHARSET=utf8mb4 COLLATE=utf8mb4_general_ci;

-- ----------------------------
-- Records of flash_promotion_log
-- ----------------------------
INSERT INTO `flash_promotion_log` VALUES ('1', '1', '1', '1970-01-01 00:00:01');
INSERT INTO `flash_promotion_log` VALUES ('2', '2', '2', '1970-01-02 00:00:01');
INSERT INTO `flash_promotion_log` VALUES ('3', '3', '3', '1970-01-03 00:00:01');
INSERT INTO `flash_promotion_log` VALUES ('4', '4', '4', '1970-01-04 00:00:01');
INSERT INTO `flash_promotion_log` VALUES ('5', '5', '5', '1970-01-05 00:00:01');
INSERT INTO `flash_promotion_log` VALUES ('6', '6', '6', '1970-01-06 00:00:01');
INSERT INTO `flash_promotion_log` VALUES ('7', '7', '7', '1970-01-07 00:00:01');
INSERT INTO `flash_promotion_log` VALUES ('8', '8', '8', '1970-01-08 00:00:01');
INSERT INTO `flash_promotion_log` VALUES ('9', '9', '9', '1970-01-09 00:00:01');
INSERT INTO `flash_promotion_log` VALUES ('10', '10', '10', '1970-01-10 00:00:01');
INSERT INTO `flash_promotion_log` VALUES ('11', '11', '11', '1970-01-11 00:00:01');
INSERT INTO `flash_promotion_log` VALUES ('12', '12', '12', '1970-01-12 00:00:01');
INSERT INTO `flash_promotion_log` VALUES ('13', '13', '13', '1970-01-13 00:00:01');
INSERT INTO `flash_promotion_log` VALUES ('14', '14', '14', '1970-01-14 00:00:01');
INSERT INTO `flash_promotion_log` VALUES ('15', '15', '15', '1970-01-15 00:00:01');
INSERT INTO `flash_promotion_log` VALUES ('16', '16', '16', '1970-01-16 00:00:01');
INSERT INTO `flash_promotion_log` VALUES ('17', '17', '17', '1970-01-17 00:00:01');
INSERT INTO `flash_promotion_log` VALUES ('18', '18', '18', '1970-01-18 00:00:01');
INSERT INTO `flash_promotion_log` VALUES ('19', '19', '19', '1970-01-19 00:00:01');
INSERT INTO `flash_promotion_log` VALUES ('20', '20', '20', '1970-01-20 00:00:01');
INSERT INTO `flash_promotion_log` VALUES ('21', '21', '21', '1970-01-21 00:00:01');
INSERT INTO `flash_promotion_log` VALUES ('22', '22', '22', '1970-01-22 00:00:01');
INSERT INTO `flash_promotion_log` VALUES ('23', '23', '23', '1970-01-23 00:00:01');
INSERT INTO `flash_promotion_log` VALUES ('24', '24', '24', '1970-01-24 00:00:01');
INSERT INTO `flash_promotion_log` VALUES ('25', '25', '25', '1970-01-25 00:00:01');
INSERT INTO `flash_promotion_log` VALUES ('26', '26', '26', '1970-01-26 00:00:01');
INSERT INTO `flash_promotion_log` VALUES ('27', '27', '27', '1970-01-27 00:00:01');
INSERT INTO `flash_promotion_log` VALUES ('28', '28', '28', '1970-01-28 00:00:01');
INSERT INTO `flash_promotion_log` VALUES ('29', '29', '29', '1970-01-29 00:00:01');
INSERT INTO `flash_promotion_log` VALUES ('30', '30', '30', '1970-01-30 00:00:01');
INSERT INTO `flash_promotion_log` VALUES ('31', '31', '31', '1970-01-31 00:00:01');
INSERT INTO `flash_promotion_log` VALUES ('32', '32', '32', '1970-02-01 00:00:01');
INSERT INTO `flash_promotion_log` VALUES ('33', '33', '33', '1970-02-02 00:00:01');
INSERT INTO `flash_promotion_log` VALUES ('34', '34', '34', '1970-02-03 00:00:01');
INSERT INTO `flash_promotion_log` VALUES ('35', '35', '35', '1970-02-04 00:00:01');
INSERT INTO `flash_promotion_log` VALUES ('36', '36', '36', '1970-02-05 00:00:01');

-- ----------------------------
-- Table structure for flash_promotion_product_relation
-- ----------------------------
DROP TABLE IF EXISTS `flash_promotion_product_relation`;
CREATE TABLE `flash_promotion_product_relation` (
  `id` bigint NOT NULL AUTO_INCREMENT,
  `flash_promotion_id` bigint DEFAULT NULL,
  `flash_promotion_session_id` bigint DEFAULT NULL,
  `product_id` bigint DEFAULT NULL,
  `price` decimal(10,2) DEFAULT NULL,
  `count` int DEFAULT NULL,
  `member_limit` int DEFAULT NULL,
  PRIMARY KEY (`id`),
  KEY `FK_Reference_412` (`flash_promotion_id`),
  KEY `FK_Reference_516` (`flash_promotion_session_id`),
  KEY `FK_Reference_57` (`product_id`),
  CONSTRAINT `FK_Reference_412` FOREIGN KEY (`flash_promotion_id`) REFERENCES `flash_promotion` (`id`) ON DELETE RESTRICT ON UPDATE RESTRICT,
  CONSTRAINT `FK_Reference_516` FOREIGN KEY (`flash_promotion_session_id`) REFERENCES `flash_promotion_session` (`id`) ON DELETE RESTRICT ON UPDATE RESTRICT,
  CONSTRAINT `FK_Reference_57` FOREIGN KEY (`product_id`) REFERENCES `product` (`id`) ON DELETE RESTRICT ON UPDATE RESTRICT
) ENGINE=InnoDB AUTO_INCREMENT=37 DEFAULT CHARSET=utf8mb4 COLLATE=utf8mb4_general_ci;

-- ----------------------------
-- Records of flash_promotion_product_relation
-- ----------------------------
INSERT INTO `flash_promotion_product_relation` VALUES ('1', '1', '1', '1', '99.00', '-2147483648', '-2147483648');
INSERT INTO `flash_promotion_product_relation` VALUES ('2', '2', '2', '2', '100.00', '-2147483647', '-2147483647');
INSERT INTO `flash_promotion_product_relation` VALUES ('3', '3', '3', '3', '101.00', '-2147483646', '-2147483646');
INSERT INTO `flash_promotion_product_relation` VALUES ('4', '4', '4', '4', '102.00', '-2147483645', '-2147483645');
INSERT INTO `flash_promotion_product_relation` VALUES ('5', '5', '5', '5', '103.00', '-2147483644', '-2147483644');
INSERT INTO `flash_promotion_product_relation` VALUES ('6', '6', '6', '6', '104.00', '-2147483643', '-2147483643');
INSERT INTO `flash_promotion_product_relation` VALUES ('7', '7', '7', '7', '105.00', '-2147483642', '-2147483642');
INSERT INTO `flash_promotion_product_relation` VALUES ('8', '8', '8', '8', '106.00', '-2147483641', '-2147483641');
INSERT INTO `flash_promotion_product_relation` VALUES ('9', '9', '9', '9', '107.00', '-2147483640', '-2147483640');
INSERT INTO `flash_promotion_product_relation` VALUES ('10', '10', '10', '10', '108.00', '-2147483639', '-2147483639');
INSERT INTO `flash_promotion_product_relation` VALUES ('11', '11', '11', '11', '109.00', '-2147483638', '-2147483638');
INSERT INTO `flash_promotion_product_relation` VALUES ('12', '12', '12', '12', '110.00', '-2147483637', '-2147483637');
INSERT INTO `flash_promotion_product_relation` VALUES ('13', '13', '13', '13', '111.00', '-2147483636', '-2147483636');
INSERT INTO `flash_promotion_product_relation` VALUES ('14', '14', '14', '14', '112.00', '-2147483635', '-2147483635');
INSERT INTO `flash_promotion_product_relation` VALUES ('15', '15', '15', '15', '113.00', '-2147483634', '-2147483634');
INSERT INTO `flash_promotion_product_relation` VALUES ('16', '16', '16', '16', '114.00', '-2147483633', '-2147483633');
INSERT INTO `flash_promotion_product_relation` VALUES ('17', '17', '17', '17', '115.00', '-2147483632', '-2147483632');
INSERT INTO `flash_promotion_product_relation` VALUES ('18', '18', '18', '18', '116.00', '-2147483631', '-2147483631');
INSERT INTO `flash_promotion_product_relation` VALUES ('19', '19', '19', '19', '117.00', '-2147483630', '-2147483630');
INSERT INTO `flash_promotion_product_relation` VALUES ('20', '20', '20', '20', '118.00', '-2147483629', '-2147483629');
INSERT INTO `flash_promotion_product_relation` VALUES ('21', '21', '21', '21', '119.00', '-2147483628', '-2147483628');
INSERT INTO `flash_promotion_product_relation` VALUES ('22', '22', '22', '22', '120.00', '-2147483627', '-2147483627');
INSERT INTO `flash_promotion_product_relation` VALUES ('23', '23', '23', '23', '121.00', '-2147483626', '-2147483626');
INSERT INTO `flash_promotion_product_relation` VALUES ('24', '24', '24', '24', '122.00', '-2147483625', '-2147483625');
INSERT INTO `flash_promotion_product_relation` VALUES ('25', '25', '25', '25', '123.00', '-2147483624', '-2147483624');
INSERT INTO `flash_promotion_product_relation` VALUES ('26', '26', '26', '26', '124.00', '-2147483623', '-2147483623');
INSERT INTO `flash_promotion_product_relation` VALUES ('27', '27', '27', '27', '125.00', '-2147483622', '-2147483622');
INSERT INTO `flash_promotion_product_relation` VALUES ('28', '28', '28', '28', '126.00', '-2147483621', '-2147483621');
INSERT INTO `flash_promotion_product_relation` VALUES ('29', '29', '29', '29', '127.00', '-2147483620', '-2147483620');
INSERT INTO `flash_promotion_product_relation` VALUES ('30', '30', '30', '30', '128.00', '-2147483619', '-2147483619');
INSERT INTO `flash_promotion_product_relation` VALUES ('31', '31', '31', '31', '129.00', '-2147483618', '-2147483618');
INSERT INTO `flash_promotion_product_relation` VALUES ('32', '32', '32', '32', '130.00', '-2147483617', '-2147483617');
INSERT INTO `flash_promotion_product_relation` VALUES ('33', '33', '33', '33', '131.00', '-2147483616', '-2147483616');
INSERT INTO `flash_promotion_product_relation` VALUES ('34', '34', '34', '34', '132.00', '-2147483615', '-2147483615');
INSERT INTO `flash_promotion_product_relation` VALUES ('35', '35', '35', '35', '133.00', '-2147483614', '-2147483614');
INSERT INTO `flash_promotion_product_relation` VALUES ('36', '36', '36', '36', '134.00', '-2147483613', '-2147483613');

-- ----------------------------
-- Table structure for flash_promotion_session
-- ----------------------------
DROP TABLE IF EXISTS `flash_promotion_session`;
CREATE TABLE `flash_promotion_session` (
  `id` bigint NOT NULL AUTO_INCREMENT,
  `name` varchar(200) DEFAULT NULL,
  `start_time` datetime DEFAULT NULL,
  `end_time` datetime DEFAULT NULL,
  PRIMARY KEY (`id`)
) ENGINE=InnoDB AUTO_INCREMENT=37 DEFAULT CHARSET=utf8mb4 COLLATE=utf8mb4_general_ci;

-- ----------------------------
-- Records of flash_promotion_session
-- ----------------------------
INSERT INTO `flash_promotion_session` VALUES ('1', 'Cinderella175', '1970-01-01 00:00:01', '1970-01-01 00:00:01');
INSERT INTO `flash_promotion_session` VALUES ('2', 'Rudolf279', '1970-01-02 00:00:01', '1970-01-02 00:00:01');
INSERT INTO `flash_promotion_session` VALUES ('3', 'Daron2001', '1970-01-03 00:00:01', '1970-01-03 00:00:01');
INSERT INTO `flash_promotion_session` VALUES ('4', 'Schmid1993', '1970-01-04 00:00:01', '1970-01-04 00:00:01');
INSERT INTO `flash_promotion_session` VALUES ('5', 'Antony1990', '1970-01-05 00:00:01', '1970-01-05 00:00:01');
INSERT INTO `flash_promotion_session` VALUES ('6', 'Goddard1982', '1970-01-06 00:00:01', '1970-01-06 00:00:01');
INSERT INTO `flash_promotion_session` VALUES ('7', 'Dick333', '1970-01-07 00:00:01', '1970-01-07 00:00:01');
INSERT INTO `flash_promotion_session` VALUES ('8', 'Palma1963', '1970-01-08 00:00:01', '1970-01-08 00:00:01');
INSERT INTO `flash_promotion_session` VALUES ('9', 'Florence173', '1970-01-09 00:00:01', '1970-01-09 00:00:01');
INSERT INTO `flash_promotion_session` VALUES ('10', 'Jack1958', '1970-01-10 00:00:01', '1970-01-10 00:00:01');
INSERT INTO `flash_promotion_session` VALUES ('11', 'Rudolph2001', '1970-01-11 00:00:01', '1970-01-11 00:00:01');
INSERT INTO `flash_promotion_session` VALUES ('12', 'Ross2024', '1970-01-12 00:00:01', '1970-01-12 00:00:01');
INSERT INTO `flash_promotion_session` VALUES ('13', 'Damion512', '1970-01-13 00:00:01', '1970-01-13 00:00:01');
INSERT INTO `flash_promotion_session` VALUES ('14', 'Newton1960', '1970-01-14 00:00:01', '1970-01-14 00:00:01');
INSERT INTO `flash_promotion_session` VALUES ('15', 'Florinda2007', '1970-01-15 00:00:01', '1970-01-15 00:00:01');
INSERT INTO `flash_promotion_session` VALUES ('16', 'Lorri125', '1970-01-16 00:00:01', '1970-01-16 00:00:01');
INSERT INTO `flash_promotion_session` VALUES ('17', 'Jung2006', '1970-01-17 00:00:01', '1970-01-17 00:00:01');
INSERT INTO `flash_promotion_session` VALUES ('18', 'Tamela2018', '1970-01-18 00:00:01', '1970-01-18 00:00:01');
INSERT INTO `flash_promotion_session` VALUES ('19', 'Loera95', '1970-01-19 00:00:01', '1970-01-19 00:00:01');
INSERT INTO `flash_promotion_session` VALUES ('20', 'Gilbert342', '1970-01-20 00:00:01', '1970-01-20 00:00:01');
INSERT INTO `flash_promotion_session` VALUES ('21', 'Georgann877', '1970-01-21 00:00:01', '1970-01-21 00:00:01');
INSERT INTO `flash_promotion_session` VALUES ('22', 'Edna67', '1970-01-22 00:00:01', '1970-01-22 00:00:01');
INSERT INTO `flash_promotion_session` VALUES ('23', 'Merritt346', '1970-01-23 00:00:01', '1970-01-23 00:00:01');
INSERT INTO `flash_promotion_session` VALUES ('24', 'Dane829', '1970-01-24 00:00:01', '1970-01-24 00:00:01');
INSERT INTO `flash_promotion_session` VALUES ('25', 'Tamiko126', '1970-01-25 00:00:01', '1970-01-25 00:00:01');
INSERT INTO `flash_promotion_session` VALUES ('26', 'Teresia1999', '1970-01-26 00:00:01', '1970-01-26 00:00:01');
INSERT INTO `flash_promotion_session` VALUES ('27', 'Naomi659', '1970-01-27 00:00:01', '1970-01-27 00:00:01');
INSERT INTO `flash_promotion_session` VALUES ('28', 'Andrea1980', '1970-01-28 00:00:01', '1970-01-28 00:00:01');
INSERT INTO `flash_promotion_session` VALUES ('29', 'Longoria817', '1970-01-29 00:00:01', '1970-01-29 00:00:01');
INSERT INTO `flash_promotion_session` VALUES ('30', 'Candis2011', '1970-01-30 00:00:01', '1970-01-30 00:00:01');
INSERT INTO `flash_promotion_session` VALUES ('31', 'Merle625', '1970-01-31 00:00:01', '1970-01-31 00:00:01');
INSERT INTO `flash_promotion_session` VALUES ('32', 'Hedrick1971', '1970-02-01 00:00:01', '1970-02-01 00:00:01');
INSERT INTO `flash_promotion_session` VALUES ('33', 'Ivana625', '1970-02-02 00:00:01', '1970-02-02 00:00:01');
INSERT INTO `flash_promotion_session` VALUES ('34', 'Kelvin6', '1970-02-03 00:00:01', '1970-02-03 00:00:01');
INSERT INTO `flash_promotion_session` VALUES ('35', 'Cynthia2011', '1970-02-04 00:00:01', '1970-02-04 00:00:01');
INSERT INTO `flash_promotion_session` VALUES ('36', 'Alexis1996', '1970-02-05 00:00:01', '1970-02-05 00:00:01');

-- ----------------------------
-- Table structure for growth_change_history
-- ----------------------------
DROP TABLE IF EXISTS `growth_change_history`;
CREATE TABLE `growth_change_history` (
  `member_id` bigint DEFAULT NULL,
  `change_type` int DEFAULT NULL,
  `change_count` int DEFAULT NULL,
  `create_time` datetime DEFAULT NULL,
  KEY `FK_Reference_14` (`member_id`),
  CONSTRAINT `FK_Reference_14` FOREIGN KEY (`member_id`) REFERENCES `member` (`id`) ON DELETE RESTRICT ON UPDATE RESTRICT
) ENGINE=InnoDB DEFAULT CHARSET=utf8mb4 COLLATE=utf8mb4_general_ci;

-- ----------------------------
-- Records of growth_change_history
-- ----------------------------
INSERT INTO `growth_change_history` VALUES ('1', '-2147483648', '-2147483648', '1970-01-01 00:00:01');
INSERT INTO `growth_change_history` VALUES ('2', '-2147483647', '-2147483647', '1970-01-02 00:00:01');
INSERT INTO `growth_change_history` VALUES ('3', '-2147483646', '-2147483646', '1970-01-03 00:00:01');
INSERT INTO `growth_change_history` VALUES ('4', '-2147483645', '-2147483645', '1970-01-04 00:00:01');
INSERT INTO `growth_change_history` VALUES ('5', '-2147483644', '-2147483644', '1970-01-05 00:00:01');
INSERT INTO `growth_change_history` VALUES ('6', '-2147483643', '-2147483643', '1970-01-06 00:00:01');
INSERT INTO `growth_change_history` VALUES ('7', '-2147483642', '-2147483642', '1970-01-07 00:00:01');
INSERT INTO `growth_change_history` VALUES ('8', '-2147483641', '-2147483641', '1970-01-08 00:00:01');
INSERT INTO `growth_change_history` VALUES ('9', '-2147483640', '-2147483640', '1970-01-09 00:00:01');
INSERT INTO `growth_change_history` VALUES ('10', '-2147483639', '-2147483639', '1970-01-10 00:00:01');
INSERT INTO `growth_change_history` VALUES ('11', '-2147483638', '-2147483638', '1970-01-11 00:00:01');
INSERT INTO `growth_change_history` VALUES ('12', '-2147483637', '-2147483637', '1970-01-12 00:00:01');
INSERT INTO `growth_change_history` VALUES ('13', '-2147483636', '-2147483636', '1970-01-13 00:00:01');
INSERT INTO `growth_change_history` VALUES ('14', '-2147483635', '-2147483635', '1970-01-14 00:00:01');
INSERT INTO `growth_change_history` VALUES ('15', '-2147483634', '-2147483634', '1970-01-15 00:00:01');
INSERT INTO `growth_change_history` VALUES ('16', '-2147483633', '-2147483633', '1970-01-16 00:00:01');
INSERT INTO `growth_change_history` VALUES ('17', '-2147483632', '-2147483632', '1970-01-17 00:00:01');
INSERT INTO `growth_change_history` VALUES ('18', '-2147483631', '-2147483631', '1970-01-18 00:00:01');
INSERT INTO `growth_change_history` VALUES ('19', '-2147483630', '-2147483630', '1970-01-19 00:00:01');
INSERT INTO `growth_change_history` VALUES ('20', '-2147483629', '-2147483629', '1970-01-20 00:00:01');
INSERT INTO `growth_change_history` VALUES ('21', '-2147483628', '-2147483628', '1970-01-21 00:00:01');
INSERT INTO `growth_change_history` VALUES ('22', '-2147483627', '-2147483627', '1970-01-22 00:00:01');
INSERT INTO `growth_change_history` VALUES ('23', '-2147483626', '-2147483626', '1970-01-23 00:00:01');
INSERT INTO `growth_change_history` VALUES ('24', '-2147483625', '-2147483625', '1970-01-24 00:00:01');
INSERT INTO `growth_change_history` VALUES ('25', '-2147483624', '-2147483624', '1970-01-25 00:00:01');
INSERT INTO `growth_change_history` VALUES ('26', '-2147483623', '-2147483623', '1970-01-26 00:00:01');
INSERT INTO `growth_change_history` VALUES ('27', '-2147483622', '-2147483622', '1970-01-27 00:00:01');
INSERT INTO `growth_change_history` VALUES ('28', '-2147483621', '-2147483621', '1970-01-28 00:00:01');
INSERT INTO `growth_change_history` VALUES ('29', '-2147483620', '-2147483620', '1970-01-29 00:00:01');
INSERT INTO `growth_change_history` VALUES ('30', '-2147483619', '-2147483619', '1970-01-30 00:00:01');
INSERT INTO `growth_change_history` VALUES ('31', '-2147483618', '-2147483618', '1970-01-31 00:00:01');
INSERT INTO `growth_change_history` VALUES ('32', '-2147483617', '-2147483617', '1970-02-01 00:00:01');
INSERT INTO `growth_change_history` VALUES ('33', '-2147483616', '-2147483616', '1970-02-02 00:00:01');
INSERT INTO `growth_change_history` VALUES ('34', '-2147483615', '-2147483615', '1970-02-03 00:00:01');
INSERT INTO `growth_change_history` VALUES ('35', '-2147483614', '-2147483614', '1970-02-04 00:00:01');
INSERT INTO `growth_change_history` VALUES ('36', '-2147483613', '-2147483613', '1970-02-05 00:00:01');

-- ----------------------------
-- Table structure for help
-- ----------------------------
DROP TABLE IF EXISTS `help`;
CREATE TABLE `help` (
  `id` bigint NOT NULL AUTO_INCREMENT,
  `title` varchar(200) DEFAULT NULL,
  `content` text,
  `category_id` bigint DEFAULT NULL,
  `create_time` datetime DEFAULT NULL,
  PRIMARY KEY (`id`),
  KEY `FK_Reference_716` (`category_id`),
  CONSTRAINT `FK_Reference_716` FOREIGN KEY (`category_id`) REFERENCES `help_category` (`id`) ON DELETE RESTRICT ON UPDATE RESTRICT
) ENGINE=InnoDB AUTO_INCREMENT=37 DEFAULT CHARSET=utf8mb4 COLLATE=utf8mb4_general_ci;

-- ----------------------------
-- Records of help
-- ----------------------------
INSERT INTO `help` VALUES ('1', 'Ducimus velit voluptatem fugiat.', '0', '1', '1970-01-01 00:00:01');
INSERT INTO `help` VALUES ('2', 'Minus consectetur aspernatur quae.', '57O40604G4E24I2AQ064154RA183', '2', '1970-01-02 00:00:01');
INSERT INTO `help` VALUES ('3', 'Molestiae sit aliquid aut est tenetur.', 'ZGG1990B311WF53F72EBAM435YD3P5WN81MQ2DUK924F4C90P5WHR5GP443YK828D4XCBE42080I22F6B17R3218ZMOLQUR7MTM586N677JR28C38VDXR5K43N1X4081M16NHB2P3AJV0893K1QPGB7DYPZ39DH140AEJ08QWEHL3A5A2C0IU1F6I045STD22131E554', '3', '1970-01-03 00:00:01');
INSERT INTO `help` VALUES ('4', 'Qui eos dignissimos aut consectetur.', '8F6H58Y1HP0JK3M', '4', '1970-01-04 00:00:01');
INSERT INTO `help` VALUES ('5', 'Et doloribus nihil et quis.', 'LAJV4EF0J8W944EUBD28KRJ054W06D107P6B8D', '5', '1970-01-05 00:00:01');
INSERT INTO `help` VALUES ('6', 'Non minus odit.', '398L56N5P25ATC17E0TD808CU81357H39E06TUY27VLK76KB57', '6', '1970-01-06 00:00:01');
INSERT INTO `help` VALUES ('7', 'Rerum accusantium aut.', 'V586VIA468O2L1S', '7', '1970-01-07 00:00:01');
INSERT INTO `help` VALUES ('8', 'Voluptatem necessitatibus fugit.', 'HZKYD7ZVKJ4GOF35TG35NC80XAW21O9KW0DS2EMOF6J8594T18F727L3IC83A9GR5SAUWV60US624U824QU5A94A2XN6SV2V5VEHC204SO958P15H5XG86D840BRQE9J4A2P0082GI', '8', '1970-01-08 00:00:01');
INSERT INTO `help` VALUES ('9', 'Numquam porro architecto harum.', '38KC7OC8O3JGZ', '9', '1970-01-09 00:00:01');
INSERT INTO `help` VALUES ('10', 'Voluptatum nihil sed aut.', '2DN91JCMX3N84MQ3U116P22GUSQXWSWH98TE2PWSJ6F5DD4V089Y173D34VCNSZNJXVD1E12WDN5340KWZDM0', '10', '1970-01-10 00:00:01');
INSERT INTO `help` VALUES ('11', 'Et cum ad itaque culpa eligendi ipsam.', '984A08M8B1742ZP1MCJH9V2XR8KA76RBUHU9S3J', '11', '1970-01-11 00:00:01');
INSERT INTO `help` VALUES ('12', 'Qui est rerum quasi ut obcaecati.', '99UW1N50F0U6H57D8DS0R48S6KYL6TL2Z76H77T4J0V64X2S6BZ04J2T08PT87V1GLDR7NB8SZ413KONK9MP9IRST49EJ0M54XGI5I', '12', '1970-01-12 00:00:01');
INSERT INTO `help` VALUES ('13', 'Fugiat repellendus et quia officia.', '659H4L3SR56N61J38B1236U25C7SWD9BQY08H4W3E5HJ0WY8FVKX7XN0O018A1EKCQ2L13WJJ69V8W5JFHBLFD086565ZQ5HCKG9NA401EW5D04XW4Q8Z4O', '13', '1970-01-13 00:00:01');
INSERT INTO `help` VALUES ('14', 'Nobis dolor nostrum deleniti ad.', 'DCPEVN62JL3R6V6830127LBZL16EQ79CB8N439BG4Q486BD760VFJB0RR6T8QV3V1LQY250N3YR47W2HMV10JKWZI2J08V5195Q109Y6KY870UR2154WKV44981M612RUN', '14', '1970-01-14 00:00:01');
INSERT INTO `help` VALUES ('15', 'Natus non quaerat quisquam explicabo.', 'UUFY75', '15', '1970-01-15 00:00:01');
INSERT INTO `help` VALUES ('16', 'Recusandae qui voluptas earum.', 'HX4U755J5CSQ5N89N2764OKT71PUJGFUK9RW0WO3C5QN96B777NZ2ETX425YU7ND25SX4BYLD98T5E28SDFJRFGGFSVD', '16', '1970-01-16 00:00:01');
INSERT INTO `help` VALUES ('17', 'Ullam ut itaque quasi tempore optio.', 'GJQE5962Q5A3B436X77GA90Z1U4PZ8MIOO37EJ5O68U3LMA1I7E6KZ18SYQ70S73DGRXAS596N8IIUZ3092EE11OLB226G5871N18Y63AN193SK601777PC8P140T89XI6030', '17', '1970-01-17 00:00:01');
INSERT INTO `help` VALUES ('18', 'Cupiditate molestiae dignissimos.', 'F99W01TL850N236PX44EDQV5XC63SG', '18', '1970-01-18 00:00:01');
INSERT INTO `help` VALUES ('19', 'Nemo aliquid ut molestiae facere iure.', '8NG0273RFZN551KI9G8020W69FGXK2S7YQ7CC14PFW1K6V61197J7NU5D0BONC0HSQZ40T4V66QXP7JG1NR3I89YSB2QJSNE08758HNH9E15DD56VK40', '19', '1970-01-19 00:00:01');
INSERT INTO `help` VALUES ('20', 'Necessitatibus deserunt aliquid.', 'DMO21H231HK4', '20', '1970-01-20 00:00:01');
INSERT INTO `help` VALUES ('21', 'Non libero et natus tenetur est ullam.', '29H93TQJR250M3XRY0U85TZSHZW1NY1QLDJ47X73G76JAX1VJVQG44K87M7491Z4R7C02I9PKM3UJH847BH0N674G76898O1Y79R64077BM1L56S0ZZP665N00NG4488GTTIV2UHNGS2JXJ0E8E6XE20G3I4H2355PHQ9955O6L8Y43RYRIYI3FPCDI6B49Z223Z5S56', '21', '1970-01-21 00:00:01');
INSERT INTO `help` VALUES ('22', 'Ipsum dolorem corrupti magni hic.', '5XMD501906HIHCX2NI082L', '22', '1970-01-22 00:00:01');
INSERT INTO `help` VALUES ('23', 'Sed nobis assumenda aut est voluptas.', 'TA1D30195MN8L8MRWGNX57J1S5Z999467V8B14N85M214B9YKG4V320Q1UAS4286O23B6VMP6A9QIW3ZB', '23', '1970-01-23 00:00:01');
INSERT INTO `help` VALUES ('24', 'Ut aut eligendi laudantium.', '29Z2IT870PCZ6R9A145Z4CD64KGA450L277B5W3084DECQF646E9I9297KPZ1J0C0N9040Z266NY16BVD37NSXE9A47025EO919F53', '24', '1970-01-24 00:00:01');
INSERT INTO `help` VALUES ('25', 'Repudiandae consequatur sint omnis.', '583XIFTVD443088H914R22C54UT1G65M5', '25', '1970-01-25 00:00:01');
INSERT INTO `help` VALUES ('26', 'Minus suscipit vero nobis dolores aut.', '04X49V08RIO72V0P6X658K4T9O543HT28A6P071IGDL703640CJU', '26', '1970-01-26 00:00:01');
INSERT INTO `help` VALUES ('27', 'Voluptas a ex dolor.', 'AMO40O26629C6Q09S30GD8BR212G66M9972XK', '27', '1970-01-27 00:00:01');
INSERT INTO `help` VALUES ('28', 'Quod quasi quos nihil accusantium aut.', 'SS75M0BOFS15L5F7ZO966V1BRNN0606I5AC4N2P8229XKD553PSZ1M669V7Q8A', '28', '1970-01-28 00:00:01');
INSERT INTO `help` VALUES ('29', 'Esse culpa aperiam non et voluptatem.', 'N9AHLGGLX0SROV1C5V731173Y6T2VPXXET7GZC3FJ78DJNAIID43L160W5638W7ROWVU31XCTI46F9VN129AJ9NSPSFT4LIKBDC48521NF7P730D8CNY92I99TK906W0F4726052X60B7B14860120H59MG2SDQ7L5M5D44Z83N7M34EFQBZK59U', '29', '1970-01-29 00:00:01');
INSERT INTO `help` VALUES ('30', 'Mollitia vel ut perspiciatis quae.', 'Z', '30', '1970-01-30 00:00:01');
INSERT INTO `help` VALUES ('31', 'Et quod eligendi facilis voluptatem.', '7PR8N2R3CQ4AACBK1Z4D', '31', '1970-01-31 00:00:01');
INSERT INTO `help` VALUES ('32', 'Veniam modi ut odio non odit ex.', 'AS60BYQ4BWKU0X7VD1NIPFJBSJH9W4R63YXT7X7T8B6LU4K7', '32', '1970-02-01 00:00:01');
INSERT INTO `help` VALUES ('33', 'Beatae obcaecati repudiandae.', 'VS6B9', '33', '1970-02-02 00:00:01');
INSERT INTO `help` VALUES ('34', 'Sit voluptas laudantium suscipit.', 'BYD791TR31W9B8LG0YK8E8EN757M6PKIZP8DONN71', '34', '1970-02-03 00:00:01');
INSERT INTO `help` VALUES ('35', 'Laudantium consequuntur sit aut eaque.', 'CV59MEQSAC13WPHEU', '35', '1970-02-04 00:00:01');
INSERT INTO `help` VALUES ('36', 'Hic ad sed hic nobis qui veritatis.', '62T6L3GW6X63', '36', '1970-02-05 00:00:01');

-- ----------------------------
-- Table structure for help_category
-- ----------------------------
DROP TABLE IF EXISTS `help_category`;
CREATE TABLE `help_category` (
  `id` bigint NOT NULL AUTO_INCREMENT,
  `name` varchar(200) DEFAULT NULL,
  `icon` varchar(500) DEFAULT NULL,
  PRIMARY KEY (`id`)
) ENGINE=InnoDB AUTO_INCREMENT=37 DEFAULT CHARSET=utf8mb4 COLLATE=utf8mb4_general_ci;

-- ----------------------------
-- Records of help_category
-- ----------------------------
INSERT INTO `help_category` VALUES ('1', 'Audible', 'W6M3Z40942RADF096V51HFS8DD8UA');
INSERT INTO `help_category` VALUES ('2', 'Music', 'R8TFY5Q7608WZ2R36L09OQ44MM3V6UE90M2K4LN55SEA1O110K388CW94');
INSERT INTO `help_category` VALUES ('3', 'Movies', '7M6086TT7P29EROZT3131F169J771X480745PAN52ZSB2S75CFI');
INSERT INTO `help_category` VALUES ('4', 'Books', 'N9Z83V9LAH5I1RU80MFQ84R86EQN8LFG87W6150068CB1Z1LZ02M4UAAO40207G11');
INSERT INTO `help_category` VALUES ('5', 'Shoes', '03');
INSERT INTO `help_category` VALUES ('6', 'Sports', 'H8F892P8758T667IIG4FOD5W4M91MYE326KGP9R');
INSERT INTO `help_category` VALUES ('7', 'Music', '645VA0UE5IW82BZG24379K1A');
INSERT INTO `help_category` VALUES ('8', 'Patio', '0161DM73D4N1XXSS7P0D5526P');
INSERT INTO `help_category` VALUES ('9', 'Jewelry', 'J9QY95HS29DSNS2C2YCPUZVBZ98UH5UHWTY7D15Y7N4XG53RAKF86H8VL7E1G35VPWVMC294962VXR8OK714NM86V848X0EGEX7DL3822LS031SHN668V3ZKW4AU74UTRZ46C336153HKT128F13965PQ5313A4BO1E24B2O825479S52V0T5FCV2NKLL9I52886R2173N6F7223TR3C');
INSERT INTO `help_category` VALUES ('10', 'Audible', 'A655MI9BNB00V82KS2W2TBE093K120SA02ZA67O889IUB8W94W925XU8LM7BHP3BC7687I6XCZUFZB38DA0LVDCOX7P9137FI1FAL7L506N3E18W80K9VDJT8JAY5559');
INSERT INTO `help_category` VALUES ('11', 'Gifts', 'IEMH28WJ8DN8ZT3429O470B14FV49A9O2U77DWCJ52P30BF376G0');
INSERT INTO `help_category` VALUES ('12', 'Tools', '5TV093VVLPK05J8QCLK832R8890U764W7L7S7LZ5W5FA776Y800LI5N5938SUQ7MNOZWD38243EZ7W19T79XVULR78406NDIZ7I8G3Y18QFL6B629XPNJ994DUO6WX610E7');
INSERT INTO `help_category` VALUES ('13', 'Office', 'ALRHQR70656733GC2QNPXS4PA747G99Z8O770983W3HNB7RK71VKW7HA966822XZXH5EB540WQ6F5IRRND95VA');
INSERT INTO `help_category` VALUES ('14', 'Movies', 'NQIG0GSAE63XJLT932F3CLC8BQVCXAQN926HV89I7GN6946ZUC610P932CSL1176NF56UH9RN5G8376077ZRXA1T40618GP0X37Z3Q56760KCNO411Y1OK2JCC6G416KL991W');
INSERT INTO `help_category` VALUES ('15', 'Health', 'K2W535OF5457P38KP78CD5H122');
INSERT INTO `help_category` VALUES ('16', 'Jewelry', '5ZI30F548C10H9E0HI6T7A39NHDJJDY6T270IK89A250F61EVN63183ZKF09BD3D80IMU77EY933316Q3B35MFMA304CZE6CI6R1Z5N83R4JG465V8097F5H4053N6DZUWHYG876C5X1EW5OF2J4B3JI0I9BQG4O6NJLDL156H4P9E1IHYR4C3A7GHV80C45ZQ1H77L2M34');
INSERT INTO `help_category` VALUES ('17', 'Shoes', '3YA89I7UD80');
INSERT INTO `help_category` VALUES ('18', 'Sports', '0U61NN3Y89QM3LG2FU9R4I4QOO952224098H94B18686W492L7T8P9R1CVXP0T7A23H4VIYIFV2VCG4P3M1U8CM500U1JGP7I113S2431B06GHLR79V7NJ89AONVSD1B5B77TZE4O0M0Q5B7L820DJQ7175NZK8T12U994DI3UI0UMMX0AIY948DDLK28I0TSE8J2DZ1KOBHC9ND1J9N');
INSERT INTO `help_category` VALUES ('19', 'Movies', 'D5S86F5336L6O11G9F4E47WPMRWQ15XKYX2O4E40ZK25XGT82ILU278F04890J71VIJ6TRN2N3Z1M6507L00173');
INSERT INTO `help_category` VALUES ('20', 'Patio', '0F7277CU82T3P691J1KGPO66M9T2J946H28');
INSERT INTO `help_category` VALUES ('21', 'Clothing', 'F39S0O37067CH0B6240397N0ECB6V2029XEUWQCYCH161DU8AX71LEL5V142FUWT573W7584LR7HT824NVJ6EI237Y8E56C4V0KT599A23735SWGN53OQ55C4760AQN4PK');
INSERT INTO `help_category` VALUES ('22', 'Games', 'Q3MFT891W5');
INSERT INTO `help_category` VALUES ('23', 'Electronics', '02YBG6L8R236486OO91I5BJD8MF44413422PU4KUC3Z1P3J0FAH8X23W9ZU2G80K464MHOQ8MZ97WFP9BV0ZNC3GNK44S6020G1195WAF2052I616R3G183PPCATZU4621KP878AXYO34UM29H61O754S43RLKW3IEK5H7GGU45W2PBRN3A8E4TW4I2UOW048BJT822JI3488Z8RIPD19NQ7U5DF296024HV6YZ9MGI7JQCHK27M6318L88825JOG361JHCPG5M2R4S118X3J03P5TOPI1X07G5VU8V5');
INSERT INTO `help_category` VALUES ('24', 'Tools', '3P9IR75923H80OM2P343168Q487UXPC9Y0D4E8HFMFT4IT05O384');
INSERT INTO `help_category` VALUES ('25', 'Electronics', 'OVH034B46F3K3LBG66HG321N951M5W43U85H2TM5QC167QVPB4S126N262HQO2PN05XLF2JHAA3Z187M7ZN977770J31Q9P0U53GX18676I7K530OG73U7Z298TG20XEE00Y3NWL9AD9M351MYUC47672D34G2056NF845R2EV8Q42R06LQ0CN4JP95596N0VV3QHS5Y5W954DCTG44HQ4UN68P2Y02UXYQ1');
INSERT INTO `help_category` VALUES ('26', 'Jewelry', '15498PE38600R8E14M2H4836O06CTE0I955F130U1KD');
INSERT INTO `help_category` VALUES ('27', 'Movies', '98513O8WR36C22736GP5RZ9L1GSBGXMP8HEQQ10EBSOJOUGXBC1TCBL7KM4MMF5L8248570WYVGPIU77ZM365BLZ7EN4TG92Z71DYJYMO47Q96086K0WX6X1C91301KP4HNU9YNA46X8J5AK5X9ADJD0YUJFFMJOI49555485C01WCAH454XN230D3AM0XM4B7WG6933OX333KHILTFT7YORJ5KVT1VD03DJ01OIHNN209THW91MZN794S4BSRM48K8AHJ8X7W7R1LQ4V094QO957FL5M5KQXTVJ61CV9Y7CNL949MJU1S7P9T805272EHGKASK1G7VGA5M2H4UO17HMQLES1A1F74JMHUYL5M3KYD773592DRB572G1J9TI0O33Z6K0V0T41TFM6FP3Q9V');
INSERT INTO `help_category` VALUES ('28', 'Beauty', '3H23AK0466T398RG83Y00V319DP9Z084');
INSERT INTO `help_category` VALUES ('29', 'Games', 'PM57J0IRKJ49P382I9464H903EX1275C370D184J13L68C75JL530');
INSERT INTO `help_category` VALUES ('30', 'Computers', 'REW5RZYOEUE1BGELXNMM50BB5185SWYM7O8I14OY46334UWFX3KH1GAF14E51S224C10H07X115DE3585XV5WPS109N42L8IB0U40938H17A426LH6735H86O08151QQH0082FUJ1KEX22I93RTVI2TIA17753M37ER2HMOJCD6W16SBW1PL8UC7663Q0W9IFND131O71R903712IG3O9141892D9UL150T8565LDPUI18V42TJ59U13X6HYV416');
INSERT INTO `help_category` VALUES ('31', 'Outdoors', '234VAFRG8R26UPAOHNR2E81JHYBNQYHJ26L2N799389AS42V9091B36UR1457DD50V7406BP83V3W7O1R1W637N92TAD011AJB1EOWQV35Q73408LS6ZVG6YU239ZVYMKCMEQ8S939ER2SN26GZ7E8V9XJI8XX3QQ22WU3D063MDC6M2D0L954EW6012DFFX1BM1630DU6GK2S59474A88TYBS4B91X481VW50447K4V769H9SN410Y65R6SZ');
INSERT INTO `help_category` VALUES ('32', 'Music', 'FDFCJ58E5R572DD');
INSERT INTO `help_category` VALUES ('33', 'Sports', '0QBPM885SV7JST77ETRGG83Y2EC1WZJI22P7BJ1628BZAYY4R7M51JS4Q5GBVGKI807SL07UL9Y6855X522HN37M5E9X590522DU942R6008V2N489N56DODQ2LZ26212XP3VY7N9G2DZ6TA53O1M2S2B4EFH29SF5X0WR7TL7M2G2LDIE9850M');
INSERT INTO `help_category` VALUES ('34', 'Furniture', '1OEN7JZ4T38JTS0O6BBRN22EP13WLZGW9A205BRYN4RQY22K883O6C4ACS8D8QF2E7VG8T8AB');
INSERT INTO `help_category` VALUES ('35', 'Gifts', 'XG2RDW8R2P6A83VJ5MB85910YNVXAI57P3WKV9B823U99JQ0VL9E002I3R7GAP2WB2529');
INSERT INTO `help_category` VALUES ('36', 'Beauty', 'M1DTH3RV9U9BR8JYHKWK96V');

-- ----------------------------
-- Table structure for home_advertise
-- ----------------------------
DROP TABLE IF EXISTS `home_advertise`;
CREATE TABLE `home_advertise` (
  `id` bigint NOT NULL AUTO_INCREMENT,
  `name` varchar(200) DEFAULT NULL,
  `icon` varchar(1000) DEFAULT NULL,
  `url` varchar(1000) DEFAULT NULL,
  `status` int DEFAULT NULL,
  `start_time` datetime DEFAULT NULL,
  `end_time` datetime DEFAULT NULL,
  PRIMARY KEY (`id`)
) ENGINE=InnoDB AUTO_INCREMENT=37 DEFAULT CHARSET=utf8mb4 COLLATE=utf8mb4_general_ci;

-- ----------------------------
-- Records of home_advertise
-- ----------------------------
INSERT INTO `home_advertise` VALUES ('1', 'Myrle634', 'ZH10282462IRR0WX12C92FNX5PQUF8YF45XYGHI02XUPS1WANDLEUHE896V0WMYQ7293KG4Z9V0EUA0SW1MXG14IMKV36775T01102I1037FV1M5P264PW47G0U40R2PE4LIQEZ30O664UOWU7KH9R7835975K8Q31RHXK06N7M2ZF34SFPD26Z4RP731X40B5Z0EX1666599QVN2U87SBKK3B57DXC0M72IT5', 'http://teringittio.se/teleea/arall/ed/thonalome.htm', '-2147483648', '1970-01-01 00:00:01', '1970-01-01 00:00:01');
INSERT INTO `home_advertise` VALUES ('2', 'Winona16', '635UFBAHB649575W12WBVW30H2Y355J1E0R4C64204N9N1RD0C9W150710VR36RK45CU074OTF84F97J6P7UI1O9G7QQ8VDEF30RFSE47LO0W4OO860682LTEV78UJHHR6WA0Z077FIM1G19QQOZKBS97327WB6X35B24P009LG8YH674619LH54H86XCRK16Y1X68X6WMM0N34RL77878K8NZUJ3LWX8Z705LB6ZEKLLLR2DV64624760NO8OGI1XL142W8M4CVBZ8SSO9R2QMR552LXDOH9H699G4TJ1E882Q9R66XR87R681R085095222UT6FS1Z12SKZV6GA607RIFC90PC249IJ6IQMMSGW', 'https://waslethathi.hk/ng/meher.php?t=88&p=878', '-2147483647', '1970-01-02 00:00:01', '1970-01-02 00:00:01');
INSERT INTO `home_advertise` VALUES ('3', 'Laurena174', 'YV5A4U70E8KX7IUMRS4DDR17X0CMU96CCXF906A', 'http://notnethaand.tr/en/seisve.aspx', '-2147483646', '1970-01-03 00:00:01', '1970-01-03 00:00:01');
INSERT INTO `home_advertise` VALUES ('4', 'Agatha2023', 'T7PQS2A183C7KVMCYAF3G50C', 'https://entesesto.ae/arentng/areveverare.asp?id=25', '-2147483645', '1970-01-04 00:00:01', '1970-01-04 00:00:01');
INSERT INTO `home_advertise` VALUES ('5', 'Claudio881', 'JK3W01M9NU0QOQWBNCB180E9FYSDQ53R63T478503R3W481WLZ5GM7RV6OY79WM3ZH76O7S142N9T119K51BP07HH186646F93I1PS40171IY536PS68T733Y8W78YKR925X5598E7XID79074P1HPOIW362D45S9SEEZA0ZBJD4IVMC91T78886S6652VZ35E07224JJSC57HGY3S2Z15239VV09156205974H54V4FPFJ6S6Q6F6673239A5U5WJ49WECCJ38C55M02JZ2IGQ8AYUOKB3ZS5N7PPZH9XX27O9GTFMD8R7S7GHJ9AOIIA7MK08LR415Y164S6566CWOS1020', 'http://hathen.dk/ereoulon/ntre/ouhiwa/shobut.html#67612', '-2147483644', '1970-01-05 00:00:01', '1970-01-05 00:00:01');
INSERT INTO `home_advertise` VALUES ('6', 'Byron2002', 'L862CZR1DRW7XH4M7Z7B19BFK8JVH36JZNC', 'https://www.andfornting.mx/tete/ingnewa/nothis/histedent.php?t=42&p=4786', '-2147483643', '1970-01-06 00:00:01', '1970-01-06 00:00:01');
INSERT INTO `home_advertise` VALUES ('7', 'Libby779', '59BSPC67OF2A62T785321K45L876VD1HE7QL6PMWKJ85H0JSZ43BGD8VSRP266Y56H95RFW1BXZK4FDKLI46J0873D9NA5S603409BIWB215924R5Z6TBIMV6M88XSP83WS31E37O925O628E2V9UE696ZWOSB7HD5KLQWHJ0492PC1V3NHRF9480GB4X5CS14J45F6PVTEP48J569', 'http://www.onhaerese.br/era/asomeher/nean/eveanthour.htm#90', '-2147483642', '1970-01-07 00:00:01', '1970-01-07 00:00:01');
INSERT INTO `home_advertise` VALUES ('8', 'Jeanie2012', 'C8Z76107U8467G29BPDLV68966FM1RU503OTW787E52D7N950EIPS', 'http://www.veryouter.ua/ithhewas/ithwitthi/shoera/arth.php?t=16&p=9611', '-2147483641', '1970-01-08 00:00:01', '1970-01-08 00:00:01');
INSERT INTO `home_advertise` VALUES ('9', 'Waneta1', '185NMMUF579JJ4809Q1UP3KWG6YJ0QAAZ62PFAJ15LFXHWB644P6PXVY90629O8IG98DRS04Y2S5W61S34YDNY44B88U46EQVX72255K1Z141RP15P376H3V9W6NJQ07HOKUO2M34N996MLHCR7H5IM8MN62ZOUA70ZD558QIWTSO07KYJ05K63UW4083TLKZ1E22GL1H6R92K477018U4N9W87DMRH09W586M1VL48K068QNI3U369TJD97Z6B4985S97XWH80001KX9RLO3N06806M', 'https://nges.il/ourwa/eraallwit/ha/arulduldte.php?t=45', '-2147483640', '1970-01-09 00:00:01', '1970-01-09 00:00:01');
INSERT INTO `home_advertise` VALUES ('10', 'Caskey2022', '0KP1NHL59JTKL2KS524N96N80789UVO2S124HF3J38C1KII6U5FP5NJ91QU9P77PNE2DMKM31SA84V8D8W1IJ78QL5XLH103T52GK9Y5UG30P9063399O579X96XJB364I478JJ85Q306RP55A1A6FTYF78307OIYB6EKV0Z0VW214CU36261DHLDG1X2RN28NC8UPQ75X0XN4D3WK0V5109UYA0M8X078Y9CF1E18592Q7SU1U54PS0O829L61HI266ZQ3MX35VCBDGQAZI6OK7SDPXN08PP628KB80LEJ4K2307TF1US97W29K75JT11AVJBK2AOL623DB6J5K3JUM122P2H1V6H3LIV752PU7I70K29D390VG08637FRHM98FRT3LFHJF679E7U285BXM2WEOPJPU8', 'http://www.hadretheor.ae/sealor/thehisea/asentoulour.htm#5', '-2147483639', '1970-01-10 00:00:01', '1970-01-10 00:00:01');
INSERT INTO `home_advertise` VALUES ('11', 'Frankie2004', 'ISSM2RW381J91P47RG7DO1EFB41538IJM153ZKPDP62SOY553V065B2PNF8PNVRL66311X2X55439B4C2QV001819368FD31AL0N77WW46HKG16S3N55Q470WO7C6F02P34832OW3Q320C9JB41960N931949Z251EP86QF', 'http://www.ouallallwit.net/veallhis/esndourthe.htm', '-2147483638', '1970-01-11 00:00:01', '1970-01-11 00:00:01');
INSERT INTO `home_advertise` VALUES ('12', 'Randall2016', '3KX97171MJW49J4ILDDOC9F5KO9HX093MLFLN2Y7CUK2LKSFE8NWBGACB5QBDN85105CEO4YCQ61U8YK6WQ40', 'https://www.hathaterhe.ca/in/erenethe/thimeon/hinall.asp', '-2147483637', '1970-01-12 00:00:01', '1970-01-12 00:00:01');
INSERT INTO `home_advertise` VALUES ('13', 'Marshall2028', '5BO8440X26845M3JB0YU7ZV0C2529GJZM48O8Z2F236K2QZQ88XY4060BGW88ZN37137K3TMHXUG4FKA0L0672O07SYGHG8NNGFR7707U6JDVQ0', 'http://www.allveroulall.cz/wasedng/letould/thi/oulerestere.php?t=37', '-2147483636', '1970-01-13 00:00:01', '1970-01-13 00:00:01');
INSERT INTO `home_advertise` VALUES ('14', 'Benton9', 'A3F1K1GDMS259FZ8XH0R46184EE0U0UQD77FHLYK22FES90FT2YX2S5F57S1Y599OMG1UDH5S59VTJWX4D6TU9861E', 'http://witityouar.nl/neated/ertose/thonter/sehattoing.asp', '-2147483635', '1970-01-14 00:00:01', '1970-01-14 00:00:01');
INSERT INTO `home_advertise` VALUES ('15', 'Jeanelle1', '22N72T7ROW8CIRSEG8PF4IK519537769S2L18O198RKVXP7R8PY9187A88CS7K053W31EN9NWS5763X3OO49S6XJA61024SXVCG4T8822E1XIP8I5U6L86Q864809IU0SB19201FZE9EEIO0696O8Z1J243553121165E76', 'https://tiaretine.lu/hishater/our/erthien/ourithuld.php?t=74&p=4373', '-2147483634', '1970-01-15 00:00:01', '1970-01-15 00:00:01');
INSERT INTO `home_advertise` VALUES ('16', 'Cassidy2007', '53TN43OOYASN', 'http://verathadit.ua/thour/ouither.asp', '-2147483633', '1970-01-16 00:00:01', '1970-01-16 00:00:01');
INSERT INTO `home_advertise` VALUES ('17', 'Jimmie128', 'V756198ZZ35I5554TM19NL29E418725515WXBLQ0P413UJP419BZ8GY0XG2M5XH5QMP3K4AT83X60MR6Z0J8V3A9S48MNF43LQZ65MU497553BB643AH157WXZIA320118C6ZTV493K367EY28UO7H135U1L3V6BW1OL57O7WO277709O9XIP80D00D242OF44YND88D5X090GV7971QTP1355JU9IH4X2U4176NEYRG28JL3H14J77VY3M5QFV6HP123W4Q17SO6OG8IX01', 'http://www.thahatense.br/ere/formeitar.php?t=90&p=24', '-2147483632', '1970-01-17 00:00:01', '1970-01-17 00:00:01');
INSERT INTO `home_advertise` VALUES ('18', 'Adrienne2010', 'ACTTG2UQL2LS0P9', 'http://tenot.nz/notoruld/ver/me/haea.htm', '-2147483631', '1970-01-18 00:00:01', '1970-01-18 00:00:01');
INSERT INTO `home_advertise` VALUES ('19', 'Joel285', 'G8P9UZX0W46Y6J0L3S9QG13AO80UH1W6696B3241826O4U83EXQE66ACUM397DTH87NHZ976P7589966D33L2V01AEO1N1B9AF74ZA0M5ATPNRQ7FM5X71JT171S7AU45PLP797B143PE1VDP31T5X05G7131715E9YBP7U55KH0K108HEBC0R06D00GZC62T39H4634A662XO81AMXBO75P5', 'http://www.butndareted.gr/tiouent/evehattha/ing/atwitomeea.html', '-2147483630', '1970-01-19 00:00:01', '1970-01-19 00:00:01');
INSERT INTO `home_advertise` VALUES ('20', 'Elton2029', 'QG310388T454U33HOC63KC9Z7727T3196J6H286XKDZL3NVXR8P358Z2M457IC6VB1L2UCR82Z2U18TJM1P6JK9YYG32DR2T48SQ7ELCBQ7GL4D97V2612', 'http://hentohinhe.es/ingshoar/verterion/haedti.php', '-2147483629', '1970-01-20 00:00:01', '1970-01-20 00:00:01');
INSERT INTO `home_advertise` VALUES ('21', 'Moses1973', 'E309R4A3055DS9219QQ79NWFN2O7332XS6I84JJPKNK2RTRM99LH73QVC834BZ9109QQ101DW989313470PI42RR', 'http://www.noted.cz/oulthahat/henuldtior.aspx?id=922', '-2147483628', '1970-01-21 00:00:01', '1970-01-21 00:00:01');
INSERT INTO `home_advertise` VALUES ('22', 'Trevino2010', '5I6543FQY1UT9C0177IJEFJW11HOYLWXT128GY438DJHWEVGHVBN9354HW0C567853951OTDB7Z1D343QWCHM8ENZ5K5126KJ693R7QYV3AKCR54DA4OYSA3F32Y126PF2YZOE4F77O175381RQ8M42V3Y4S6O3J8I2L9C360091FU34M7875DP980963X6PJL9V7GBF03ZDH0J27R', 'http://www.heent.eg/hatheras/seuldhen/enthaar/eraomehi.php?t=96&p=7207', '-2147483627', '1970-01-22 00:00:01', '1970-01-22 00:00:01');
INSERT INTO `home_advertise` VALUES ('23', 'Kasey1974', 'HU47FWR0UQQ1506Z6375V6705U677219IPO82364W5555KX7OFM81HOSJ7P3C5RYFDIASKB3G9D8A33IM6YBS5G6Q8Q8B296098Z4LXS0512Z01676F24411FHUDH319DMG47AZAG1Y8CM56WDWTP58BRF8S', 'http://www.ereashime.se/veheer/ingoung.asp', '-2147483626', '1970-01-23 00:00:01', '1970-01-23 00:00:01');
INSERT INTO `home_advertise` VALUES ('24', 'Wren7', '97CGNDBLO4XG4Y9039I92JNOJ25GJ6Q2OF536YG3N3WE723L1EI7997MRL63Y1R6GPQ6F2YKASMZVOCKG3MW9S7484CWUQ7G010SEFYEV3W0Y81ALM6L5T9P2P25VP36', 'https://www.oulon.ae/ver/setioou/vehernot.php', '-2147483625', '1970-01-24 00:00:01', '1970-01-24 00:00:01');
INSERT INTO `home_advertise` VALUES ('25', 'Alfonzo2011', '9LC17C4H1880CYG73CP28HR115B896C54Z09GGZP7R0669KQ6M4TKO6RI50V8WUE69U1014XI97090579RBJ7W00E1UZQ7TASP241778P48QE19EEAZD324G45R2279GAO42GKT558LT8WVRSUSY8EGRU10T28A5HEPX32328346V753AJ41SDBT6X8PM3WVG65UQ64DUO806H1XP1I8S95C107621VIAF60C5W8G8IG461G4086U6FC331BKO3', 'http://www.ithenstwas.ar/thuldver/hataryoued.php', '-2147483624', '1970-01-25 00:00:01', '1970-01-25 00:00:01');
INSERT INTO `home_advertise` VALUES ('26', 'Hailey455', '651GUBAI5N00L5950MCX83TOY22N0633FZ0WN7944056', 'http://www.stnghishad.at/ar/and/towithe/ntevehayou.php', '-2147483623', '1970-01-26 00:00:01', '1970-01-26 00:00:01');
INSERT INTO `home_advertise` VALUES ('27', 'Fries1988', 'W8759Y127GO621G46CN436ZL06LF5YO0M5ES65BH6GW9HS6L90BQD1VCW978C2SD6YR661L96W04B582BQYV386YKRI2K175VB465XC40U1845Y23Z1V84DO8Y4835036HE573Y8AEVW6J1738M2E4ORGIJ4S3928V185PJN137RX6F88S38E7X4595755I61', 'http://anoung.il/youedha/ourtind/onthited/erein.php', '-2147483622', '1970-01-27 00:00:01', '1970-01-27 00:00:01');
INSERT INTO `home_advertise` VALUES ('28', 'Bandy7', '00PW4BA5N35U0V4M611QF57FZ0Y2IV8MS70786J2U4V9YO4GIR2XF0G50WO8D82XZ308D8BJS0Z271W25UEO257XRJEV1AI6UD8CS395P71MM4WJP4O3E6BWC3B1ZL3J04TCZ7247G19SH798RCO4Z2M37XTT66ZQ8804ZY480G955FHX14FRE28277418Q9U8XE6D62579828NSR8TS6WQE9I129DF86407ROET9RTIC7UB1K13MADOGJ1RE2NW2W7U6NQS37SG00F52396RL7C8D90N984I5TD2Q59B8A7N0DCY5H90A7LS26V2URHMIM1M56KA0B256295961G09N907783VT33Z7TJ6OGS7D88SPPOZ1W6T9NDQOIQ3347Z189W821Y8222I3AKI6C6382JOXCI24E51C697B241286P6EUM12MI4D8II65A0I0APXBX48NK3701H08S4X7Z49UQ3GXEEH2DSD234NM37J6G6YZ845XCF5RQ9463F78TFVG09K697FMWSR840HVX63A9E0UI07P66H5IB', 'https://hinenes.com/ionulding/te/uldertio/ourmeomere.asp', '-2147483621', '1970-01-28 00:00:01', '1970-01-28 00:00:01');
INSERT INTO `home_advertise` VALUES ('29', 'Kareem7', 'B0K33HGD947CPF82', 'https://shoerent.ge/es/ou/almeare/washierat.php?t=26&p=9336', '-2147483620', '1970-01-29 00:00:01', '1970-01-29 00:00:01');
INSERT INTO `home_advertise` VALUES ('30', 'Milford1966', '36LDP88XOE7H4XH88I66GZM17RTKP', 'https://hadithomeith.ae/on/itthaome/ouentio/hadouhe.htm', '-2147483619', '1970-01-30 00:00:01', '1970-01-30 00:00:01');
INSERT INTO `home_advertise` VALUES ('31', 'Lillia2027', 'E1B2K7DCXR13', 'http://haingasnt.no/entedher/hatithyou/forntaner.php?t=54&p=502', '-2147483618', '1970-01-31 00:00:01', '1970-01-31 00:00:01');
INSERT INTO `home_advertise` VALUES ('32', 'Voncile582', '5X113M1R70618N3YKJS4CA2LUC70ZUAVI4IPH0MQ582728U629UGA7Z29960DUWQ631620UV33C84771AQ07R955M611TWG4YOXGI1NIPX27H9BL79RCZBK93LX65VF3UK2B5TDB217791KD71D82SG67ON55Z9T66OMD13JZZ60378B4SBT799D', 'http://www.omeesntwas.be/hionyou/witandher/eatedfor/erabutthnot.php', '-2147483617', '1970-02-01 00:00:01', '1970-02-01 00:00:01');
INSERT INTO `home_advertise` VALUES ('33', 'Back229', 'T8U2GWL664WD29J95M9', 'http://www.edthand.com/eswa/tialluld.asp', '-2147483616', '1970-02-02 00:00:01', '1970-02-02 00:00:01');
INSERT INTO `home_advertise` VALUES ('34', 'Glenn591', '868ECGZ5SN4923580422PQ04RQFST78KY870608RS1U05D92QCJ76L509AZ34229A67GA257G1BAVA08182U3KECIOTUVGID04LNB6XZO450WYH2N1KX73P3VU94L0752K', 'https://www.verhis.com/hinst/shoas/omeouera/eraarere.aspx', '-2147483615', '1970-02-03 00:00:01', '1970-02-03 00:00:01');
INSERT INTO `home_advertise` VALUES ('35', 'Middleton2025', 'Q7LYTETSIF4A1SR783V824075P63ZWLZY9942R6XGA2NE1LDOS7ASK10XBS503MQQVTY73UT8QUF3RJLGMKC1952399DT1NF3QSV9O7Z9OIR25V02HQ105JAT9224B9F80D8P75A80RJNN37', 'https://www.thauldnene.ar/as/oumeere/toithhe/toenforent.asp?id=945', '-2147483614', '1970-02-04 00:00:01', '1970-02-04 00:00:01');
INSERT INTO `home_advertise` VALUES ('36', 'Deana445', '545J', 'http://www.sthaes.net/was/to/eveithitnt.htm#7', '-2147483613', '1970-02-05 00:00:01', '1970-02-05 00:00:01');

-- ----------------------------
-- Table structure for home_brand
-- ----------------------------
DROP TABLE IF EXISTS `home_brand`;
CREATE TABLE `home_brand` (
  `id` bigint NOT NULL AUTO_INCREMENT,
  `brand_id` bigint DEFAULT NULL,
  `status` int DEFAULT NULL,
  PRIMARY KEY (`id`),
  KEY `FK_Reference_58` (`brand_id`),
  CONSTRAINT `FK_Reference_58` FOREIGN KEY (`brand_id`) REFERENCES `brand` (`id`) ON DELETE RESTRICT ON UPDATE RESTRICT
) ENGINE=InnoDB AUTO_INCREMENT=37 DEFAULT CHARSET=utf8mb4 COLLATE=utf8mb4_general_ci;

-- ----------------------------
-- Records of home_brand
-- ----------------------------
INSERT INTO `home_brand` VALUES ('1', '1', '-2147483648');
INSERT INTO `home_brand` VALUES ('2', '2', '-2147483647');
INSERT INTO `home_brand` VALUES ('3', '3', '-2147483646');
INSERT INTO `home_brand` VALUES ('4', '4', '-2147483645');
INSERT INTO `home_brand` VALUES ('5', '5', '-2147483644');
INSERT INTO `home_brand` VALUES ('6', '6', '-2147483643');
INSERT INTO `home_brand` VALUES ('7', '7', '-2147483642');
INSERT INTO `home_brand` VALUES ('8', '8', '-2147483641');
INSERT INTO `home_brand` VALUES ('9', '9', '-2147483640');
INSERT INTO `home_brand` VALUES ('10', '10', '-2147483639');
INSERT INTO `home_brand` VALUES ('11', '11', '-2147483638');
INSERT INTO `home_brand` VALUES ('12', '12', '-2147483637');
INSERT INTO `home_brand` VALUES ('13', '13', '-2147483636');
INSERT INTO `home_brand` VALUES ('14', '14', '-2147483635');
INSERT INTO `home_brand` VALUES ('15', '15', '-2147483634');
INSERT INTO `home_brand` VALUES ('16', '16', '-2147483633');
INSERT INTO `home_brand` VALUES ('17', '17', '-2147483632');
INSERT INTO `home_brand` VALUES ('18', '18', '-2147483631');
INSERT INTO `home_brand` VALUES ('19', '19', '-2147483630');
INSERT INTO `home_brand` VALUES ('20', '20', '-2147483629');
INSERT INTO `home_brand` VALUES ('21', '21', '-2147483628');
INSERT INTO `home_brand` VALUES ('22', '22', '-2147483627');
INSERT INTO `home_brand` VALUES ('23', '23', '-2147483626');
INSERT INTO `home_brand` VALUES ('24', '24', '-2147483625');
INSERT INTO `home_brand` VALUES ('25', '25', '-2147483624');
INSERT INTO `home_brand` VALUES ('26', '26', '-2147483623');
INSERT INTO `home_brand` VALUES ('27', '27', '-2147483622');
INSERT INTO `home_brand` VALUES ('28', '28', '-2147483621');
INSERT INTO `home_brand` VALUES ('29', '29', '-2147483620');
INSERT INTO `home_brand` VALUES ('30', '30', '-2147483619');
INSERT INTO `home_brand` VALUES ('31', '31', '-2147483618');
INSERT INTO `home_brand` VALUES ('32', '32', '-2147483617');
INSERT INTO `home_brand` VALUES ('33', '33', '-2147483616');
INSERT INTO `home_brand` VALUES ('34', '34', '-2147483615');
INSERT INTO `home_brand` VALUES ('35', '35', '-2147483614');
INSERT INTO `home_brand` VALUES ('36', '36', '-2147483613');

-- ----------------------------
-- Table structure for home_new_product
-- ----------------------------
DROP TABLE IF EXISTS `home_new_product`;
CREATE TABLE `home_new_product` (
  `id` bigint NOT NULL AUTO_INCREMENT,
  `product_id` bigint DEFAULT NULL,
  `status` int DEFAULT NULL,
  PRIMARY KEY (`id`),
  KEY `FK_Reference_59` (`product_id`),
  CONSTRAINT `FK_Reference_59` FOREIGN KEY (`product_id`) REFERENCES `product` (`id`) ON DELETE RESTRICT ON UPDATE RESTRICT
) ENGINE=InnoDB AUTO_INCREMENT=54 DEFAULT CHARSET=utf8mb4 COLLATE=utf8mb4_general_ci;

-- ----------------------------
-- Records of home_new_product
-- ----------------------------
INSERT INTO `home_new_product` VALUES ('1', '1', '-2147483648');
INSERT INTO `home_new_product` VALUES ('2', '2', '-2147483647');
INSERT INTO `home_new_product` VALUES ('3', '3', '-2147483646');
INSERT INTO `home_new_product` VALUES ('4', '4', '-2147483645');
INSERT INTO `home_new_product` VALUES ('5', '5', '-2147483644');
INSERT INTO `home_new_product` VALUES ('6', '6', '-2147483643');
INSERT INTO `home_new_product` VALUES ('7', '7', '-2147483642');
INSERT INTO `home_new_product` VALUES ('8', '8', '-2147483641');
INSERT INTO `home_new_product` VALUES ('9', '9', '-2147483640');
INSERT INTO `home_new_product` VALUES ('10', '10', '-2147483639');
INSERT INTO `home_new_product` VALUES ('11', '11', '-2147483638');
INSERT INTO `home_new_product` VALUES ('12', '12', '-2147483637');
INSERT INTO `home_new_product` VALUES ('13', '13', '-2147483636');
INSERT INTO `home_new_product` VALUES ('14', '14', '-2147483635');
INSERT INTO `home_new_product` VALUES ('15', '15', '-2147483634');
INSERT INTO `home_new_product` VALUES ('16', '16', '-2147483633');
INSERT INTO `home_new_product` VALUES ('17', '17', '-2147483632');
INSERT INTO `home_new_product` VALUES ('18', '18', '-2147483631');
INSERT INTO `home_new_product` VALUES ('19', '19', '-2147483630');
INSERT INTO `home_new_product` VALUES ('20', '20', '-2147483629');
INSERT INTO `home_new_product` VALUES ('21', '21', '-2147483628');
INSERT INTO `home_new_product` VALUES ('22', '22', '-2147483627');
INSERT INTO `home_new_product` VALUES ('23', '23', '-2147483626');
INSERT INTO `home_new_product` VALUES ('24', '24', '-2147483625');
INSERT INTO `home_new_product` VALUES ('25', '25', '-2147483624');
INSERT INTO `home_new_product` VALUES ('26', '26', '-2147483623');
INSERT INTO `home_new_product` VALUES ('27', '27', '-2147483622');
INSERT INTO `home_new_product` VALUES ('28', '28', '-2147483621');
INSERT INTO `home_new_product` VALUES ('29', '29', '-2147483620');
INSERT INTO `home_new_product` VALUES ('30', '30', '-2147483619');
INSERT INTO `home_new_product` VALUES ('31', '31', '-2147483618');
INSERT INTO `home_new_product` VALUES ('32', '32', '-2147483617');
INSERT INTO `home_new_product` VALUES ('33', '33', '-2147483616');
INSERT INTO `home_new_product` VALUES ('34', '34', '-2147483615');
INSERT INTO `home_new_product` VALUES ('35', '35', '-2147483614');
INSERT INTO `home_new_product` VALUES ('36', '36', '-2147483613');

-- ----------------------------
-- Table structure for home_recommend_product
-- ----------------------------
DROP TABLE IF EXISTS `home_recommend_product`;
CREATE TABLE `home_recommend_product` (
  `id` bigint NOT NULL AUTO_INCREMENT,
  `product_id` bigint DEFAULT NULL,
  `status` int DEFAULT NULL,
  PRIMARY KEY (`id`),
  KEY `FK_Reference_60` (`product_id`),
  CONSTRAINT `FK_Reference_60` FOREIGN KEY (`product_id`) REFERENCES `product` (`id`) ON DELETE RESTRICT ON UPDATE RESTRICT
) ENGINE=InnoDB AUTO_INCREMENT=37 DEFAULT CHARSET=utf8mb4 COLLATE=utf8mb4_general_ci;

-- ----------------------------
-- Records of home_recommend_product
-- ----------------------------
INSERT INTO `home_recommend_product` VALUES ('1', '1', '-2147483648');
INSERT INTO `home_recommend_product` VALUES ('2', '2', '-2147483647');
INSERT INTO `home_recommend_product` VALUES ('3', '3', '-2147483646');
INSERT INTO `home_recommend_product` VALUES ('4', '4', '-2147483645');
INSERT INTO `home_recommend_product` VALUES ('5', '5', '-2147483644');
INSERT INTO `home_recommend_product` VALUES ('6', '6', '-2147483643');
INSERT INTO `home_recommend_product` VALUES ('7', '7', '-2147483642');
INSERT INTO `home_recommend_product` VALUES ('8', '8', '-2147483641');
INSERT INTO `home_recommend_product` VALUES ('9', '9', '-2147483640');
INSERT INTO `home_recommend_product` VALUES ('10', '10', '-2147483639');
INSERT INTO `home_recommend_product` VALUES ('11', '11', '-2147483638');
INSERT INTO `home_recommend_product` VALUES ('12', '12', '-2147483637');
INSERT INTO `home_recommend_product` VALUES ('13', '13', '-2147483636');
INSERT INTO `home_recommend_product` VALUES ('14', '14', '-2147483635');
INSERT INTO `home_recommend_product` VALUES ('15', '15', '-2147483634');
INSERT INTO `home_recommend_product` VALUES ('16', '16', '-2147483633');
INSERT INTO `home_recommend_product` VALUES ('17', '17', '-2147483632');
INSERT INTO `home_recommend_product` VALUES ('18', '18', '-2147483631');
INSERT INTO `home_recommend_product` VALUES ('19', '19', '-2147483630');
INSERT INTO `home_recommend_product` VALUES ('20', '20', '-2147483629');
INSERT INTO `home_recommend_product` VALUES ('21', '21', '-2147483628');
INSERT INTO `home_recommend_product` VALUES ('22', '22', '-2147483627');
INSERT INTO `home_recommend_product` VALUES ('23', '23', '-2147483626');
INSERT INTO `home_recommend_product` VALUES ('24', '24', '-2147483625');
INSERT INTO `home_recommend_product` VALUES ('25', '25', '-2147483624');
INSERT INTO `home_recommend_product` VALUES ('26', '26', '-2147483623');
INSERT INTO `home_recommend_product` VALUES ('27', '27', '-2147483622');
INSERT INTO `home_recommend_product` VALUES ('28', '28', '-2147483621');
INSERT INTO `home_recommend_product` VALUES ('29', '29', '-2147483620');
INSERT INTO `home_recommend_product` VALUES ('30', '30', '-2147483619');
INSERT INTO `home_recommend_product` VALUES ('31', '31', '-2147483618');
INSERT INTO `home_recommend_product` VALUES ('32', '32', '-2147483617');
INSERT INTO `home_recommend_product` VALUES ('33', '33', '-2147483616');
INSERT INTO `home_recommend_product` VALUES ('34', '34', '-2147483615');
INSERT INTO `home_recommend_product` VALUES ('35', '35', '-2147483614');
INSERT INTO `home_recommend_product` VALUES ('36', '36', '-2147483613');

-- ----------------------------
-- Table structure for home_subject
-- ----------------------------
DROP TABLE IF EXISTS `home_subject`;
CREATE TABLE `home_subject` (
  `id` bigint NOT NULL AUTO_INCREMENT,
  `subject_id` bigint DEFAULT NULL,
  `status` int DEFAULT NULL,
  PRIMARY KEY (`id`),
  KEY `FK_Reference_61` (`subject_id`),
  CONSTRAINT `FK_Reference_61` FOREIGN KEY (`subject_id`) REFERENCES `subject` (`id`) ON DELETE RESTRICT ON UPDATE RESTRICT
) ENGINE=InnoDB AUTO_INCREMENT=37 DEFAULT CHARSET=utf8mb4 COLLATE=utf8mb4_general_ci;

-- ----------------------------
-- Records of home_subject
-- ----------------------------
INSERT INTO `home_subject` VALUES ('1', '1', '-2147483648');
INSERT INTO `home_subject` VALUES ('2', '2', '-2147483647');
INSERT INTO `home_subject` VALUES ('3', '3', '-2147483646');
INSERT INTO `home_subject` VALUES ('4', '4', '-2147483645');
INSERT INTO `home_subject` VALUES ('5', '5', '-2147483644');
INSERT INTO `home_subject` VALUES ('6', '6', '-2147483643');
INSERT INTO `home_subject` VALUES ('7', '7', '-2147483642');
INSERT INTO `home_subject` VALUES ('8', '8', '-2147483641');
INSERT INTO `home_subject` VALUES ('9', '9', '-2147483640');
INSERT INTO `home_subject` VALUES ('10', '10', '-2147483639');
INSERT INTO `home_subject` VALUES ('11', '11', '-2147483638');
INSERT INTO `home_subject` VALUES ('12', '12', '-2147483637');
INSERT INTO `home_subject` VALUES ('13', '13', '-2147483636');
INSERT INTO `home_subject` VALUES ('14', '14', '-2147483635');
INSERT INTO `home_subject` VALUES ('15', '15', '-2147483634');
INSERT INTO `home_subject` VALUES ('16', '16', '-2147483633');
INSERT INTO `home_subject` VALUES ('17', '17', '-2147483632');
INSERT INTO `home_subject` VALUES ('18', '18', '-2147483631');
INSERT INTO `home_subject` VALUES ('19', '19', '-2147483630');
INSERT INTO `home_subject` VALUES ('20', '20', '-2147483629');
INSERT INTO `home_subject` VALUES ('21', '21', '-2147483628');
INSERT INTO `home_subject` VALUES ('22', '22', '-2147483627');
INSERT INTO `home_subject` VALUES ('23', '23', '-2147483626');
INSERT INTO `home_subject` VALUES ('24', '24', '-2147483625');
INSERT INTO `home_subject` VALUES ('25', '25', '-2147483624');
INSERT INTO `home_subject` VALUES ('26', '26', '-2147483623');
INSERT INTO `home_subject` VALUES ('27', '27', '-2147483622');
INSERT INTO `home_subject` VALUES ('28', '28', '-2147483621');
INSERT INTO `home_subject` VALUES ('29', '29', '-2147483620');
INSERT INTO `home_subject` VALUES ('30', '30', '-2147483619');
INSERT INTO `home_subject` VALUES ('31', '31', '-2147483618');
INSERT INTO `home_subject` VALUES ('32', '32', '-2147483617');
INSERT INTO `home_subject` VALUES ('33', '33', '-2147483616');
INSERT INTO `home_subject` VALUES ('34', '34', '-2147483615');
INSERT INTO `home_subject` VALUES ('35', '35', '-2147483614');
INSERT INTO `home_subject` VALUES ('36', '36', '-2147483613');

-- ----------------------------
-- Table structure for integration_change_history
-- ----------------------------
DROP TABLE IF EXISTS `integration_change_history`;
CREATE TABLE `integration_change_history` (
  `member_id` bigint DEFAULT NULL,
  `change_type` int DEFAULT NULL,
  `change_count` int DEFAULT NULL,
  `create_time` datetime DEFAULT NULL,
  KEY `FK_Reference_15` (`member_id`),
  CONSTRAINT `FK_Reference_15` FOREIGN KEY (`member_id`) REFERENCES `member` (`id`) ON DELETE RESTRICT ON UPDATE RESTRICT
) ENGINE=InnoDB DEFAULT CHARSET=utf8mb4 COLLATE=utf8mb4_general_ci;

-- ----------------------------
-- Records of integration_change_history
-- ----------------------------
INSERT INTO `integration_change_history` VALUES ('1', '-2147483648', '-2147483648', '1970-01-01 00:00:01');
INSERT INTO `integration_change_history` VALUES ('2', '-2147483647', '-2147483647', '1970-01-02 00:00:01');
INSERT INTO `integration_change_history` VALUES ('3', '-2147483646', '-2147483646', '1970-01-03 00:00:01');
INSERT INTO `integration_change_history` VALUES ('4', '-2147483645', '-2147483645', '1970-01-04 00:00:01');
INSERT INTO `integration_change_history` VALUES ('5', '-2147483644', '-2147483644', '1970-01-05 00:00:01');
INSERT INTO `integration_change_history` VALUES ('6', '-2147483643', '-2147483643', '1970-01-06 00:00:01');
INSERT INTO `integration_change_history` VALUES ('7', '-2147483642', '-2147483642', '1970-01-07 00:00:01');
INSERT INTO `integration_change_history` VALUES ('8', '-2147483641', '-2147483641', '1970-01-08 00:00:01');
INSERT INTO `integration_change_history` VALUES ('9', '-2147483640', '-2147483640', '1970-01-09 00:00:01');
INSERT INTO `integration_change_history` VALUES ('10', '-2147483639', '-2147483639', '1970-01-10 00:00:01');
INSERT INTO `integration_change_history` VALUES ('11', '-2147483638', '-2147483638', '1970-01-11 00:00:01');
INSERT INTO `integration_change_history` VALUES ('12', '-2147483637', '-2147483637', '1970-01-12 00:00:01');
INSERT INTO `integration_change_history` VALUES ('13', '-2147483636', '-2147483636', '1970-01-13 00:00:01');
INSERT INTO `integration_change_history` VALUES ('14', '-2147483635', '-2147483635', '1970-01-14 00:00:01');
INSERT INTO `integration_change_history` VALUES ('15', '-2147483634', '-2147483634', '1970-01-15 00:00:01');
INSERT INTO `integration_change_history` VALUES ('16', '-2147483633', '-2147483633', '1970-01-16 00:00:01');
INSERT INTO `integration_change_history` VALUES ('17', '-2147483632', '-2147483632', '1970-01-17 00:00:01');
INSERT INTO `integration_change_history` VALUES ('18', '-2147483631', '-2147483631', '1970-01-18 00:00:01');
INSERT INTO `integration_change_history` VALUES ('19', '-2147483630', '-2147483630', '1970-01-19 00:00:01');
INSERT INTO `integration_change_history` VALUES ('20', '-2147483629', '-2147483629', '1970-01-20 00:00:01');
INSERT INTO `integration_change_history` VALUES ('21', '-2147483628', '-2147483628', '1970-01-21 00:00:01');
INSERT INTO `integration_change_history` VALUES ('22', '-2147483627', '-2147483627', '1970-01-22 00:00:01');
INSERT INTO `integration_change_history` VALUES ('23', '-2147483626', '-2147483626', '1970-01-23 00:00:01');
INSERT INTO `integration_change_history` VALUES ('24', '-2147483625', '-2147483625', '1970-01-24 00:00:01');
INSERT INTO `integration_change_history` VALUES ('25', '-2147483624', '-2147483624', '1970-01-25 00:00:01');
INSERT INTO `integration_change_history` VALUES ('26', '-2147483623', '-2147483623', '1970-01-26 00:00:01');
INSERT INTO `integration_change_history` VALUES ('27', '-2147483622', '-2147483622', '1970-01-27 00:00:01');
INSERT INTO `integration_change_history` VALUES ('28', '-2147483621', '-2147483621', '1970-01-28 00:00:01');
INSERT INTO `integration_change_history` VALUES ('29', '-2147483620', '-2147483620', '1970-01-29 00:00:01');
INSERT INTO `integration_change_history` VALUES ('30', '-2147483619', '-2147483619', '1970-01-30 00:00:01');
INSERT INTO `integration_change_history` VALUES ('31', '-2147483618', '-2147483618', '1970-01-31 00:00:01');
INSERT INTO `integration_change_history` VALUES ('32', '-2147483617', '-2147483617', '1970-02-01 00:00:01');
INSERT INTO `integration_change_history` VALUES ('33', '-2147483616', '-2147483616', '1970-02-02 00:00:01');
INSERT INTO `integration_change_history` VALUES ('34', '-2147483615', '-2147483615', '1970-02-03 00:00:01');
INSERT INTO `integration_change_history` VALUES ('35', '-2147483614', '-2147483614', '1970-02-04 00:00:01');
INSERT INTO `integration_change_history` VALUES ('36', '-2147483613', '-2147483613', '1970-02-05 00:00:01');

-- ----------------------------
-- Table structure for integration_consume_setting
-- ----------------------------
DROP TABLE IF EXISTS `integration_consume_setting`;
CREATE TABLE `integration_consume_setting` (
  `id` bigint NOT NULL AUTO_INCREMENT,
  `count` int DEFAULT NULL,
  `coupon_status` int DEFAULT NULL,
  PRIMARY KEY (`id`)
) ENGINE=InnoDB AUTO_INCREMENT=37 DEFAULT CHARSET=utf8mb4 COLLATE=utf8mb4_general_ci;

-- ----------------------------
-- Records of integration_consume_setting
-- ----------------------------
INSERT INTO `integration_consume_setting` VALUES ('1', '-2147483648', '-2147483648');
INSERT INTO `integration_consume_setting` VALUES ('2', '-2147483647', '-2147483647');
INSERT INTO `integration_consume_setting` VALUES ('3', '-2147483646', '-2147483646');
INSERT INTO `integration_consume_setting` VALUES ('4', '-2147483645', '-2147483645');
INSERT INTO `integration_consume_setting` VALUES ('5', '-2147483644', '-2147483644');
INSERT INTO `integration_consume_setting` VALUES ('6', '-2147483643', '-2147483643');
INSERT INTO `integration_consume_setting` VALUES ('7', '-2147483642', '-2147483642');
INSERT INTO `integration_consume_setting` VALUES ('8', '-2147483641', '-2147483641');
INSERT INTO `integration_consume_setting` VALUES ('9', '-2147483640', '-2147483640');
INSERT INTO `integration_consume_setting` VALUES ('10', '-2147483639', '-2147483639');
INSERT INTO `integration_consume_setting` VALUES ('11', '-2147483638', '-2147483638');
INSERT INTO `integration_consume_setting` VALUES ('12', '-2147483637', '-2147483637');
INSERT INTO `integration_consume_setting` VALUES ('13', '-2147483636', '-2147483636');
INSERT INTO `integration_consume_setting` VALUES ('14', '-2147483635', '-2147483635');
INSERT INTO `integration_consume_setting` VALUES ('15', '-2147483634', '-2147483634');
INSERT INTO `integration_consume_setting` VALUES ('16', '-2147483633', '-2147483633');
INSERT INTO `integration_consume_setting` VALUES ('17', '-2147483632', '-2147483632');
INSERT INTO `integration_consume_setting` VALUES ('18', '-2147483631', '-2147483631');
INSERT INTO `integration_consume_setting` VALUES ('19', '-2147483630', '-2147483630');
INSERT INTO `integration_consume_setting` VALUES ('20', '-2147483629', '-2147483629');
INSERT INTO `integration_consume_setting` VALUES ('21', '-2147483628', '-2147483628');
INSERT INTO `integration_consume_setting` VALUES ('22', '-2147483627', '-2147483627');
INSERT INTO `integration_consume_setting` VALUES ('23', '-2147483626', '-2147483626');
INSERT INTO `integration_consume_setting` VALUES ('24', '-2147483625', '-2147483625');
INSERT INTO `integration_consume_setting` VALUES ('25', '-2147483624', '-2147483624');
INSERT INTO `integration_consume_setting` VALUES ('26', '-2147483623', '-2147483623');
INSERT INTO `integration_consume_setting` VALUES ('27', '-2147483622', '-2147483622');
INSERT INTO `integration_consume_setting` VALUES ('28', '-2147483621', '-2147483621');
INSERT INTO `integration_consume_setting` VALUES ('29', '-2147483620', '-2147483620');
INSERT INTO `integration_consume_setting` VALUES ('30', '-2147483619', '-2147483619');
INSERT INTO `integration_consume_setting` VALUES ('31', '-2147483618', '-2147483618');
INSERT INTO `integration_consume_setting` VALUES ('32', '-2147483617', '-2147483617');
INSERT INTO `integration_consume_setting` VALUES ('33', '-2147483616', '-2147483616');
INSERT INTO `integration_consume_setting` VALUES ('34', '-2147483615', '-2147483615');
INSERT INTO `integration_consume_setting` VALUES ('35', '-2147483614', '-2147483614');
INSERT INTO `integration_consume_setting` VALUES ('36', '-2147483613', '-2147483613');

-- ----------------------------
-- Table structure for login_log
-- ----------------------------
DROP TABLE IF EXISTS `login_log`;
CREATE TABLE `login_log` (
  `id` bigint NOT NULL AUTO_INCREMENT,
  `admin_id` bigint DEFAULT NULL,
  `create_time` datetime DEFAULT NULL,
  `ip` varchar(200) DEFAULT NULL,
  `brower_type` varchar(200) DEFAULT NULL,
  PRIMARY KEY (`id`),
  KEY `FK_Reference_21` (`admin_id`),
  CONSTRAINT `FK_Reference_21` FOREIGN KEY (`admin_id`) REFERENCES `admin` (`id`) ON DELETE RESTRICT ON UPDATE RESTRICT
) ENGINE=InnoDB AUTO_INCREMENT=37 DEFAULT CHARSET=utf8mb4 COLLATE=utf8mb4_general_ci;

-- ----------------------------
-- Records of login_log
-- ----------------------------
INSERT INTO `login_log` VALUES ('1', '1', '1970-01-01 00:00:01', '1.0.0.0', 'N6GT9H13WO5956893O05013UH6J8VB2OITN907');
INSERT INTO `login_log` VALUES ('2', '2', '1970-01-02 00:00:01', '1.0.0.1', 'R34UPZT0MDCT33Y4BTU59B78V7XCLAR3BJ18735X51A91G8992L94C147NUV8UQ225OQ2F3B25OA85GR0FZ6GZ61CO54M25NBUM29OJM6B8V55EIWEXV98K143FPCBWJB6I7RN8KQ8B3FUP225VR86FU7BW3T7GB758J497UN18E3LIJ45QQG47BG2KGSN33G794XJGG');
INSERT INTO `login_log` VALUES ('3', '3', '1970-01-03 00:00:01', '1.0.0.2', '080O774728KFFZD6IW6N05N1H1JQ6CFH2QY0372STK');
INSERT INTO `login_log` VALUES ('4', '4', '1970-01-04 00:00:01', '1.0.0.3', 'SHA8B4FNMF3X0FW13GNZN2S38');
INSERT INTO `login_log` VALUES ('5', '5', '1970-01-05 00:00:01', '1.0.0.4', '78S5E6H9A3D0W00WVG810Y2X6XKGJ38MIL0R6480Z1N25ZI9LA447Z72G8M6Z2XMPX5GNNU443L00R472819W4Z1C0SOQ2132TO8N973JKIDYUO9HR3BH6WS688L04U18O751D65H8S9GAJXBRHV919EZ7TUET8923BY8VP2781PF08P8WOF304L0GIQJ5');
INSERT INTO `login_log` VALUES ('6', '6', '1970-01-06 00:00:01', '1.0.0.5', 'M30Y1Y940I956601Q1YWU61QZ16QL54V6M49IGW5LT4H98A5SMDMU01OFVT03Q0I3LL37UB48R41CML860833EL4B7BQ5SY2WX087220ELC26252D7076JQ7253NX5196TUQ6927UD5YT2EB724J25MT092BAR589HD7JWZUQM49VU6303RP6HOLJKZK879F9U2GNQ43');
INSERT INTO `login_log` VALUES ('7', '7', '1970-01-07 00:00:01', '1.0.0.6', 'SCR8772RY8VG8PW299MT40B3P4HK8O0IC7VA6G43V');
INSERT INTO `login_log` VALUES ('8', '8', '1970-01-08 00:00:01', '1.0.0.7', 'HEM22AY53PZ7E2JYETH5');
INSERT INTO `login_log` VALUES ('9', '9', '1970-01-09 00:00:01', '1.0.0.8', '751G02163');
INSERT INTO `login_log` VALUES ('10', '10', '1970-01-10 00:00:01', '1.0.0.9', '4Y9V0RXN5089728RK9CBE9AJ90DU2E353Y37005EKO09XX8KK2Y706D337QM7UKFM6QY9QW755DMQXXYU9V26VJJD2T0L3419LJ4G12RKUK9HRI17VR87261L43LH30INCW7C85YB8AJA88U04EYJ5MQW5O9F03GA6D3');
INSERT INTO `login_log` VALUES ('11', '11', '1970-01-11 00:00:01', '1.0.0.10', '93NV647Y03YTH5E6I9ZJJ32W4D16BSY57YF319P1RV89T3H2057P8FIMP2J8PJ1WTCB1VDW8T9YV4580HM03VAF6U9OBQ9U1O28M0UO7JDPP9546Z');
INSERT INTO `login_log` VALUES ('12', '12', '1970-01-12 00:00:01', '1.0.0.11', 'N1U7308G002Z4ML415GJ');
INSERT INTO `login_log` VALUES ('13', '13', '1970-01-13 00:00:01', '1.0.0.12', 'KQ441DWJBQ5S37I30389KS27X85D4S9XJZ0671D9Q882Z1SDPYCD5G6713M1J3127JXK0IMSJ1C');
INSERT INTO `login_log` VALUES ('14', '14', '1970-01-14 00:00:01', '1.0.0.13', '5374O7I3X17BW8SU105O04Q2Q510NW0NQK0892U906FE6ZF0J3BP1XX456A4PB5L7KTK57JXQ67K64RR096SRZZ2657S89V2354P59ZTG2RH50Y');
INSERT INTO `login_log` VALUES ('15', '15', '1970-01-15 00:00:01', '1.0.0.14', 'ZDDI34DHN18KMJ6R7J1CSSYW01F688MCGI8R341T7G422FARQTZWD69Q3SFK9P');
INSERT INTO `login_log` VALUES ('16', '16', '1970-01-16 00:00:01', '1.0.0.15', '5295');
INSERT INTO `login_log` VALUES ('17', '17', '1970-01-17 00:00:01', '1.0.0.16', '0211S25922691M78M12LS4FZAOQ9VNLWYDVG3601T9763ZMTDW137JN3');
INSERT INTO `login_log` VALUES ('18', '18', '1970-01-18 00:00:01', '1.0.0.17', 'L88A4R4W0B01OHR9X83TD54Z6E7Y53FC8SA631C');
INSERT INTO `login_log` VALUES ('19', '19', '1970-01-19 00:00:01', '1.0.0.18', 'J2B4C4D68197A4FX4U');
INSERT INTO `login_log` VALUES ('20', '20', '1970-01-20 00:00:01', '1.0.0.19', '6WNWC4AQ6LU0GD4M2CJVH9Z1VO7NG');
INSERT INTO `login_log` VALUES ('21', '21', '1970-01-21 00:00:01', '1.0.0.20', 'QBONGX49644NF7R57RYF0Y51S');
INSERT INTO `login_log` VALUES ('22', '22', '1970-01-22 00:00:01', '1.0.0.21', '347B6RG6X1D80W85CJSI0RM2FI6NX57164IP2857Q4A150Q6N31911LIHI9P6GEUKJ45W2');
INSERT INTO `login_log` VALUES ('23', '23', '1970-01-23 00:00:01', '1.0.0.22', 'CF496');
INSERT INTO `login_log` VALUES ('24', '24', '1970-01-24 00:00:01', '1.0.0.23', 'K07244671WJ5UT7B3FF1T09715YMGLFSW1M7RJ58A4WSL21U77');
INSERT INTO `login_log` VALUES ('25', '25', '1970-01-25 00:00:01', '1.0.0.24', '47GX19GKJG543K2PW47Q73T15276WQ5KRPZ1EPY0B2FD4D3Q9WUI32535K17492MEL5ZB7E7ACRE09ZI9S3QN');
INSERT INTO `login_log` VALUES ('26', '26', '1970-01-26 00:00:01', '1.0.0.25', 'RH7E18C5B0AJF4K79IE0E6QLRW0SI90M6Z68X695499144X4411UD6AC3TM4U6OY2T93603E5F1O1H0XM7M380QS4N0K79ATBVS0T2278MMI50FVMLNEGY03H3W6VCQ41480W84B0I076GHUIVQQ46Y3O2707K3AXQY9BO37071D0UDK4813MG8NX37');
INSERT INTO `login_log` VALUES ('27', '27', '1970-01-27 00:00:01', '1.0.0.26', 'ID5EJOB9QW6010Z0O47');
INSERT INTO `login_log` VALUES ('28', '28', '1970-01-28 00:00:01', '1.0.0.27', 'NU77NLNNO8N87WN534H9246L8F7YZ9VHQ');
INSERT INTO `login_log` VALUES ('29', '29', '1970-01-29 00:00:01', '1.0.0.28', 'RC1D6G81TUH3PP9MZ5UYVKCU5EQLLC16QL8X520V95CKC0SAG9P18TA31070CZB1P26634ZD3705W7YJVQ245S4NHQ716VX5M1M0I8GNY50K3OIDMW62AG5SINHJ1ELR14TEK2748Z1IGE7T36K0DN4K4IW0W9R');
INSERT INTO `login_log` VALUES ('30', '30', '1970-01-30 00:00:01', '1.0.0.29', '051J3B58K74Y2FQZVH4T0BP9997QYUX0P3XP56M6');
INSERT INTO `login_log` VALUES ('31', '31', '1970-01-31 00:00:01', '1.0.0.30', '5QT209CPG2G8Z6W22A4U8');
INSERT INTO `login_log` VALUES ('32', '32', '1970-02-01 00:00:01', '1.0.0.31', 'D4L13658B77G73F6TN8RC87CGO9ZG1DYF9A3V1OY5U4TC35585Q67D98LY7K2W4PU7P0AP973YBP');
INSERT INTO `login_log` VALUES ('33', '33', '1970-02-02 00:00:01', '1.0.0.32', 'NJEY96LGGFN');
INSERT INTO `login_log` VALUES ('34', '34', '1970-02-03 00:00:01', '1.0.0.33', 'N057ID22006G7T2XY7JW4DY07LO41UCH09NCCF43N5A1D7C7533R2995D7HN8125E6W7342HV8S8ANQ53M3JKXH738F8ZOT75E');
INSERT INTO `login_log` VALUES ('35', '35', '1970-02-04 00:00:01', '1.0.0.34', 'L7Z983Y7E6VBLB13JR46D6207E8O884');
INSERT INTO `login_log` VALUES ('36', '36', '1970-02-05 00:00:01', '1.0.0.35', '293U16K95Q14E4VT9LV89F4XZ6AWU109J9CLLVI942T66OORNOEKP3TR3B231P024URX87Z09496TVO3IY38GJ10C61228134J2QV136XAL6DGUN9H4UP7VWA3OJWCIJJ00P7P3R');

-- ----------------------------
-- Table structure for member
-- ----------------------------
DROP TABLE IF EXISTS `member`;
CREATE TABLE `member` (
  `id` bigint NOT NULL AUTO_INCREMENT,
  `name` varchar(64) DEFAULT NULL,
  `password` varchar(64) DEFAULT NULL,
  `icon` varchar(1000) DEFAULT NULL,
  `level_id` bigint DEFAULT NULL,
  `integration` int DEFAULT NULL,
  `create_time` datetime DEFAULT NULL,
  `status` int DEFAULT NULL,
  PRIMARY KEY (`id`),
  KEY `FK_Reference_69` (`level_id`),
  CONSTRAINT `FK_Reference_69` FOREIGN KEY (`level_id`) REFERENCES `member_level` (`id`) ON DELETE RESTRICT ON UPDATE RESTRICT
) ENGINE=InnoDB AUTO_INCREMENT=37 DEFAULT CHARSET=utf8mb4 COLLATE=utf8mb4_general_ci;

-- ----------------------------
-- Records of member
-- ----------------------------
INSERT INTO `member` VALUES ('1', 'Willard1991', 'O49V89425S4X4T5C5K5U31AD6V48H9PTH794', '8872CUT08B8B213ULY0WAE0489VVO85PF91B660022R1', '1', '-2147483648', '1970-01-01 00:00:01', '-2147483648');
INSERT INTO `member` VALUES ('2', 'Buster922', 'E871B', 'E2X62F04HAZ1YQAV02GK5UJMU84U6K2KF62RG7F0I0G39QNLD7LXO1I650K306923QH7FY6DN018B3B4J2IAJ3D56P21YW1QJ070K6Y2I0Y4D3Z27CWI0O386J9J46S7X2ZX42744EY4GW0Q50V', '2', '-2147483647', '1970-01-02 00:00:01', '-2147483647');
INSERT INTO `member` VALUES ('3', 'Jacinta7', 'O1494APU0YI09OZ66SL66BO775C413TP6B04HUUP900LI43FKV3ULCF45686E556', 'OGLR4P78IK060PEGG5PX8K6588XXU92521984R0IQ87NU36TU5974LWHV2X4G6Y9NA05OR596SO72V6Y4PF6A33O4184H86FG86B9TP3OD618TZZ824G7S1JL93VSN8GQEZXNCYZD7K0GCC4J7MM5GJ133Y1K4526O2WH225B3206X6A9J0391J69V51UXC6R57V818G7FLT04543D97562H14UQ3M89GR4FCJ', '3', '-2147483646', '1970-01-03 00:00:01', '-2147483646');
INSERT INTO `member` VALUES ('4', 'Breaux944', 'Z2U024830LM4MWT0XYDFV55W1O7ZD7LPSYOO1N88116J7I4YUAGSNF', 'A38J9119S00VO', '4', '-2147483645', '1970-01-04 00:00:01', '-2147483645');
INSERT INTO `member` VALUES ('5', 'Gardner69', 'V0IA3460JRA6H0QW1', '2D21215H90VW9Y467299O05TD49N8JC5T05LO301S8G4G3Y15IL7Q073S26ZN2T0JI79BWLUF65BWW3B3UTS', '5', '-2147483644', '1970-01-05 00:00:01', '-2147483644');
INSERT INTO `member` VALUES ('6', 'Charlott1993', '091647S6O', '4IL01JWPN4L90KCB42XTTN25U', '6', '-2147483643', '1970-01-06 00:00:01', '-2147483643');
INSERT INTO `member` VALUES ('7', 'Woodward56', 'RZONWJWQQT4U1M3D79B84SHO73', 'YTMZ', '7', '-2147483642', '1970-01-07 00:00:01', '-2147483642');
INSERT INTO `member` VALUES ('8', 'Herzog2024', '2H0NV22739V508NC7LX88K5XTSGO08859U0G5IN2', '29ZV7CDL4I0K1Z4B7N2GARZ452P9G8983Y564B547T0BWEZXR964G261KT6ARN71Y47698S759XMY87K4K', '8', '-2147483641', '1970-01-08 00:00:01', '-2147483641');
INSERT INTO `member` VALUES ('9', 'Justine2002', '6', 'S9FV865SB5DAY267CBC5F6SGV4I41DGSUT9JG5P19WO90ZQAT219XY168', '9', '-2147483640', '1970-01-09 00:00:01', '-2147483640');
INSERT INTO `member` VALUES ('10', 'Bethel4', '05TXM19K7ZAX8R4M40UEF31', 'CRS930WPXG49SYB621S1R6FRGG0VZF8369WIU227VT90469NX700O7T0FHQ976', '10', '-2147483639', '1970-01-10 00:00:01', '-2147483639');
INSERT INTO `member` VALUES ('11', 'Sheridan765', 'IM5W51M34G08KU9RT', '9QE97G9KP95U2PAXAO17K3O84XZY2W530R38T807Q79BF094J19P616S94314IA4KJ9V38DM6J4US19', '11', '-2147483638', '1970-01-11 00:00:01', '-2147483638');
INSERT INTO `member` VALUES ('12', 'Colvin2022', 'H1DSF8HN3I85KH846F6A552ICO2E6C87PCLA15TVJW5P53F12765SY7T51LE3055', '325XBN14PA93MNZFH9B55063X', '12', '-2147483637', '1970-01-12 00:00:01', '-2147483637');
INSERT INTO `member` VALUES ('13', 'Julee61', 'EI49AFG904PJ755O22KZY961WK', '22804D24O8HV5U', '13', '-2147483636', '1970-01-13 00:00:01', '-2147483636');
INSERT INTO `member` VALUES ('14', 'Keva2028', 'CQ366A', 'FN3617AO1D6SY843013Z8V0NZ6121HY005TVH1291211K0WD875Q17D1Z51G8NE7NLLIPK0Y80Y33YXX', '14', '-2147483635', '1970-01-14 00:00:01', '-2147483635');
INSERT INTO `member` VALUES ('15', 'Schultz216', 'S17S44P23', 'N1429N9UGINVF220EE4462XE2PP2A361D707G5Z2127OZ726D2F976C04K150K8VOCPY1J4ZPCVC001M2', '15', '-2147483634', '1970-01-15 00:00:01', '-2147483634');
INSERT INTO `member` VALUES ('16', 'Odonnell143', 'C95LJ0I3NID37K934LIXQI6R8N08N08', 'NBPUL99UO5H1IEH7KOPN242018O16AZKXU6G9ABPEWEJT1V0WH4KLJZMZSN2826F57X5728M4O83RCYHE06K577AJY70BUJ1409M74D9VHTZT1X2J72SWE4CAWEQOBZBF8L73ZCFU9Y51FKBXV7M6263L93XGC3F182F7LM8D1VPLVGMYPM6173G464B2LZLGBQ2S76D96DF1WN0LVP4', '16', '-2147483633', '1970-01-16 00:00:01', '-2147483633');
INSERT INTO `member` VALUES ('17', 'Oreilly2027', 'A6HCECU6IY66720IYMH31699', '25FM75W54QPSN96PB2WMG064C101E146844T9PN2D7Q56Y8L82NO2JOQWY6PK364S994KG6393D6Y8DT64L81CZ7M3R36R1489T1WRE4QJY20SM17U37M32XZ25G8LRA6L4KWBYR67R2B528G6W4T328D4N6G635IGEEVUE880300BXXX9377391R05WE9H12V135VWEUC9OW', '17', '-2147483632', '1970-01-17 00:00:01', '-2147483632');
INSERT INTO `member` VALUES ('18', 'Arie881', 'FU6B5F949085D584W6K6B7XLPXGMW', 'I33EY4G1B4YZV0GYZJ4905DUK4E1261BF4MYPP9WVU79GPGYMX9O1H01AE6W2X30FPROFXC77KF9U2P9887KQL6KE8FXR149373HW3GPAK20IK7RNGW164C5C9R35SC85D9PAJ391TG4FW5PP94830HLYKKOGDO8D43H60XZ07U15ND71BUWVI282KF2V6AH76YC429KEM2SAU2H9F', '18', '-2147483631', '1970-01-18 00:00:01', '-2147483631');
INSERT INTO `member` VALUES ('19', 'Rosales464', 'VU1104K2XK8S5R00L', '9I031YY7SKEUQ7OJTT5768X93B5TKV8F313586I08W30940034725261C2', '19', '-2147483630', '1970-01-19 00:00:01', '-2147483630');
INSERT INTO `member` VALUES ('20', 'Javier32', 'X9067SKT4', '9Q0E09504Y5XNKBX200G945EASC7BCA46NW61XU15PQ91B9P7509JGK584PMK6QH78G4M21569DRJG3C248A56CR5GMMG495A6712G5GW92SYEA4F6VL041MQXLBAO760DCR1907Q2Z9JP6XC5Q1E47HJGBGW', '20', '-2147483629', '1970-01-20 00:00:01', '-2147483629');
INSERT INTO `member` VALUES ('21', 'Baron866', '466CS5Y2619KZ39019S2W1D', 'YF4H572H21T60OQN0533RVL682UPXBYEALGB1X7N2LW59M303X50462VJ5ICEQ3XZ3PZHGTY1WSURTRAL02IW8P9N00K8ZA4U9U5432SUXFY5D0', '21', '-2147483628', '1970-01-21 00:00:01', '-2147483628');
INSERT INTO `member` VALUES ('22', 'Lloyd2000', 'C7NP5NN96A81G3VXFKPN5988U6V1F21', 'G97P2AI44', '22', '-2147483627', '1970-01-22 00:00:01', '-2147483627');
INSERT INTO `member` VALUES ('23', 'Benny1967', '9K24M3A6PCI927W9WL050A26EY9KN4QQJ4E54T21YZ643Q69NTH7ND3UULH2O233', 'IE26C2C9B0ILY3YM038EUL412RM3UKU5GZ156', '23', '-2147483626', '1970-01-23 00:00:01', '-2147483626');
INSERT INTO `member` VALUES ('24', 'Numbers689', 'LUHA2GJ4R48CW16H9PA8685EZ6LAP6S0', 'CWTR6D3Y4OG9X0S906B92N8JRW55WPLC2O8R9QN113632NQH38N7S7GSR19DGW1O7XV66Y3NQW8HT6CR90F9D6X71QH7PJ4ODA6S690XGSEML6F223138RYOSSF3S6P67222Y3EH', '24', '-2147483625', '1970-01-24 00:00:01', '-2147483625');
INSERT INTO `member` VALUES ('25', 'Reddick1963', 'CWMVH7ZKX8', 'Y77444ST0455X72AJ42A020EL5KS857CHYL1X4WJ3FREECP3BLU2L80S8ASB1W7B6O5849710L9MEH29EAFONVXKE935MOQ4VD', '25', '-2147483624', '1970-01-25 00:00:01', '-2147483624');
INSERT INTO `member` VALUES ('26', 'Vincent1980', '6U8OPB77VSJI925F6TC4070GOE9X6FQN2JP1SC5O77K244P7I7UYG2V8EG8ICH3H', 'D67RGKF9T7VCZ8YE671F5LA1EWWAA2O82M3M35E7R3OV91IPS18D7917MEB5930G', '26', '-2147483623', '1970-01-26 00:00:01', '-2147483623');
INSERT INTO `member` VALUES ('27', 'Neil1974', 'C7E48OUA1952FD6', '60HWUTBL2ND36N830M9Q423287WNZU1573Q8', '27', '-2147483622', '1970-01-27 00:00:01', '-2147483622');
INSERT INTO `member` VALUES ('28', 'Gregg776', '5Q33J0L', 'W2AACBQDOZ7P65GKBF', '28', '-2147483621', '1970-01-28 00:00:01', '-2147483621');
INSERT INTO `member` VALUES ('29', 'Myong2014', 'Q4N9UDQP4HVK1H0585268O194', 'D723850Y6M25L09VYPECJI3YQ7VA2CHXFSY8O4Y7AW956EDO7HU7NSV4ZU9V0PLX8V971ZU52X43ILXBQ4CM59R02B3136H17PWS577UWP1DF570FOW41RLZV2S648086L127W5CY46UQO716BU3H288938RZY0Z1FR863Z1L6DW0E8O7DQQ6PYE5P9H4Z4E0V56GHQ3IZ38SCW3D314Z4TA12EMDF8Y7F2841J26ZQK8', '29', '-2147483620', '1970-01-29 00:00:01', '-2147483620');
INSERT INTO `member` VALUES ('30', 'Alfonso1959', '9O0H46I', 'FOE27Q8P741E8M3E2489YPS84ZP8DPF1H963B296LU9RE4ANB0ZN583I4OS8611OQDU61E1H4F098O4JI8G4HNE79TO3GUX222VN0L4E0D11P7W6NB4FFM4383Y39O133O48ZYR83G04N907CN', '30', '-2147483619', '1970-01-30 00:00:01', '-2147483619');
INSERT INTO `member` VALUES ('31', 'Cassi41', 'XO52ZZ7WABQPH96EQ245Y37S4V3Z35JZ947R9DC4VHO6OR90E5C87F0W888I87E3', 'VXG3T0GE61ODPI4I770EE9I1A8Z101XO5UXDEGHG9MT11QHJ', '31', '-2147483618', '1970-01-31 00:00:01', '-2147483618');
INSERT INTO `member` VALUES ('32', 'Tilton2022', '052O9X25M8N18J0UTR6E8MN12GE18IUK9X174U', '6ES767BJ1T9B2NVDIAB7425GLC45O5R53S6Q4PD3591P27KJSFV2PI9JRB1I9LBOV84D1679', '32', '-2147483617', '1970-02-01 00:00:01', '-2147483617');
INSERT INTO `member` VALUES ('33', 'Desimone665', 'Q1T32', 'W5QYKPA7RT3MICUYRAU8HYS1K01NE789U7C080LH973Z637452JLK01WGSX02XMOX5WOIUQ16663S988DX3F49QN2516T78BJ8B1314XRJB475KXT44I503X40686PJO7LR08XF679I8LEGC12GS4B8I4XWK8I3IY4552D780N0223R34650N87MP23A85EW5MNQQEMOW12ET09', '33', '-2147483616', '1970-02-02 00:00:01', '-2147483616');
INSERT INTO `member` VALUES ('34', 'Adeline1986', 'MST5ST5IYLE6O4YC55320NM1N754FZ0SN6Z12', 'WF5O', '34', '-2147483615', '1970-02-03 00:00:01', '-2147483615');
INSERT INTO `member` VALUES ('35', 'Tuan1988', '779U2RGT69E9WU0IKC', '344L1FS81749KBQ1X17J0FUS55XH5E7750LUEW6AEIIB3DIGADR3C0J1T91KV01C12Z9278D', '35', '-2147483614', '1970-02-04 00:00:01', '-2147483614');
INSERT INTO `member` VALUES ('36', 'Zachary4', 'D2Y8G5L5YWR2A4CN10B30HN', 'Y1C4LQP0283T63342J52MT97I65AE1HK2Y1O6G52BY8Y6K15Z6ZX3E35J70M782Y61Z4R2ZQ703NLMAI17HVN75K078W171RE2S77UI28J2UH0HUTNXSHBKUMTV0X7J386G17QQN7UI8V7Y4BOGC71Q8I82X98VG1OGR43M6EQ7H6606C879LU7', '36', '-2147483613', '1970-02-05 00:00:01', '-2147483613');

-- ----------------------------
-- Table structure for member_integration_setting
-- ----------------------------
DROP TABLE IF EXISTS `member_integration_setting`;
CREATE TABLE `member_integration_setting` (
  `id` bigint NOT NULL AUTO_INCREMENT,
  `continue_day_count` int DEFAULT NULL,
  `count` int DEFAULT NULL,
  PRIMARY KEY (`id`)
) ENGINE=InnoDB AUTO_INCREMENT=37 DEFAULT CHARSET=utf8mb4 COLLATE=utf8mb4_general_ci;

-- ----------------------------
-- Records of member_integration_setting
-- ----------------------------
INSERT INTO `member_integration_setting` VALUES ('1', '-2147483648', '-2147483648');
INSERT INTO `member_integration_setting` VALUES ('2', '-2147483647', '-2147483647');
INSERT INTO `member_integration_setting` VALUES ('3', '-2147483646', '-2147483646');
INSERT INTO `member_integration_setting` VALUES ('4', '-2147483645', '-2147483645');
INSERT INTO `member_integration_setting` VALUES ('5', '-2147483644', '-2147483644');
INSERT INTO `member_integration_setting` VALUES ('6', '-2147483643', '-2147483643');
INSERT INTO `member_integration_setting` VALUES ('7', '-2147483642', '-2147483642');
INSERT INTO `member_integration_setting` VALUES ('8', '-2147483641', '-2147483641');
INSERT INTO `member_integration_setting` VALUES ('9', '-2147483640', '-2147483640');
INSERT INTO `member_integration_setting` VALUES ('10', '-2147483639', '-2147483639');
INSERT INTO `member_integration_setting` VALUES ('11', '-2147483638', '-2147483638');
INSERT INTO `member_integration_setting` VALUES ('12', '-2147483637', '-2147483637');
INSERT INTO `member_integration_setting` VALUES ('13', '-2147483636', '-2147483636');
INSERT INTO `member_integration_setting` VALUES ('14', '-2147483635', '-2147483635');
INSERT INTO `member_integration_setting` VALUES ('15', '-2147483634', '-2147483634');
INSERT INTO `member_integration_setting` VALUES ('16', '-2147483633', '-2147483633');
INSERT INTO `member_integration_setting` VALUES ('17', '-2147483632', '-2147483632');
INSERT INTO `member_integration_setting` VALUES ('18', '-2147483631', '-2147483631');
INSERT INTO `member_integration_setting` VALUES ('19', '-2147483630', '-2147483630');
INSERT INTO `member_integration_setting` VALUES ('20', '-2147483629', '-2147483629');
INSERT INTO `member_integration_setting` VALUES ('21', '-2147483628', '-2147483628');
INSERT INTO `member_integration_setting` VALUES ('22', '-2147483627', '-2147483627');
INSERT INTO `member_integration_setting` VALUES ('23', '-2147483626', '-2147483626');
INSERT INTO `member_integration_setting` VALUES ('24', '-2147483625', '-2147483625');
INSERT INTO `member_integration_setting` VALUES ('25', '-2147483624', '-2147483624');
INSERT INTO `member_integration_setting` VALUES ('26', '-2147483623', '-2147483623');
INSERT INTO `member_integration_setting` VALUES ('27', '-2147483622', '-2147483622');
INSERT INTO `member_integration_setting` VALUES ('28', '-2147483621', '-2147483621');
INSERT INTO `member_integration_setting` VALUES ('29', '-2147483620', '-2147483620');
INSERT INTO `member_integration_setting` VALUES ('30', '-2147483619', '-2147483619');
INSERT INTO `member_integration_setting` VALUES ('31', '-2147483618', '-2147483618');
INSERT INTO `member_integration_setting` VALUES ('32', '-2147483617', '-2147483617');
INSERT INTO `member_integration_setting` VALUES ('33', '-2147483616', '-2147483616');
INSERT INTO `member_integration_setting` VALUES ('34', '-2147483615', '-2147483615');
INSERT INTO `member_integration_setting` VALUES ('35', '-2147483614', '-2147483614');
INSERT INTO `member_integration_setting` VALUES ('36', '-2147483613', '-2147483613');

-- ----------------------------
-- Table structure for member_level
-- ----------------------------
DROP TABLE IF EXISTS `member_level`;
CREATE TABLE `member_level` (
  `id` bigint NOT NULL AUTO_INCREMENT,
  `name` varchar(200) DEFAULT NULL,
  `note` varchar(500) DEFAULT NULL,
  PRIMARY KEY (`id`)
) ENGINE=InnoDB AUTO_INCREMENT=37 DEFAULT CHARSET=utf8mb4 COLLATE=utf8mb4_general_ci;

-- ----------------------------
-- Records of member_level
-- ----------------------------
INSERT INTO `member_level` VALUES ('1', 'Camila2008', 'KK5271T8CN44A33OM1EW8FK2228VR905QH4827829M822K19N82Z312LKR121K58002Q6R28YG6OF3CA5L0XL6Y2AYM29B0D48WMKKSQG772O143M9270');
INSERT INTO `member_level` VALUES ('2', 'Clark723', 'OB47AGSZ3O6D0H05X2785');
INSERT INTO `member_level` VALUES ('3', 'Sandy193', '71M43U784KS6');
INSERT INTO `member_level` VALUES ('4', 'Head1950', '0YKX8SU0DH047BE40WA4HVM2XRE2T1RA6AE3LS211D7N6YUDS9BRZ3S1GQVD093BUM4ZBBS6FAUUMHPYSV86GNW3N976');
INSERT INTO `member_level` VALUES ('5', 'Villareal2010', '8LZ7A30OY4K');
INSERT INTO `member_level` VALUES ('6', 'Mcdonald353', '75QW6T7901LW0EC0SK987HUVWA2Q9');
INSERT INTO `member_level` VALUES ('7', 'Rex5', 'M72GE9A60R8379EH8BFZVG028VVH6O8R352X5LO685ITJI436X4LSM77WGGH9O515OUK594V94CFX1K1V61574Q6BJH4GC53T3H5GIDP36AGBNC11VG1T04IUI4MS5JU78781XN926W56L8Y9ZJHD');
INSERT INTO `member_level` VALUES ('8', 'Darryl984', '359CTD0P2IJ1L97Z8S2RJ3791BQR6XGGZE3H7QG5X0204351U898WP37193');
INSERT INTO `member_level` VALUES ('9', 'Daryl642', 'ANG3TZA5O4YKHOF67TM5ZE0R55B9SEIL29M54167D78W64KR');
INSERT INTO `member_level` VALUES ('10', 'Goldie1981', 'V080Y8041');
INSERT INTO `member_level` VALUES ('11', 'Tod223', 'WVH76VF41XF802H4K633Z3HGOPRJ2PM0J68FM5NG09Q7BF2K5621YDY69UD865XLGK399HVXW5KX70FU2VYF5N599M1G74043MMV705FJN5RM13BBJU116CI0GVF1B97QKOHXUD11L0DEOF87Y720E59R512NR250Z873PYTQASU39');
INSERT INTO `member_level` VALUES ('12', 'Stanford964', '8YCKU7FY70NPXOFS2999E1XKB');
INSERT INTO `member_level` VALUES ('13', 'Elsie1964', '2W7C0GK1KIPTFFGO431TQ2416S1NQ9M5V8LBVJ2N290KL286W8NGE29NRI2ATW69ZLIFS8ZK3UN42PBFO09F4FT4WP16IR849FERE8HC82B4KWO45N0469H67PNBG65NH22KZ30JA31JP57LXA12XS1N59JD6GF9CQR');
INSERT INTO `member_level` VALUES ('14', 'Fernando3', 'T23J44120P72U6GWC40BC6');
INSERT INTO `member_level` VALUES ('15', 'Maris2008', '86DJIWV0HCL4LX6NW2IPP8LVW95N05IN478RTB3LMJ2GNJ6322Z57H1KP');
INSERT INTO `member_level` VALUES ('16', 'Celestina2009', '7ANL6VBS584RD68GR8007078Z9E5300620078X6431RR9ALQHJ9910GH3RG5F31VMI613EM1O0T40D6OIPYF3FV295Y1H7069BJ86CIGU9WNMLPLIJ33UE30726MIP8WANIKW51044AS9ED4R2V6P33810P0F6DT0F004QWO1MQL40I51P2P5710Y6IZ64FJCH59I687V9L999916P6R1X2HEO55CAPX2V6CKG5M0LLRRL5J9MO5V34O7B0JSCSC1477918');
INSERT INTO `member_level` VALUES ('17', 'Josephine38', '1');
INSERT INTO `member_level` VALUES ('18', 'Trinity946', '5B13671C32425C5H2DJR4H16IK3C0M4O6AT');
INSERT INTO `member_level` VALUES ('19', 'Kia423', 'Q9U6IY146P755AG6DAZAXHP1RZL97');
INSERT INTO `member_level` VALUES ('20', 'Halsey2012', '645473KVM7O63H3IA66556557A14');
INSERT INTO `member_level` VALUES ('21', 'Ruby1969', 'GQH46PAGCRDA6U592WB38VAVM876UF0G190UMR6TG4PYAB2OM0KL9U316R7YX6AZO69238J6XL3J7LJ');
INSERT INTO `member_level` VALUES ('22', 'Alejandro919', '7Y1R');
INSERT INTO `member_level` VALUES ('23', 'Madelyn199', 'Y8GB');
INSERT INTO `member_level` VALUES ('24', 'Zaida7', '0A08EUQC5XD2RB924V5CH282NN7L0U4300JWWA51STME51B25Q11N20OF4MIQ16KGJ585688OZZ0993I502PQW6E237U4GME86VWSNL97UX1H1O9TU8VB175Y05S428U8C53L5EU5S4X1708LHL6R76SHGT0D35PB7VLS19I7M510L7HDSI66D03525WF5DX022IT2SK4L6M86M2W0340P4905MWUG115X4ESR39RPRT14F5AV7SFO035UJE310');
INSERT INTO `member_level` VALUES ('25', 'Tom727', '3DTMQLV4FTX676ID2ZI9QR4497Y392VRI6X7KWJFRU496HE539QWXJX1D476IXN0U4454G5910');
INSERT INTO `member_level` VALUES ('26', 'Williford764', 'K2ZM55SNQ1I4482Z8032XQ3K6378N7WQ4GUO4TU5M72NRR3FI8L5D1T91U9B92489Q697KG6861313175RC447QG464H662GF92DYH1V0WBIF4PVV3J35VL3DE54F7H0L4DZC012YU8O8W8W0ZYKI8I2W12DM4PE8H900DOJOFL05JH5Z2U75UP75RN3R1KTT26HC62UI86N2LA61Y9UI842OUX2CN57');
INSERT INTO `member_level` VALUES ('27', 'Fermin2020', 'D38J618R7RQY888K7YBQDDU49667Y51K5RM26BE10ESMH249U4I374CZ0K03TV01W3F572TD4RH23D8N9OQZWDR13XD2V7O353TQS93TDIM90RRZJYVN1301RS0Q1MJH059D9A448W971P1RZ9J811A5IJXQ4RRYU');
INSERT INTO `member_level` VALUES ('28', 'Rey237', 'CRTE8B517M');
INSERT INTO `member_level` VALUES ('29', 'Rosas1999', 'K5E5W112RZ7HC9L54ODNMT51QUJVF3B00MCM1SMSNKOK89SY091EI7630DQZOCNVS42KB60B367AU4X459I0M40');
INSERT INTO `member_level` VALUES ('30', 'Leonel1962', '13966NM575D');
INSERT INTO `member_level` VALUES ('31', 'Dube239', 'YTBG37V2Q9G6');
INSERT INTO `member_level` VALUES ('32', 'Curtis1958', 'PX0M58S46ZK43Z7R71I8J2C0LGY87CJ7LBWBX05C101CG1MZ93W5RPDQZK8DE4FQ40X76A391X9');
INSERT INTO `member_level` VALUES ('33', 'Roark1988', 'K33E9M9C207BI751J7YESZ92EYH32Z11Q7J9SJ8Q077OP4DXC254F6XUE00SG1');
INSERT INTO `member_level` VALUES ('34', 'Malcom4', 'EF9UPF1ALHT604P4681K3ORA9N1FRB73204PI8R6M4N7VUE0U3NJ5GYZ08F5ZKK4II8U8');
INSERT INTO `member_level` VALUES ('35', 'Raylene6', '8V91D2IL5GQ5G5355260NYT2C76R8VRJV505XI169V9RG20EZ4FBJ4JOC5Y7C41QZE4SZ8UK5AOZS80068NEJPL48H9ZJ6785B89I');
INSERT INTO `member_level` VALUES ('36', 'Hurst1976', '7983855610Z3N0L626OJ11C2W8KK1HP465TPS867RBHQK2I384IK058KSQMSST8XFUU7X428902J7P8X1N88S7Y075J13824WB9GUYX952PKL3OG59SD54L074TPG9J1CZYZ07QP1A3D2Y2316U2AE0J1PX36FX490GE3E77F3367JM5UWUF3PQ9T4U78NJ09DQ9ZY01L476EKI9625AM708706TQ7X88Q4VN7OGZ603LTQ');

-- ----------------------------
-- Table structure for member_log
-- ----------------------------
DROP TABLE IF EXISTS `member_log`;
CREATE TABLE `member_log` (
  `id` bigint NOT NULL AUTO_INCREMENT,
  `member_id` bigint DEFAULT NULL,
  `create_time` datetime DEFAULT NULL,
  `ip` varchar(200) DEFAULT NULL,
  `brower_type` varchar(200) DEFAULT NULL,
  PRIMARY KEY (`id`),
  KEY `FK_Reference_121` (`member_id`),
  CONSTRAINT `FK_Reference_121` FOREIGN KEY (`member_id`) REFERENCES `member` (`id`) ON DELETE RESTRICT ON UPDATE RESTRICT
) ENGINE=InnoDB AUTO_INCREMENT=37 DEFAULT CHARSET=utf8mb4 COLLATE=utf8mb4_general_ci;

-- ----------------------------
-- Records of member_log
-- ----------------------------
INSERT INTO `member_log` VALUES ('1', '1', '1970-01-01 00:00:01', '1.0.0.0', '2GL364856F1U7H12MA64J13MDMY8O1ITKQH3OYK42C1HO2Q1PP2G7KP5MP6R326WA0663QY31C5AS512309H9112778Z81K86F1YUJKTF38F2OSX4W6SYAWO2191E57DAGWDM36M32478I502J61BU52KA4KAA66BUPYA95UCB5HR4XZ2VU83LP25OT37XRC235756O6');
INSERT INTO `member_log` VALUES ('2', '2', '1970-01-02 00:00:01', '1.0.0.1', '7M163O9YTPVY776G73SFZ132IS2042VS342253HU969VX578JT29AA08759');
INSERT INTO `member_log` VALUES ('3', '3', '1970-01-03 00:00:01', '1.0.0.2', 'Y');
INSERT INTO `member_log` VALUES ('4', '4', '1970-01-04 00:00:01', '1.0.0.3', 'T188W12D0FLLC4LEZ2206JIVDMO9ZB6132YDN524K8RZJA91156028015Y26V55V43O51L52Y70XH814S94RJKJ64R59CRD09338829V3U56S58YK');
INSERT INTO `member_log` VALUES ('5', '5', '1970-01-05 00:00:01', '1.0.0.4', 'I1D8EW7A5');
INSERT INTO `member_log` VALUES ('6', '6', '1970-01-06 00:00:01', '1.0.0.5', 'QAO0M56Q71G969X3YBSF96H32P5L2S8334AQ507E306Q6NVF8E7MIZX4KB4IJ7');
INSERT INTO `member_log` VALUES ('7', '7', '1970-01-07 00:00:01', '1.0.0.6', '42W9G58CZZ9NLX4L33990W5847952F6N3SI337RF6U2YC2P9BT');
INSERT INTO `member_log` VALUES ('8', '8', '1970-01-08 00:00:01', '1.0.0.7', 'FNKDIC6LR9LFIJ60A79');
INSERT INTO `member_log` VALUES ('9', '9', '1970-01-09 00:00:01', '1.0.0.8', 'GJC4K18O9O80H8OUZYO5278S320TF79M767BF74O0IG5CF1E9K620RFL1H5941I950ZRYR1U3KS6DM27E5O859A5929Z7J813R1760L667A2D4X7FJR6IAQ3B3J4E7BN57G98UJ86HQ7G7BQB279SZXV9GHO6U5CNDGH95CV52WTURQPCMNY1F0H81IAYJ1CQLW7B0EU');
INSERT INTO `member_log` VALUES ('10', '10', '1970-01-10 00:00:01', '1.0.0.9', 'PQ4');
INSERT INTO `member_log` VALUES ('11', '11', '1970-01-11 00:00:01', '1.0.0.10', 'BNN47L9865ZL9T9B09F6C0N3P94W53N85728UJ0YC407613G3XMB');
INSERT INTO `member_log` VALUES ('12', '12', '1970-01-12 00:00:01', '1.0.0.11', '7H5G');
INSERT INTO `member_log` VALUES ('13', '13', '1970-01-13 00:00:01', '1.0.0.12', '9OG9W');
INSERT INTO `member_log` VALUES ('14', '14', '1970-01-14 00:00:01', '1.0.0.13', '9H85ZV948C53I5IYRIL97Z96532I0D7W25U0264W8H98');
INSERT INTO `member_log` VALUES ('15', '15', '1970-01-15 00:00:01', '1.0.0.14', '0916V1M8Y92C0KS');
INSERT INTO `member_log` VALUES ('16', '16', '1970-01-16 00:00:01', '1.0.0.15', '84P5HRCHI10B0GP4DVGDG793TJ8IBE9540FE33Z0X9BY35I80BC0XEG8UK42C88Y4');
INSERT INTO `member_log` VALUES ('17', '17', '1970-01-17 00:00:01', '1.0.0.16', '4AGWKV6R2Q85Y478X20W9Y');
INSERT INTO `member_log` VALUES ('18', '18', '1970-01-18 00:00:01', '1.0.0.17', '1930BW31AO512LLP1G6034B4866O5ZPY3N2B1WW83ZG22L9FAMT59T0H933GOOE37OCAP5Y40X2F3V1G642C872Z4ZG2CZE');
INSERT INTO `member_log` VALUES ('19', '19', '1970-01-19 00:00:01', '1.0.0.18', 'R4594S7Q03W090E7TA');
INSERT INTO `member_log` VALUES ('20', '20', '1970-01-20 00:00:01', '1.0.0.19', 'N12R0H19S9LKTYYIJRV13U2P8Q182SZI50V106972S60XF69B32OZV8R135XXV');
INSERT INTO `member_log` VALUES ('21', '21', '1970-01-21 00:00:01', '1.0.0.20', 'R65JUJ4Q9E007O5Y25P40A1O0W485GE3IQKO56RRI3A0117GLCVW6THR4194207XZI8M734349093CKK103O8YX5I308797BBBPP5Q957Y9X8G6HC88924RVP7S8PKKERT51K931RBS61XQ876KW3455CO0MZ40R28EG348K7ML9KUB');
INSERT INTO `member_log` VALUES ('22', '22', '1970-01-22 00:00:01', '1.0.0.21', '3XCIE7SF9D222YXEP7SCG5D90GYCS7EW58622YL7N9RD7DBXY87K20Q91Z684ODWV30A5');
INSERT INTO `member_log` VALUES ('23', '23', '1970-01-23 00:00:01', '1.0.0.22', '8364CDP6WBQC1BKQS01PET6EM43IOQW15P78F9RN7SLPLPUNP80P');
INSERT INTO `member_log` VALUES ('24', '24', '1970-01-24 00:00:01', '1.0.0.23', '5Y92DV459553VKWA2SB99L2A8SK68U30SS53O0BHILK7X33GJMJN2225XR8L8N57H5UM8FY62RQH7X2TU6T7YR64699SL0U6F8ZZ57252');
INSERT INTO `member_log` VALUES ('25', '25', '1970-01-25 00:00:01', '1.0.0.24', 'O');
INSERT INTO `member_log` VALUES ('26', '26', '1970-01-26 00:00:01', '1.0.0.25', '94N721K7GL6I71A6N796Q07I6R');
INSERT INTO `member_log` VALUES ('27', '27', '1970-01-27 00:00:01', '1.0.0.26', '5691BETYF6D2JE8L561G1OR6H945TPPEYXC9QFNSHV066746QR687Z1LHZ41T5CTPR7H58I85G77524H9AN');
INSERT INTO `member_log` VALUES ('28', '28', '1970-01-28 00:00:01', '1.0.0.27', 'OF8K68A9VE02D0F374XKSWJ9WPO1Z4P8325E915509E25T5491OQC0C691K25K7X');
INSERT INTO `member_log` VALUES ('29', '29', '1970-01-29 00:00:01', '1.0.0.28', '4HCU8E6NEVS4245');
INSERT INTO `member_log` VALUES ('30', '30', '1970-01-30 00:00:01', '1.0.0.29', 'S2O94Y4R4AN642PQEE9H8FG12RVKVYB34HB2Z41748563167AN3321W6C4N1X375NI10B7T9301H2L135JWNB3PH32KP31L0J32Y1MWKZ5COX925CQ7N682XCWT5L99485V4TOX4I9VHI3V3Y4J1T08MI82LWXUL00WY420WVGLIH1SM8KBSWO018XG98NXOA98355I8');
INSERT INTO `member_log` VALUES ('31', '31', '1970-01-31 00:00:01', '1.0.0.30', 'ZN8D421Y4154C1CS7J2');
INSERT INTO `member_log` VALUES ('32', '32', '1970-02-01 00:00:01', '1.0.0.31', '7271PR9IWH6ZT0804OK9Z8I4AQ56AHMHB0UF7O1B6ZJB21KERKS8Q2WX2BU18M9Z8QX45Z1L483NHTK14M97IV709Z5BY7UORX735S2007803372F905RUC99X93C26XLWY2TW6812SSBS9FT355NXO8OD10M');
INSERT INTO `member_log` VALUES ('33', '33', '1970-02-02 00:00:01', '1.0.0.32', 'A2HED49ZGZ2DH0U07HHXRCLHH25FM82O46P3Y2194Z33JB182MF7FF0Y588Z3N662BEJET24V');
INSERT INTO `member_log` VALUES ('34', '34', '1970-02-03 00:00:01', '1.0.0.33', 'MEVJ68O44225B05Z3MV27T8IOGM4DXLHPJ2VJ075V1B1I05E3GI709295F4RUB4M2OK3RZ6A6BN0T102TBZ0L33P2819E6JJWA4UOBCZ18V2IIQ9CW5P179L82FC9TD3WDD7RH97');
INSERT INTO `member_log` VALUES ('35', '35', '1970-02-04 00:00:01', '1.0.0.34', '5806VO79F8OXFP31M');
INSERT INTO `member_log` VALUES ('36', '36', '1970-02-05 00:00:01', '1.0.0.35', 'H5YP3949MO9936ZVE988A7J75DJZF8X7947T663DJXT4NULE7870901NJ');

-- ----------------------------
-- Table structure for member_product_category_id
-- ----------------------------
DROP TABLE IF EXISTS `member_product_category_id`;
CREATE TABLE `member_product_category_id` (
  `id` bigint NOT NULL AUTO_INCREMENT,
  `member_id` bigint DEFAULT NULL,
  `product_category_id` bigint DEFAULT NULL,
  PRIMARY KEY (`id`),
  KEY `FK_Reference_101` (`member_id`),
  CONSTRAINT `FK_Reference_101` FOREIGN KEY (`member_id`) REFERENCES `member` (`id`) ON DELETE RESTRICT ON UPDATE RESTRICT
) ENGINE=InnoDB AUTO_INCREMENT=37 DEFAULT CHARSET=utf8mb4 COLLATE=utf8mb4_general_ci;

-- ----------------------------
-- Records of member_product_category_id
-- ----------------------------
INSERT INTO `member_product_category_id` VALUES ('1', '1', '1');
INSERT INTO `member_product_category_id` VALUES ('2', '2', '2');
INSERT INTO `member_product_category_id` VALUES ('3', '3', '3');
INSERT INTO `member_product_category_id` VALUES ('4', '4', '4');
INSERT INTO `member_product_category_id` VALUES ('5', '5', '5');
INSERT INTO `member_product_category_id` VALUES ('6', '6', '6');
INSERT INTO `member_product_category_id` VALUES ('7', '7', '7');
INSERT INTO `member_product_category_id` VALUES ('8', '8', '8');
INSERT INTO `member_product_category_id` VALUES ('9', '9', '9');
INSERT INTO `member_product_category_id` VALUES ('10', '10', '10');
INSERT INTO `member_product_category_id` VALUES ('11', '11', '11');
INSERT INTO `member_product_category_id` VALUES ('12', '12', '12');
INSERT INTO `member_product_category_id` VALUES ('13', '13', '13');
INSERT INTO `member_product_category_id` VALUES ('14', '14', '14');
INSERT INTO `member_product_category_id` VALUES ('15', '15', '15');
INSERT INTO `member_product_category_id` VALUES ('16', '16', '16');
INSERT INTO `member_product_category_id` VALUES ('17', '17', '17');
INSERT INTO `member_product_category_id` VALUES ('18', '18', '18');
INSERT INTO `member_product_category_id` VALUES ('19', '19', '19');
INSERT INTO `member_product_category_id` VALUES ('20', '20', '20');
INSERT INTO `member_product_category_id` VALUES ('21', '21', '21');
INSERT INTO `member_product_category_id` VALUES ('22', '22', '22');
INSERT INTO `member_product_category_id` VALUES ('23', '23', '23');
INSERT INTO `member_product_category_id` VALUES ('24', '24', '24');
INSERT INTO `member_product_category_id` VALUES ('25', '25', '25');
INSERT INTO `member_product_category_id` VALUES ('26', '26', '26');
INSERT INTO `member_product_category_id` VALUES ('27', '27', '27');
INSERT INTO `member_product_category_id` VALUES ('28', '28', '28');
INSERT INTO `member_product_category_id` VALUES ('29', '29', '29');
INSERT INTO `member_product_category_id` VALUES ('30', '30', '30');
INSERT INTO `member_product_category_id` VALUES ('31', '31', '31');
INSERT INTO `member_product_category_id` VALUES ('32', '32', '32');
INSERT INTO `member_product_category_id` VALUES ('33', '33', '33');
INSERT INTO `member_product_category_id` VALUES ('34', '34', '34');
INSERT INTO `member_product_category_id` VALUES ('35', '35', '35');
INSERT INTO `member_product_category_id` VALUES ('36', '36', '36');

-- ----------------------------
-- Table structure for member_receive_adress
-- ----------------------------
DROP TABLE IF EXISTS `member_receive_adress`;
CREATE TABLE `member_receive_adress` (
  `id` bigint NOT NULL AUTO_INCREMENT,
  `member_id` bigint DEFAULT NULL,
  `adress` text,
  PRIMARY KEY (`id`),
  KEY `FK_Reference_13` (`member_id`),
  CONSTRAINT `FK_Reference_13` FOREIGN KEY (`member_id`) REFERENCES `member` (`id`) ON DELETE RESTRICT ON UPDATE RESTRICT
) ENGINE=InnoDB AUTO_INCREMENT=37 DEFAULT CHARSET=utf8mb4 COLLATE=utf8mb4_general_ci;

-- ----------------------------
-- Records of member_receive_adress
-- ----------------------------
INSERT INTO `member_receive_adress` VALUES ('1', '1', 'XU68L5Q738669XK');
INSERT INTO `member_receive_adress` VALUES ('2', '2', 'PQM147DG19I5VH13844BU0DD5C465337014F1NI14F52HATMZ1YUG9VWGD3369FR4717HALJ1ZMD84UBC4P519L5A80J21B2');
INSERT INTO `member_receive_adress` VALUES ('3', '3', '2LR48RJRX5P626X465020L23FHG0AK15ZT9Q7YHF29EYX6W7YXY1VD4C9W');
INSERT INTO `member_receive_adress` VALUES ('4', '4', 'JMC44ECN3380PYAH46AH0515IKS8HJ8EJ7JO3Y34NN7YJ86S57637IES384173GHK9VC378G8UM5LA813L2BCK88O01745M3E6B9ET17XB856');
INSERT INTO `member_receive_adress` VALUES ('5', '5', '91KF6QMW343NE4KR9S');
INSERT INTO `member_receive_adress` VALUES ('6', '6', '49UW4R36G9');
INSERT INTO `member_receive_adress` VALUES ('7', '7', 'ID782GC63');
INSERT INTO `member_receive_adress` VALUES ('8', '8', '4Q8D5KK0265G04E23867KO8D1A4PN3YKLO3HU355I');
INSERT INTO `member_receive_adress` VALUES ('9', '9', 'P018J93I97F42I1B524NEF0HWI');
INSERT INTO `member_receive_adress` VALUES ('10', '10', '29K1F368G75JH2425ESNZ7Y97CM97GV2E749937DH26BIT48C9IT6D2OOI905U7LT5Z60UP4Q60L11H25B1PNM1N10QJ9E4RIU4930SB8SQKPB57G514F9X20CU95Z7D31XKP64D311N545V080XDUI811H928YHAB063SG38G57G2JAN4FZVT17S7V');
INSERT INTO `member_receive_adress` VALUES ('11', '11', 'T610HI9T90M5195WKD2143CF84I503NRX004B0BHBU8G763WNL036SDALU0P576PKB149A7I748QM9B161');
INSERT INTO `member_receive_adress` VALUES ('12', '12', '4D99XC991935978DIBW1');
INSERT INTO `member_receive_adress` VALUES ('13', '13', '0R7379NZ65KQBZ41S8979OMSE4EDHG2G48PK52T76JBS10O93U0OQRBU2BU2U79NURZ4YVJ3E49H478Z6XA256L225OW7693H58U9ZY8P60U8YQUYK5G4DBZ718U26SUY4MH8IO8NU1NY25RCIDN4E5SIL9M280Y424Q53TJ7K7OR784EA2');
INSERT INTO `member_receive_adress` VALUES ('14', '14', '6V55D5UC86S85L0WA0LONB82NR469Z720EACJ322Y00IL7YY7C');
INSERT INTO `member_receive_adress` VALUES ('15', '15', 'A2M3TQ2H6VN0R072VR');
INSERT INTO `member_receive_adress` VALUES ('16', '16', '5DQGMHLL89RRF98YYSFD8H9XQ8YVWTKNH4ST151395PCVZ0YRC1N7PEWY10001S4MDM106BV737A5ZY7KXBZ480VWF71KEF1B9I6152LI5TSG8338I54695DX5TGBW0NKTWLMY29R423A8UO06JGN3TUFNUBW376CZQV5JEA4006O2L');
INSERT INTO `member_receive_adress` VALUES ('17', '17', 'KSM7T86QQI86D934X06DXKR03LKPX0YR3662OV46E');
INSERT INTO `member_receive_adress` VALUES ('18', '18', '32G13V1M58RJ2IF8IF');
INSERT INTO `member_receive_adress` VALUES ('19', '19', '6GK2P32649YH0KF257D5S01');
INSERT INTO `member_receive_adress` VALUES ('20', '20', 'LGQC23FINJ2G59TQ8Z27XZDD6000K1V13RJ86258LT2JW18YOQHZ89B46WKWSK6ZV53ST8T99O5IVBYWJ6K1T9M4E13T46XW8BH2E4477Y0H06F8OY35N8IO28O02VMR40CUJ31KQ7L252H');
INSERT INTO `member_receive_adress` VALUES ('21', '21', 'F2D250LYT4121592I2N');
INSERT INTO `member_receive_adress` VALUES ('22', '22', 'MM33O3ZA86786002W25Z59P38O3O9950M0H9');
INSERT INTO `member_receive_adress` VALUES ('23', '23', 'VPTA5N6NC812R74055A50');
INSERT INTO `member_receive_adress` VALUES ('24', '24', 'F21I4OWB0331UHD00EOXGH9V10931ARQJ5380SP189XJQF37VCYC582FE976I683S53260F3W2HP5W');
INSERT INTO `member_receive_adress` VALUES ('25', '25', 'E');
INSERT INTO `member_receive_adress` VALUES ('26', '26', 'K47088Q5X8BI9VC82T4V3CET22EY1S676K2QET1LJX558ZS0FB3VGI2UR2VQ5KI21834Z0351RW37NHRXBY79JS8NAHX656ZN62427ZJ2923D4OM4982EBP3NTC2');
INSERT INTO `member_receive_adress` VALUES ('27', '27', '7IH3AM1R94G43KAY5S');
INSERT INTO `member_receive_adress` VALUES ('28', '28', '59MN8B657Q1R507F5452QQ5GYQ205O8YH8P902R52GHGCIFG75TG7VAP1HL38Y3517L5F6N67ZY8U8D24F80N4F8WT0W7132CH95AU97D5QVB62P9RFMY439');
INSERT INTO `member_receive_adress` VALUES ('29', '29', 'Q82071Y');
INSERT INTO `member_receive_adress` VALUES ('30', '30', '30VVT7427862E3W79UW');
INSERT INTO `member_receive_adress` VALUES ('31', '31', '439LZEPCYO95OCWL1V7471DPQC43L6WE6219');
INSERT INTO `member_receive_adress` VALUES ('32', '32', '1A71MJH58G7Q9J4Q91M18M00N9B6EC7TB4USC8JB8NPT4804T0UYKX286R356YD21VCRKAUGKO9N');
INSERT INTO `member_receive_adress` VALUES ('33', '33', 'Z417705J04036BG2E96H9ZNGB78S0L16352DHGN384MSVIX18436P3MH617K4N85CUWBX22317KYL86SCR9Q080HO7HN548ZU722E1S780O9O109422GXS7811H46IBV32J2GT0349K68G66QN925V7E10R60E42CI927EQ363S9V1Z498719');
INSERT INTO `member_receive_adress` VALUES ('34', '34', 'MIYR066IO85QBH2M7D8P7742S25ASW39HL46NYJV6JE3XU3X309491N9P4869Y5SFDPP5NV8GR229B8655QEP5HF47BJCFY64E0653W81SEA96282P03E598S3W77SC1A74NOEX9R0M2V66KU5M2DX87CGNQY289TPJG6FDE2W1052P777QKKW3IE7QD');
INSERT INTO `member_receive_adress` VALUES ('35', '35', 'J3K7KU53M9M2S739UN89MG2AY343WNYD6I9EG66YC48T6GSZZ97AMCW6R7A81741OM0K538IC1Y9M46142L7D1580Z6Z57LM2V2O1X6T785QT1K78S720A5OSE34VYM7QV3U8R65UHNC0T454Q2SR81R98QBP77R7ZQG4A588NNXH8W98M6NNALVK2II7RD68Q6I6P8A');
INSERT INTO `member_receive_adress` VALUES ('36', '36', 'QP5N0C5PCP4PGL80KL1506I93CQH4L38623C101RSJ6');

-- ----------------------------
-- Table structure for member_report
-- ----------------------------
DROP TABLE IF EXISTS `member_report`;
CREATE TABLE `member_report` (
  `id` bigint NOT NULL AUTO_INCREMENT,
  `type` int DEFAULT NULL,
  `member_id` bigint DEFAULT NULL,
  `content` text,
  `report_status` int DEFAULT NULL,
  `handle_status` int DEFAULT NULL,
  `create_time` datetime DEFAULT NULL,
  PRIMARY KEY (`id`),
  KEY `FK_Reference_51` (`member_id`),
  CONSTRAINT `FK_Reference_51` FOREIGN KEY (`member_id`) REFERENCES `member` (`id`) ON DELETE RESTRICT ON UPDATE RESTRICT
) ENGINE=InnoDB AUTO_INCREMENT=37 DEFAULT CHARSET=utf8mb4 COLLATE=utf8mb4_general_ci;

-- ----------------------------
-- Records of member_report
-- ----------------------------
INSERT INTO `member_report` VALUES ('1', '-2147483648', '1', '6J8MFS38B5G505QY79R3A1187108A2JB53825J86XSEXCO90631C3H72959XQFH12W9X5BT2CO2J1V150H5HC6612GL8CMSKIZW215UGLR8F0NTR3N203S4F8CLK1H120W783DY91H62X94925R2V792LJKK2', '-2147483648', '-2147483648', '1970-01-01 00:00:01');
INSERT INTO `member_report` VALUES ('2', '-2147483647', '2', 'SX2TCPSGY6AQ648E4L27WYWU7270H5682KDXI2R1X193W9OL5D817QIHWAF20AV6R8DJWMY5LY9YJY00WY98F4W2W49S0Z0BMN5V61FC3B1LY6H633X33L26OXFTG7G6C3XLZ04MEP9NS75VW913X6022T2CN81MUG8W400S33N0ANZZ6GY6SQ18V1407T5GRY3F0Q8N', '-2147483647', '-2147483647', '1970-01-02 00:00:01');
INSERT INTO `member_report` VALUES ('3', '-2147483646', '3', '60Y8E2OUL1ACIS66ZKTTR82ALOF1VUN9D3QMN94Q73YJ0480B839OANG3I112EO0WUN', '-2147483646', '-2147483646', '1970-01-03 00:00:01');
INSERT INTO `member_report` VALUES ('4', '-2147483645', '4', '5', '-2147483645', '-2147483645', '1970-01-04 00:00:01');
INSERT INTO `member_report` VALUES ('5', '-2147483644', '5', 'LG9Q57Y9VW45C9Z1K3X535F8MAS2B6RA768P549JACLIM153BCE9T8FX7354S40L6219P4Q420CBMAQRSY7S27WNW4SZ8144J3PBW74K1Y9A817Q11G46254016C40V06Z0H0BT68K42Y0894659I659ZO3SXC2UB0EOPY15K9011869725K07300LAK5788E2GMYK56', '-2147483644', '-2147483644', '1970-01-05 00:00:01');
INSERT INTO `member_report` VALUES ('6', '-2147483643', '6', '282B', '-2147483643', '-2147483643', '1970-01-06 00:00:01');
INSERT INTO `member_report` VALUES ('7', '-2147483642', '7', '17BG5', '-2147483642', '-2147483642', '1970-01-07 00:00:01');
INSERT INTO `member_report` VALUES ('8', '-2147483641', '8', '2FGL36DB8YQ0YFK54TS03DEP9U33BIL7I7151U4DHLCW8KV5V4M0245H7119B9DODMQ663ER', '-2147483641', '-2147483641', '1970-01-08 00:00:01');
INSERT INTO `member_report` VALUES ('9', '-2147483640', '9', 'A8G7VVP84PEM9247B8V321457XTY9JS6Q53843ZW61M6W7ZPQ570XX98TL2XO16Q3875UD843R306OJ1', '-2147483640', '-2147483640', '1970-01-09 00:00:01');
INSERT INTO `member_report` VALUES ('10', '-2147483639', '10', '442BKS2P6P7Q0D4605P42C6886M0440I5S7IFFBYS69V36J19L22QIZ7O', '-2147483639', '-2147483639', '1970-01-10 00:00:01');
INSERT INTO `member_report` VALUES ('11', '-2147483638', '11', 'CB83584CMR119Q2FA9GTH3A410JZSE4P3L35M2DM3', '-2147483638', '-2147483638', '1970-01-11 00:00:01');
INSERT INTO `member_report` VALUES ('12', '-2147483637', '12', 'V3L4VYBLU1B88HS6MFITV17E370J6CE349NY757NK99ZUY7A0IR25GAP24BW0OIN0EX1F956HMU6N0ORH574B694L', '-2147483637', '-2147483637', '1970-01-12 00:00:01');
INSERT INTO `member_report` VALUES ('13', '-2147483636', '13', 'T0E', '-2147483636', '-2147483636', '1970-01-13 00:00:01');
INSERT INTO `member_report` VALUES ('14', '-2147483635', '14', 'TZW39130T3PL912LZIDB50348BU987283H9421P8OXF2OR4M98N1R9EZAP9W3O5EVWNL5LQGMJ77696O3KL7AEPGZE66B4J3A50U1K9MBW14S308W15563YT6FQ7N10L7K9C6ZBUP6P0PRBK64M9BDE0T0Z22F9OXXJ61YA9NA08KX2UI704V4ZU7477K3K1LXMYHZKT', '-2147483635', '-2147483635', '1970-01-14 00:00:01');
INSERT INTO `member_report` VALUES ('15', '-2147483634', '15', '9G725H156AAXC2XS429466J75M7CKWXY', '-2147483634', '-2147483634', '1970-01-15 00:00:01');
INSERT INTO `member_report` VALUES ('16', '-2147483633', '16', 'U30Z02FR88M02E41X5K038998E99GZ843611X9E26Y659GK574V9RIMY5Y8HJ149OU12AJV636UVKQ0RZL9H7D2B', '-2147483633', '-2147483633', '1970-01-16 00:00:01');
INSERT INTO `member_report` VALUES ('17', '-2147483632', '17', '3403D0R969784I25581TUE3', '-2147483632', '-2147483632', '1970-01-17 00:00:01');
INSERT INTO `member_report` VALUES ('18', '-2147483631', '18', 'DH689MDFS8ZV2N6W8MX7YZ9301L7N8LUKVQQ2H17166K6Y23ZY9A5Q13I4896A0X5159329YAU794752YDA7H4B141280H9R8H08OWA176IFZ26JU317710TN780318W44RVD06FHWR5603YSO08U06BL7TF4U54H2W2J8845230OIYJ8F2EK8AX33DX33OUNUA040FX', '-2147483631', '-2147483631', '1970-01-18 00:00:01');
INSERT INTO `member_report` VALUES ('19', '-2147483630', '19', 'O934IL83Q2Z2Z', '-2147483630', '-2147483630', '1970-01-19 00:00:01');
INSERT INTO `member_report` VALUES ('20', '-2147483629', '20', 'SP8T3YF06UP5V5IUMFZ9AQ70PDMW32646H7476CGAGII520616727TD1C9616146D2350LN8GBTWZ639UF8Q98M1922FKKZ55EVDQ422R1089OB21C1C4255X39BWF0FJ12D76M6J49WMT4KKU807Q06T', '-2147483629', '-2147483629', '1970-01-20 00:00:01');
INSERT INTO `member_report` VALUES ('21', '-2147483628', '21', '5YR66RP1YI6C49G03M40MGEAG14TU104Y599388A4114876J724J4QG6EACOM4C8LFX277W3H8SF3F7ZI2VMJ5LCF313G98TLI030JI2538H365I3YODFF158LU15U5D6U2MW', '-2147483628', '-2147483628', '1970-01-21 00:00:01');
INSERT INTO `member_report` VALUES ('22', '-2147483627', '22', '2AZVY4H56KM25K50C425578896M106W8QR774TRUEWU9FI338YLEY3A3XC445B2B68K7CZ5CJFJ816Q0UZBN733C6NIP0OULAK8111367J9J2E54E00BHH96V79L176VI0KOLNYW0L7UAQFA7QPV4JZO58NDV63O57C1639346X5YA7VW7237NNY7UMKGA5B', '-2147483627', '-2147483627', '1970-01-22 00:00:01');
INSERT INTO `member_report` VALUES ('23', '-2147483626', '23', '670XE3W841VCAD51V77318V7W83N726294615382RC9YMRD37U7793F8U1K492L5B7KAJ9H644410450J4P7TB9VBISQ4B6U8P07CB4860P1QSGKMT8DOQD85RL7J0J2L36AM29QN9437507IV16EBC', '-2147483626', '-2147483626', '1970-01-23 00:00:01');
INSERT INTO `member_report` VALUES ('24', '-2147483625', '24', 'LHP42Q8H963Z5V80THJID410RU3', '-2147483625', '-2147483625', '1970-01-24 00:00:01');
INSERT INTO `member_report` VALUES ('25', '-2147483624', '25', 'M4TVWH5D388QL1F5O71EY7471C9V2S0AX344D0OO8P4S0', '-2147483624', '-2147483624', '1970-01-25 00:00:01');
INSERT INTO `member_report` VALUES ('26', '-2147483623', '26', 'B58X4K5GXK642Q570D040XD', '-2147483623', '-2147483623', '1970-01-26 00:00:01');
INSERT INTO `member_report` VALUES ('27', '-2147483622', '27', '797U5G2T84TB144N66Z5E70Z65202R7NIV98X9W4K25VRGW82393919H6PY4P0W3U96SKOE361B9DV17KU981H20534S975Z10C9BCY09', '-2147483622', '-2147483622', '1970-01-27 00:00:01');
INSERT INTO `member_report` VALUES ('28', '-2147483621', '28', '5S6LE2H8ZMX5TF0EFWC728G3ATY8J3D8I', '-2147483621', '-2147483621', '1970-01-28 00:00:01');
INSERT INTO `member_report` VALUES ('29', '-2147483620', '29', 'JXCXA929W6FZO6KIJ227M8F866687DEBBNM01N8009XI6E11W57KOL685UZ4X6D6A145VQSJ84G9O8V0837CCE64D8M280770ME13252H02T94UU146TF247A99GHE6R56WT694681TG06H51R47MW2GH41QZEL9872H4MFN1H9XK232JYKH1I954ZWQDC3WVVJ1R7XT', '-2147483620', '-2147483620', '1970-01-29 00:00:01');
INSERT INTO `member_report` VALUES ('30', '-2147483619', '30', 'ZJXQXMF3OWUG8A70Y2SGY2M30OF7H97JDB19M4EL53I057I3B5WM40N3YEK8326X795977BQ5NF8A8UVL5D52M84GD67PXKNDD87IAHIDY52C2PWQ91N', '-2147483619', '-2147483619', '1970-01-30 00:00:01');
INSERT INTO `member_report` VALUES ('31', '-2147483618', '31', 'R1125T077777T163Y0112KBV8876N8Z8H20W71HV5L00IN3LVI9D', '-2147483618', '-2147483618', '1970-01-31 00:00:01');
INSERT INTO `member_report` VALUES ('32', '-2147483617', '32', 'X1Y2X7F51ZK0354838J9B1402991272Q', '-2147483617', '-2147483617', '1970-02-01 00:00:01');
INSERT INTO `member_report` VALUES ('33', '-2147483616', '33', '41Q6943S88Q0K36Z6LNU64368YAX0730577470DR26AS621NII1N6A4TO366VMLR1668VP02W1ZJZ9WVF0ZH9ENJ0HDV29W7WFEFHK21136637VI2ZXTN89I0T', '-2147483616', '-2147483616', '1970-02-02 00:00:01');
INSERT INTO `member_report` VALUES ('34', '-2147483615', '34', '3CCJAWSIV9M3OTYZT504NC731L654YQ325CDCJTS7K869S7X3U572P8B7B105792YLRAR7R9G92M0SIJ89TSQF853MEL515192K6T312LTASQ', '-2147483615', '-2147483615', '1970-02-03 00:00:01');
INSERT INTO `member_report` VALUES ('35', '-2147483614', '35', 'X10C9G0A0YCOC3E3V6826ZU0SX6X2W2GDE93IAH8933', '-2147483614', '-2147483614', '1970-02-04 00:00:01');
INSERT INTO `member_report` VALUES ('36', '-2147483613', '36', '1NTXVJ3NTS7NTE33JH702Y49200CIS39E48AXOKD328HZXN2JK506IU9004W5NU1368DG0OVPV365V', '-2147483613', '-2147483613', '1970-02-05 00:00:01');

-- ----------------------------
-- Table structure for member_tag
-- ----------------------------
DROP TABLE IF EXISTS `member_tag`;
CREATE TABLE `member_tag` (
  `id` bigint NOT NULL AUTO_INCREMENT,
  `name` varchar(200) DEFAULT NULL,
  PRIMARY KEY (`id`)
) ENGINE=InnoDB AUTO_INCREMENT=37 DEFAULT CHARSET=utf8mb4 COLLATE=utf8mb4_general_ci;

-- ----------------------------
-- Records of member_tag
-- ----------------------------
INSERT INTO `member_tag` VALUES ('1', 'Teodoro1990');
INSERT INTO `member_tag` VALUES ('2', 'Jung1962');
INSERT INTO `member_tag` VALUES ('3', 'Antonio225');
INSERT INTO `member_tag` VALUES ('4', 'Hoyt1986');
INSERT INTO `member_tag` VALUES ('5', 'Venessa762');
INSERT INTO `member_tag` VALUES ('6', 'Tatum2');
INSERT INTO `member_tag` VALUES ('7', 'Cheney1987');
INSERT INTO `member_tag` VALUES ('8', 'Leger1974');
INSERT INTO `member_tag` VALUES ('9', 'Finch453');
INSERT INTO `member_tag` VALUES ('10', 'Nicholas1951');
INSERT INTO `member_tag` VALUES ('11', 'Mauro1');
INSERT INTO `member_tag` VALUES ('12', 'Spicer81');
INSERT INTO `member_tag` VALUES ('13', 'Yoko992');
INSERT INTO `member_tag` VALUES ('14', 'Franchesca2005');
INSERT INTO `member_tag` VALUES ('15', 'Eddy741');
INSERT INTO `member_tag` VALUES ('16', 'Shelley2015');
INSERT INTO `member_tag` VALUES ('17', 'Weller662');
INSERT INTO `member_tag` VALUES ('18', 'Shelton9');
INSERT INTO `member_tag` VALUES ('19', 'Cuellar1981');
INSERT INTO `member_tag` VALUES ('20', 'Annabell771');
INSERT INTO `member_tag` VALUES ('21', 'Jerome1963');
INSERT INTO `member_tag` VALUES ('22', 'Delagarza239');
INSERT INTO `member_tag` VALUES ('23', 'Gerardo2001');
INSERT INTO `member_tag` VALUES ('24', 'Warner5');
INSERT INTO `member_tag` VALUES ('25', 'Kimiko171');
INSERT INTO `member_tag` VALUES ('26', 'Freddy2015');
INSERT INTO `member_tag` VALUES ('27', 'Claude23');
INSERT INTO `member_tag` VALUES ('28', 'Jacks172');
INSERT INTO `member_tag` VALUES ('29', 'Dickson1953');
INSERT INTO `member_tag` VALUES ('30', 'Tawanda369');
INSERT INTO `member_tag` VALUES ('31', 'Preston1960');
INSERT INTO `member_tag` VALUES ('32', 'Wendi1978');
INSERT INTO `member_tag` VALUES ('33', 'Taryn1969');
INSERT INTO `member_tag` VALUES ('34', 'Carmen1996');
INSERT INTO `member_tag` VALUES ('35', 'Ventura2021');
INSERT INTO `member_tag` VALUES ('36', 'Galen1973');

-- ----------------------------
-- Table structure for member_tag_id
-- ----------------------------
DROP TABLE IF EXISTS `member_tag_id`;
CREATE TABLE `member_tag_id` (
  `id` bigint NOT NULL AUTO_INCREMENT,
  `member_id` bigint DEFAULT NULL,
  `tag_id` bigint DEFAULT NULL,
  PRIMARY KEY (`id`),
  KEY `FK_Reference_1199` (`tag_id`),
  KEY `FK_Reference_911` (`member_id`),
  CONSTRAINT `FK_Reference_1199` FOREIGN KEY (`tag_id`) REFERENCES `member_tag` (`id`) ON DELETE RESTRICT ON UPDATE RESTRICT,
  CONSTRAINT `FK_Reference_911` FOREIGN KEY (`member_id`) REFERENCES `member` (`id`) ON DELETE RESTRICT ON UPDATE RESTRICT
) ENGINE=InnoDB AUTO_INCREMENT=37 DEFAULT CHARSET=utf8mb4 COLLATE=utf8mb4_general_ci;

-- ----------------------------
-- Records of member_tag_id
-- ----------------------------
INSERT INTO `member_tag_id` VALUES ('1', '1', '1');
INSERT INTO `member_tag_id` VALUES ('2', '2', '2');
INSERT INTO `member_tag_id` VALUES ('3', '3', '3');
INSERT INTO `member_tag_id` VALUES ('4', '4', '4');
INSERT INTO `member_tag_id` VALUES ('5', '5', '5');
INSERT INTO `member_tag_id` VALUES ('6', '6', '6');
INSERT INTO `member_tag_id` VALUES ('7', '7', '7');
INSERT INTO `member_tag_id` VALUES ('8', '8', '8');
INSERT INTO `member_tag_id` VALUES ('9', '9', '9');
INSERT INTO `member_tag_id` VALUES ('10', '10', '10');
INSERT INTO `member_tag_id` VALUES ('11', '11', '11');
INSERT INTO `member_tag_id` VALUES ('12', '12', '12');
INSERT INTO `member_tag_id` VALUES ('13', '13', '13');
INSERT INTO `member_tag_id` VALUES ('14', '14', '14');
INSERT INTO `member_tag_id` VALUES ('15', '15', '15');
INSERT INTO `member_tag_id` VALUES ('16', '16', '16');
INSERT INTO `member_tag_id` VALUES ('17', '17', '17');
INSERT INTO `member_tag_id` VALUES ('18', '18', '18');
INSERT INTO `member_tag_id` VALUES ('19', '19', '19');
INSERT INTO `member_tag_id` VALUES ('20', '20', '20');
INSERT INTO `member_tag_id` VALUES ('21', '21', '21');
INSERT INTO `member_tag_id` VALUES ('22', '22', '22');
INSERT INTO `member_tag_id` VALUES ('23', '23', '23');
INSERT INTO `member_tag_id` VALUES ('24', '24', '24');
INSERT INTO `member_tag_id` VALUES ('25', '25', '25');
INSERT INTO `member_tag_id` VALUES ('26', '26', '26');
INSERT INTO `member_tag_id` VALUES ('27', '27', '27');
INSERT INTO `member_tag_id` VALUES ('28', '28', '28');
INSERT INTO `member_tag_id` VALUES ('29', '29', '29');
INSERT INTO `member_tag_id` VALUES ('30', '30', '30');
INSERT INTO `member_tag_id` VALUES ('31', '31', '31');
INSERT INTO `member_tag_id` VALUES ('32', '32', '32');
INSERT INTO `member_tag_id` VALUES ('33', '33', '33');
INSERT INTO `member_tag_id` VALUES ('34', '34', '34');
INSERT INTO `member_tag_id` VALUES ('35', '35', '35');
INSERT INTO `member_tag_id` VALUES ('36', '36', '36');

-- ----------------------------
-- Table structure for member_task
-- ----------------------------
DROP TABLE IF EXISTS `member_task`;
CREATE TABLE `member_task` (
  `id` bigint NOT NULL AUTO_INCREMENT,
  `name` varchar(200) DEFAULT NULL,
  `integration` int DEFAULT NULL,
  PRIMARY KEY (`id`)
) ENGINE=InnoDB AUTO_INCREMENT=37 DEFAULT CHARSET=utf8mb4 COLLATE=utf8mb4_general_ci;

-- ----------------------------
-- Records of member_task
-- ----------------------------
INSERT INTO `member_task` VALUES ('1', 'Key65', '-2147483648');
INSERT INTO `member_task` VALUES ('2', 'Oaks2005', '-2147483647');
INSERT INTO `member_task` VALUES ('3', 'Kowalski1999', '-2147483646');
INSERT INTO `member_task` VALUES ('4', 'Elton2000', '-2147483645');
INSERT INTO `member_task` VALUES ('5', 'Alger518', '-2147483644');
INSERT INTO `member_task` VALUES ('6', 'Mosley9', '-2147483643');
INSERT INTO `member_task` VALUES ('7', 'Willian1973', '-2147483642');
INSERT INTO `member_task` VALUES ('8', 'Reed1952', '-2147483641');
INSERT INTO `member_task` VALUES ('9', 'Milner1967', '-2147483640');
INSERT INTO `member_task` VALUES ('10', 'Florine1976', '-2147483639');
INSERT INTO `member_task` VALUES ('11', 'Earlene92', '-2147483638');
INSERT INTO `member_task` VALUES ('12', 'Malone789', '-2147483637');
INSERT INTO `member_task` VALUES ('13', 'Burley2001', '-2147483636');
INSERT INTO `member_task` VALUES ('14', 'Carley2007', '-2147483635');
INSERT INTO `member_task` VALUES ('15', 'Tanika1998', '-2147483634');
INSERT INTO `member_task` VALUES ('16', 'Nealy949', '-2147483633');
INSERT INTO `member_task` VALUES ('17', 'Smoot2012', '-2147483632');
INSERT INTO `member_task` VALUES ('18', 'Travis73', '-2147483631');
INSERT INTO `member_task` VALUES ('19', 'Soto1990', '-2147483630');
INSERT INTO `member_task` VALUES ('20', 'Guidry1961', '-2147483629');
INSERT INTO `member_task` VALUES ('21', 'Oleary1996', '-2147483628');
INSERT INTO `member_task` VALUES ('22', 'Jordon9', '-2147483627');
INSERT INTO `member_task` VALUES ('23', 'Garris1950', '-2147483626');
INSERT INTO `member_task` VALUES ('24', 'Dominick23', '-2147483625');
INSERT INTO `member_task` VALUES ('25', 'Terrie2011', '-2147483624');
INSERT INTO `member_task` VALUES ('26', 'Virgilio2006', '-2147483623');
INSERT INTO `member_task` VALUES ('27', 'Kingsley1988', '-2147483622');
INSERT INTO `member_task` VALUES ('28', 'Clyde2000', '-2147483621');
INSERT INTO `member_task` VALUES ('29', 'Brittany837', '-2147483620');
INSERT INTO `member_task` VALUES ('30', 'Herbert2020', '-2147483619');
INSERT INTO `member_task` VALUES ('31', 'Hutchison1979', '-2147483618');
INSERT INTO `member_task` VALUES ('32', 'Holley2023', '-2147483617');
INSERT INTO `member_task` VALUES ('33', 'Michel9', '-2147483616');
INSERT INTO `member_task` VALUES ('34', 'Randy1956', '-2147483615');
INSERT INTO `member_task` VALUES ('35', 'French1982', '-2147483614');
INSERT INTO `member_task` VALUES ('36', 'Mitchell2000', '-2147483613');

-- ----------------------------
-- Table structure for menu
-- ----------------------------
DROP TABLE IF EXISTS `menu`;
CREATE TABLE `menu` (
  `id` bigint NOT NULL AUTO_INCREMENT,
  `title` varchar(200) DEFAULT NULL,
  `parent_id` bigint DEFAULT NULL,
  `level` int DEFAULT NULL,
  `create_time` datetime DEFAULT NULL,
  PRIMARY KEY (`id`),
  KEY `FK_Reference_73` (`parent_id`),
  CONSTRAINT `FK_Reference_73` FOREIGN KEY (`parent_id`) REFERENCES `menu` (`id`) ON DELETE RESTRICT ON UPDATE RESTRICT
) ENGINE=InnoDB AUTO_INCREMENT=37 DEFAULT CHARSET=utf8mb4 COLLATE=utf8mb4_general_ci;

-- ----------------------------
-- Records of menu
-- ----------------------------
INSERT INTO `menu` VALUES ('1', 'Odit veniam sint eaque.', '1', '-2147483648', '1970-01-01 00:00:01');
INSERT INTO `menu` VALUES ('2', 'Ea ab cupiditate odio sit officia.', '2', '-2147483647', '1970-01-02 00:00:01');
INSERT INTO `menu` VALUES ('3', 'Vel harum recusandae facilis.', '3', '-2147483646', '1970-01-03 00:00:01');
INSERT INTO `menu` VALUES ('4', 'Earum fugiat enim quibusdam.', '4', '-2147483645', '1970-01-04 00:00:01');
INSERT INTO `menu` VALUES ('5', 'Aliquid illo sed quas quia rerum et.', '5', '-2147483644', '1970-01-05 00:00:01');
INSERT INTO `menu` VALUES ('6', 'Et amet non.', '6', '-2147483643', '1970-01-06 00:00:01');
INSERT INTO `menu` VALUES ('7', 'Totam ut omnis repellat.', '7', '-2147483642', '1970-01-07 00:00:01');
INSERT INTO `menu` VALUES ('8', 'Quia sit at necessitatibus maxime.', '8', '-2147483641', '1970-01-08 00:00:01');
INSERT INTO `menu` VALUES ('9', 'Aut pariatur perspiciatis eius ut.', '9', '-2147483640', '1970-01-09 00:00:01');
INSERT INTO `menu` VALUES ('10', 'Aut in nobis vel ut sed numquam nemo.', '10', '-2147483639', '1970-01-10 00:00:01');
INSERT INTO `menu` VALUES ('11', 'Qui dicta sunt nulla suscipit.', '11', '-2147483638', '1970-01-11 00:00:01');
INSERT INTO `menu` VALUES ('12', 'Laboriosam pariatur doloribus numquam.', '12', '-2147483637', '1970-01-12 00:00:01');
INSERT INTO `menu` VALUES ('13', 'Saepe explicabo et ipsam.', '13', '-2147483636', '1970-01-13 00:00:01');
INSERT INTO `menu` VALUES ('14', 'Voluptas ut atque.', '14', '-2147483635', '1970-01-14 00:00:01');
INSERT INTO `menu` VALUES ('15', 'Quaerat quo dolores.', '15', '-2147483634', '1970-01-15 00:00:01');
INSERT INTO `menu` VALUES ('16', 'Optio consequuntur repellat doloribus.', '16', '-2147483633', '1970-01-16 00:00:01');
INSERT INTO `menu` VALUES ('17', 'Vitae placeat perferendis unde dolor.', '17', '-2147483632', '1970-01-17 00:00:01');
INSERT INTO `menu` VALUES ('18', 'Odio sed eum quisquam eligendi.', '18', '-2147483631', '1970-01-18 00:00:01');
INSERT INTO `menu` VALUES ('19', 'Corporis nulla cum sapiente voluptas.', '19', '-2147483630', '1970-01-19 00:00:01');
INSERT INTO `menu` VALUES ('20', 'Tempora et vitae voluptatem dolore.', '20', '-2147483629', '1970-01-20 00:00:01');
INSERT INTO `menu` VALUES ('21', 'Est sequi molestiae quo optio vitae.', '21', '-2147483628', '1970-01-21 00:00:01');
INSERT INTO `menu` VALUES ('22', 'Vel molestiae sed ut tenetur unde qui.', '22', '-2147483627', '1970-01-22 00:00:01');
INSERT INTO `menu` VALUES ('23', 'Voluptas sunt cupiditate itaque.', '23', '-2147483626', '1970-01-23 00:00:01');
INSERT INTO `menu` VALUES ('24', 'Et eos voluptatem labore optio vitae.', '24', '-2147483625', '1970-01-24 00:00:01');
INSERT INTO `menu` VALUES ('25', 'Fuga animi doloremque.', '25', '-2147483624', '1970-01-25 00:00:01');
INSERT INTO `menu` VALUES ('26', 'Repellendus est vel rerum fuga culpa.', '26', '-2147483623', '1970-01-26 00:00:01');
INSERT INTO `menu` VALUES ('27', 'Repellat eligendi quo soluta adipisci.', '27', '-2147483622', '1970-01-27 00:00:01');
INSERT INTO `menu` VALUES ('28', 'Id enim est.', '28', '-2147483621', '1970-01-28 00:00:01');
INSERT INTO `menu` VALUES ('29', 'Eveniet accusamus est repellendus.', '29', '-2147483620', '1970-01-29 00:00:01');
INSERT INTO `menu` VALUES ('30', 'Voluptatem quaerat adipisci eum.', '30', '-2147483619', '1970-01-30 00:00:01');
INSERT INTO `menu` VALUES ('31', 'Saepe asperiores quis assumenda est.', '31', '-2147483618', '1970-01-31 00:00:01');
INSERT INTO `menu` VALUES ('32', 'Aut voluptas ex nobis inventore.', '32', '-2147483617', '1970-02-01 00:00:01');
INSERT INTO `menu` VALUES ('33', 'Enim quam eveniet.', '33', '-2147483616', '1970-02-02 00:00:01');
INSERT INTO `menu` VALUES ('34', 'Fugiat ipsa deleniti nihil illum et.', '34', '-2147483615', '1970-02-03 00:00:01');
INSERT INTO `menu` VALUES ('35', 'Culpa et veritatis enim at rerum.', '35', '-2147483614', '1970-02-04 00:00:01');
INSERT INTO `menu` VALUES ('36', 'Quod saepe debitis ut hic quia fuga.', '36', '-2147483613', '1970-02-05 00:00:01');

-- ----------------------------
-- Table structure for odrer_operate_history
-- ----------------------------
DROP TABLE IF EXISTS `odrer_operate_history`;
CREATE TABLE `odrer_operate_history` (
  `id` bigint NOT NULL AUTO_INCREMENT,
  `order_id` bigint DEFAULT NULL,
  `operate_man` varchar(200) DEFAULT NULL,
  `create_time` datetime DEFAULT NULL,
  `note` varchar(500) DEFAULT NULL,
  PRIMARY KEY (`id`),
  KEY `FK_Reference_114` (`order_id`),
  CONSTRAINT `FK_Reference_114` FOREIGN KEY (`order_id`) REFERENCES `order_main` (`id`) ON DELETE RESTRICT ON UPDATE RESTRICT
) ENGINE=InnoDB AUTO_INCREMENT=37 DEFAULT CHARSET=utf8mb4 COLLATE=utf8mb4_general_ci;

-- ----------------------------
-- Records of odrer_operate_history
-- ----------------------------
INSERT INTO `odrer_operate_history` VALUES ('1', '1', '04IQSAVF48II4715C8SHR10G4UGV4I43S', '1970-01-01 00:00:01', 'IXC0Z8C0U2U');
INSERT INTO `odrer_operate_history` VALUES ('2', '2', 'C3C57K8NI156', '1970-01-02 00:00:01', 'L2D9GY3EI3DC55ZRVT2KFQG66A56760RF8SBB1E09CFH06PQ5HR1248C5FHR107A0J4TS4K3HFX80NATST1J7EJFLH69NB3L2XA20HJ0G002O051NR677M');
INSERT INTO `odrer_operate_history` VALUES ('3', '3', 'WFB60ZX8E88JPI19DYK5T2DWNOC0ZWS5DGVTO1HH1BA7U0QJUAAATNPL7ET6092UN742F94U3BXJ0WR19M29L563923ZIS7YP28CQS4572I47J4N3FXLL6MNZ62D324SK9L19D8F1YIN0GB9NE153YQUDT1RV3Y2DOZT0V5XXK3JZ51E490R96Y48BK329589421W666', '1970-01-03 00:00:01', '61TJ056C2DM4U3X6CS862PH95X9X5BPPGDPKMD');
INSERT INTO `odrer_operate_history` VALUES ('4', '4', '0O9FWF8NOZRDVQ471WPU17G3XE7SG77944RKRPT4OYPYLD34Q2FAPX3YFM6420W82VB4B8153VD6S5W9S97CQ24T302QVBTULF8P0G10CPGNO5E09V', '1970-01-04 00:00:01', 'EJAI69K7IYK5W59P57EJ3JJ212ICRM59053ET3WJL9XS953278N29854CAJ040D46629HYK1C5502ZHX038O80862782HKG585S6NMP0607V5648G');
INSERT INTO `odrer_operate_history` VALUES ('5', '5', 'C91NHF074M1OJ86636DW8A3NKTO04I6X06E2ZI18V098187LA37T2RG3UGXVC4519L3W348PT114927K884KBSJ2LM42I50275593', '1970-01-05 00:00:01', '03X87II3N494P62C5MP22B46L890U7G2142VI7KEI40YUCK0SVTP1QSL7OD072638NB7X06805T3K9KHW100051TN5AESR1YF535LASX2Z69YE97PHA4Q3I7908');
INSERT INTO `odrer_operate_history` VALUES ('6', '6', '88Z9R1P02225J96W5TJB4UY8', '1970-01-06 00:00:01', 'VS6YY7SCVY69TJYD22OJ73DO8WOKU362598TWO503GI2MXN2S1GTU303K1VWWZO3714M00FHL2MV583IJ00391QEI');
INSERT INTO `odrer_operate_history` VALUES ('7', '7', '36RB', '1970-01-07 00:00:01', '8');
INSERT INTO `odrer_operate_history` VALUES ('8', '8', 'TZ937K7T5H70M433X2PC7JLA0M4I43GEG82I04SI02ZLNO55OY1MC0R0N3OOEPL', '1970-01-08 00:00:01', 'IMB02S308P009A070777R');
INSERT INTO `odrer_operate_history` VALUES ('9', '9', '2N2QWB0W3084H1W3OL6X5822U93AQT853T7654039GRJ53U73GNF283AU96FXCNL20TU4S7KERAIWKT1009R73GFGP319340', '1970-01-09 00:00:01', '2A9UCAU08E66D8OW42O8EZ0740053C94N7OO63CSLONNE6II181P18OUXB5209D31TPVV6L');
INSERT INTO `odrer_operate_history` VALUES ('10', '10', '671E2E943971017UYF6316426XUIUJQ20LB30Q2P6Y345CIOD07VPYVZU6J49XW3580V25BCQK8MB05ZV44TGL42GGR3KQ7451XK64', '1970-01-10 00:00:01', '6Z68K66SV99K8NBA06U3U0X4ET3Y6NEL2608911C9MF42B14ZG4HMOI7TZ80139QB47KF381E679H6099Y63A7NW6P32YKNCP63S3Q304927S23CQ7HKMZ1I9557302I1W2C47TIQOLHD9S3K7A7X3XGHAHQNX0D72G5GKL69Q5YZ8TIA13630AP389O67TU2Q8N97JFLP1');
INSERT INTO `odrer_operate_history` VALUES ('11', '11', 'H7N37JJ4YLY', '1970-01-11 00:00:01', '6OW49RL226V4492U9LIV9TQ0XOH378Y4N8Z941AY6V084W597PWQLNW229JD3ZX8O13E8EBKP84CC6');
INSERT INTO `odrer_operate_history` VALUES ('12', '12', '5L0563KF7O1O1SJ6AR810ZN09T2ZJH483Q1NIDK810NZVVQXU4898MHU36HWX3IX0MQFC0UBGIO1Y9DWN9ZY3V493PTR15LGAO4JA259S16H3YC9LP', '1970-01-12 00:00:01', '3X766DGL80WAXDHAUNR414RD4283727U5IT');
INSERT INTO `odrer_operate_history` VALUES ('13', '13', '94164C14NL8', '1970-01-13 00:00:01', 'T89IVY6X678G8KA572T7X7144V42TRK58Z7L1ZQHU7G4M60112468B5D6TD21PGG641N1KVG7F6XJCLF96WXWUUQGJSU48099');
INSERT INTO `odrer_operate_history` VALUES ('14', '14', 'Y83', '1970-01-14 00:00:01', '2M31NYRMV875XXGLBL0W422A9PO8V2S4267E22N8553172KNB23ZDON263WSSK936S9VUA37H50YN8ZT4547HPJ5N8KAXAW3JW4J7KJ6B6NS60F509541Q0535H077RDJ3H9P7391J176H84HV5138CMJA6268DB87M1R331O0LRX6Z32GQITS1X375091Z7HQG201VE');
INSERT INTO `odrer_operate_history` VALUES ('15', '15', 'IN658I1T78CU40O016QD45ZZTC1SJINS6H68MEN0A8ZRLZ0LCEH', '1970-01-15 00:00:01', 'A24QDC99Y04A31NDXM0RQW96EGV8P9VD1QP0F8UHN9Q7PBT629C15BMCBA5Z20N8M');
INSERT INTO `odrer_operate_history` VALUES ('16', '16', '40Z2AI86EA10S9D7TX32C1112784E1KW6KSU7YT3E1INKBTLP4H0458482B8ZIK8G472M713822X349083P6E10FFETOH9X4JJF9KLTC7D50899P0P59E6E2OXA501C5IEYFOHCE88NPOQ3CN12Z8JV053VHUGLJ92GZS0CS54F1', '1970-01-16 00:00:01', '7ZEZUVLCBSZ4Y1DW3V8XCG804AKID6X7T6861W5AY3XZ712145JM3Q3HXVR2Q1D9SQ28Z58JT01K6NJL0DY4AR913R099ZV57775D');
INSERT INTO `odrer_operate_history` VALUES ('17', '17', 'HGX0R4RZ3C62679', '1970-01-17 00:00:01', 'EWJO1D8C6399SOHU');
INSERT INTO `odrer_operate_history` VALUES ('18', '18', '582Z109E3P9056W2X9DC211411H97X421W86KAW8O5YUZB6L732E9S3M62I0811TK0O97T2LHKCY1WIH203VFUF2CY513PEVK5V98B418QLS65980B7D3HQK613GRB0FKIBP55B2', '1970-01-18 00:00:01', 'L88R77X4Y0WB617W3S05W9Y495I7H5ZH');
INSERT INTO `odrer_operate_history` VALUES ('19', '19', '6850SC5F684JO7M2ST8B7Y51B4453J7582I1CW86958B1ZDS6N24005H652YJL2XN8RID573H1249MJPYIDKPOAKM1391U26J3Y9GSN', '1970-01-19 00:00:01', 'NR93SSX0ZCGJUU1WPU4U8817XLM2VM58B');
INSERT INTO `odrer_operate_history` VALUES ('20', '20', 'Z2911G71314CCE25BT35O84ECZW6VL0L78843VR1862PBVDIG0O09104S4MD93KBUG4D88F052QO7GV2L6HQLZVF31M33Q6RO76LI8CT0C06589V4E6TX6VY6KK382W4P5812ZS7ESND9N84634C096114231S99EM4719131270AVQ5Q8294ON16X43NV3MURTKLAK4', '1970-01-20 00:00:01', 'L3U866M6A26M5609ULI2B7EE60');
INSERT INTO `odrer_operate_history` VALUES ('21', '21', 'C9X330M63L72G6WGVTA4AX610D3Z06VL0I38RW09JA1PF5UYQ51Q11U3L6J8ZO3BX19PRO25', '1970-01-21 00:00:01', '7H5S');
INSERT INTO `odrer_operate_history` VALUES ('22', '22', 'G7O4F42EMMP9UDI6EVA7O0UBBJY79C3HWGVMH2MFA78VE0QL92R2688X67', '1970-01-22 00:00:01', 'OM304V165BP79OWQ0BRT0SU9NJ728NKU46H63SVM057645C90YGVW3520339W26PTE542TNF5R143X0R4H8M55BPF68O386SJE2407RW4O4Q702XJ162B9VX3VTHG4CJ7JDL9Q7MF1532F255J0H5LAT99CT87U');
INSERT INTO `odrer_operate_history` VALUES ('23', '23', 'WG6HEKF530F68140', '1970-01-23 00:00:01', '4DOGXP109HG12NJM0C9245A30I6N44F9F0C4G0U83EWZ3T15NK3UMQ4ANH172VC9VCF9S8149S7X2FI9JZX172SNVPDX6LBM5QC3IL4M7I0966DL30PLM5YK7446H906W32G181ZTCO316K04NAN9L3EFQC5647JR500L2VQO7F7S98I9B7H04252XX65H65198S56B3IA1PU1H62H6D44T07DAK5AZMEDYVYY46M6S1Z1M886SAX668Y640D9FFUI3F350BW4T900G5Y37Z48J5RG92');
INSERT INTO `odrer_operate_history` VALUES ('24', '24', '0JY33746J5A2J9R1J66561B7U4981TFFUTD124W879L1ZLDK9H8132POKM787EUQU4OBIQ6659QL', '1970-01-24 00:00:01', 'JQ4Y0GS0524O2BLSNFW0I');
INSERT INTO `odrer_operate_history` VALUES ('25', '25', 'O26', '1970-01-25 00:00:01', 'KTZ5SL54003656AP1I4C62N3Y4YQUT94IIN6BC92NPWLLXD3R7G7FRGUHV2JH');
INSERT INTO `odrer_operate_history` VALUES ('26', '26', 'YAX6HRQTZ51F665I5R6GKR6A2Y8A4TA41RE8W4GU9CU9564V8QBL0925S0', '1970-01-26 00:00:01', 'A79K6OFUNP3LT15XU38OKV36L2107C50WZ246W');
INSERT INTO `odrer_operate_history` VALUES ('27', '27', 'U5ECT27BX83FL8C', '1970-01-27 00:00:01', '7MWQKRC5Q4D5MK368QH7TW7891');
INSERT INTO `odrer_operate_history` VALUES ('28', '28', '3AJ78BF6PBX1J9TC', '1970-01-28 00:00:01', '6PEL4F7S83UB9060TAN4P8IO8XX7O3K08JME0B3SP6G9VPNBPVP9V0I1Z9Y8GHNUN0SR0697N6091AUDO268014G04J68B34LR3I904O4WCIHPVYQQ8P70');
INSERT INTO `odrer_operate_history` VALUES ('29', '29', 'I79QR790UK3Q84KZMUIB7ZHVV5YPN5P45R16E3H5QSYGB0GVXTAVZ74J8S2DBO4LJWV8BF5VQ52AAR', '1970-01-29 00:00:01', '4');
INSERT INTO `odrer_operate_history` VALUES ('30', '30', '496YJCGNJIR79L6390GGS2V6', '1970-01-30 00:00:01', '0352SAOAB6QO9L5P410Z044V37U9IE5Y71I0F42VLYB3Q13280D3M7MD709XG3IK7W14OG5P1E3AHPU9B8T57B');
INSERT INTO `odrer_operate_history` VALUES ('31', '31', 'F7QS', '1970-01-31 00:00:01', 'NDTBKQ64SMK46D528WC347472');
INSERT INTO `odrer_operate_history` VALUES ('32', '32', 'ML28U7A3HTUL05J64YBT6L0X0BGP2PC0794U36BWK162481T3U61599343Z', '1970-02-01 00:00:01', '7M3W5G43YR5PVWE7HS');
INSERT INTO `odrer_operate_history` VALUES ('33', '33', 'NX524V4S2ZD29Q3SJ31903EMH7COE', '1970-02-02 00:00:01', 'EE3858F577F9FG10MU7Z5K189P1I6378DE027L2989W69J1KF887EGH66SK7810414860W5IFCI5RKN1OW6472OS36EK3T6H3QDQC8I22613W6E092P0HP8TYJ53XD7DYZA4U66UT49XJC1PK0NH9R4KEHP58160');
INSERT INTO `odrer_operate_history` VALUES ('34', '34', '5FM8C73KX7481I3G2XR69', '1970-02-03 00:00:01', 'MRL4R6QVWAP6O77J7465LWK6BQ7M3VFM4YIAR746C1OU73KGIV00D20Z3UNU950SFK579N01TBAZ6Z1T7564CTYY7N51679K144GC6S0OWS');
INSERT INTO `odrer_operate_history` VALUES ('35', '35', 'PFFH7Q62X3SF4381GO81YHFZJZ6W6Z1UWC87W2XQJ3R3A8E7O61KMO26W3M4EZ7D6YC5565N040Q99G4Q0998V645N3C6JKY1X64YYM3EI734C02K5I7L', '1970-02-04 00:00:01', '9YOB8180W2W2AYX5N7RA1UD57J6');
INSERT INTO `odrer_operate_history` VALUES ('36', '36', '65T8SW5149D07104E48H7IA0V617O0TY5P924934KW8CX4FM567W9767', '1970-02-05 00:00:01', 'DHP0879IF11UTLT17G11D');

-- ----------------------------
-- Table structure for order_item
-- ----------------------------
DROP TABLE IF EXISTS `order_item`;
CREATE TABLE `order_item` (
  `id` bigint NOT NULL AUTO_INCREMENT,
  `order_id` bigint DEFAULT NULL,
  `product_sku_id` bigint DEFAULT NULL,
  PRIMARY KEY (`id`),
  KEY `FK_Reference_223` (`order_id`),
  KEY `FK_Reference_65` (`product_sku_id`),
  CONSTRAINT `FK_Reference_223` FOREIGN KEY (`order_id`) REFERENCES `order_main` (`id`) ON DELETE RESTRICT ON UPDATE RESTRICT,
  CONSTRAINT `FK_Reference_65` FOREIGN KEY (`product_sku_id`) REFERENCES `product_sku_stock` (`id`) ON DELETE RESTRICT ON UPDATE RESTRICT
) ENGINE=InnoDB AUTO_INCREMENT=37 DEFAULT CHARSET=utf8mb4 COLLATE=utf8mb4_general_ci;

-- ----------------------------
-- Records of order_item
-- ----------------------------
INSERT INTO `order_item` VALUES ('1', '1', '1');
INSERT INTO `order_item` VALUES ('2', '2', '2');
INSERT INTO `order_item` VALUES ('3', '3', '3');
INSERT INTO `order_item` VALUES ('4', '4', '4');
INSERT INTO `order_item` VALUES ('5', '5', '5');
INSERT INTO `order_item` VALUES ('6', '6', '6');
INSERT INTO `order_item` VALUES ('7', '7', '7');
INSERT INTO `order_item` VALUES ('8', '8', '8');
INSERT INTO `order_item` VALUES ('9', '9', '9');
INSERT INTO `order_item` VALUES ('10', '10', '10');
INSERT INTO `order_item` VALUES ('11', '11', '11');
INSERT INTO `order_item` VALUES ('12', '12', '12');
INSERT INTO `order_item` VALUES ('13', '13', '13');
INSERT INTO `order_item` VALUES ('14', '14', '14');
INSERT INTO `order_item` VALUES ('15', '15', '15');
INSERT INTO `order_item` VALUES ('16', '16', '16');
INSERT INTO `order_item` VALUES ('17', '17', '17');
INSERT INTO `order_item` VALUES ('18', '18', '18');
INSERT INTO `order_item` VALUES ('19', '19', '19');
INSERT INTO `order_item` VALUES ('20', '20', '20');
INSERT INTO `order_item` VALUES ('21', '21', '21');
INSERT INTO `order_item` VALUES ('22', '22', '22');
INSERT INTO `order_item` VALUES ('23', '23', '23');
INSERT INTO `order_item` VALUES ('24', '24', '24');
INSERT INTO `order_item` VALUES ('25', '25', '25');
INSERT INTO `order_item` VALUES ('26', '26', '26');
INSERT INTO `order_item` VALUES ('27', '27', '27');
INSERT INTO `order_item` VALUES ('28', '28', '28');
INSERT INTO `order_item` VALUES ('29', '29', '29');
INSERT INTO `order_item` VALUES ('30', '30', '30');
INSERT INTO `order_item` VALUES ('31', '31', '31');
INSERT INTO `order_item` VALUES ('32', '32', '32');
INSERT INTO `order_item` VALUES ('33', '33', '33');
INSERT INTO `order_item` VALUES ('34', '34', '34');
INSERT INTO `order_item` VALUES ('35', '35', '35');
INSERT INTO `order_item` VALUES ('36', '36', '36');

-- ----------------------------
-- Table structure for order_main
-- ----------------------------
DROP TABLE IF EXISTS `order_main`;
CREATE TABLE `order_main` (
  `id` bigint NOT NULL AUTO_INCREMENT,
  `code` int DEFAULT NULL,
  `member_id` bigint DEFAULT NULL,
  `total_amount` decimal(10,2) DEFAULT NULL,
  `pay_amount` decimal(10,2) DEFAULT NULL,
  `coupon_amount` int DEFAULT NULL,
  `pay_type` int DEFAULT NULL,
  `status` int DEFAULT NULL,
  `note` varchar(500) DEFAULT NULL,
  PRIMARY KEY (`id`),
  KEY `FK_Reference_64` (`member_id`),
  CONSTRAINT `FK_Reference_64` FOREIGN KEY (`member_id`) REFERENCES `member` (`id`) ON DELETE RESTRICT ON UPDATE RESTRICT
) ENGINE=InnoDB AUTO_INCREMENT=37 DEFAULT CHARSET=utf8mb4 COLLATE=utf8mb4_general_ci;

-- ----------------------------
-- Records of order_main
-- ----------------------------
INSERT INTO `order_main` VALUES ('1', '-2147483648', '1', '1.00', '1.00', '1', '-2147483648', '-2147483648', '41AYK97QRZ0E842R7X8B81081');
INSERT INTO `order_main` VALUES ('2', '-2147483647', '2', '2.00', '2.00', '2', '-2147483647', '-2147483647', '3O8N5A9MATOCR1437LVY5039D01004N661ZM1PKO7VU3FA9375OKKGTMREEVQR78FH0772LHZ4DZ3H03VYF500PFPTUDGDWFSZ57PKDR43P977S40LE1H5L2');
INSERT INTO `order_main` VALUES ('3', '-2147483646', '3', '3.00', '3.00', '3', '-2147483646', '-2147483646', 'DI843C97AEW170179915EVIU44Q33968046I6983YDVT20W4KIB1Y82BL4A9D461I3FD24C1Y790IUR9XT6B465CZ7108B08');
INSERT INTO `order_main` VALUES ('4', '-2147483645', '4', '4.00', '4.00', '4', '-2147483645', '-2147483645', 'X2B0H790G7985W7J099EJZC1A2MO68YR14Y52F32QT3W0HOFUL2FW6K89W8R1ZNXCHVNFB30K313V4O9FZDNYF8P0NFEWH1I902X9E3ZQ2Q542AF6J');
INSERT INTO `order_main` VALUES ('5', '-2147483644', '5', '5.00', '5.00', '5', '-2147483644', '-2147483644', '07JUB2AT2NG39NDXJS377A1W7IG0BD3JA6W09EV883SPMJ6Z63RK91E9TA01MZY76Y68E579A58HD13DSBPN96H85RHYELIJ2459');
INSERT INTO `order_main` VALUES ('6', '-2147483643', '6', '6.00', '6.00', '6', '-2147483643', '-2147483643', '7NOG72PYBMU57OS8SJ36646KJ2J21PDKN5V3J3OUNPB1LKC7FBWTK6UYGZY9GLE76HQJ40B');
INSERT INTO `order_main` VALUES ('7', '-2147483642', '7', '7.00', '7.00', '7', '-2147483642', '-2147483642', '3QJD3EX4H5XFJ5RJ9A595MII4VG');
INSERT INTO `order_main` VALUES ('8', '-2147483641', '8', '8.00', '8.00', '8', '-2147483641', '-2147483641', 'E9CL9774');
INSERT INTO `order_main` VALUES ('9', '-2147483640', '9', '9.00', '9.00', '9', '-2147483640', '-2147483640', '9D8OK2T5Q2UURE3J');
INSERT INTO `order_main` VALUES ('10', '-2147483639', '10', '10.00', '10.00', '10', '-2147483639', '-2147483639', 'MO808G2319OE4XL0RIMR45NSD5H862Z0NY514U2I1222TEBN2Q3E90AJ09O2X');
INSERT INTO `order_main` VALUES ('11', '-2147483638', '11', '11.00', '11.00', '11', '-2147483638', '-2147483638', '6378002');
INSERT INTO `order_main` VALUES ('12', '-2147483637', '12', '12.00', '12.00', '12', '-2147483637', '-2147483637', 'I5T996');
INSERT INTO `order_main` VALUES ('13', '-2147483636', '13', '13.00', '13.00', '13', '-2147483636', '-2147483636', 'IKOH3PM8EB0F77D2LO8F9L3QPZEL7Y37O38');
INSERT INTO `order_main` VALUES ('14', '-2147483635', '14', '14.00', '14.00', '14', '-2147483635', '-2147483635', '99LP');
INSERT INTO `order_main` VALUES ('15', '-2147483634', '15', '15.00', '15.00', '15', '-2147483634', '-2147483634', 'M739MCMK11G68H6DK1P3F96NY541Y7SQRUYLMJMD7K1251H29VXNE8522X42K1PO6M01PKU6YG0O282NG869P68V5WK6ULR31C2A64VVQ19D6XIWXGKE9UZ48204AE8A1ZE60T3TK3X3ABVD262N459YW17HE3G7KK3WX0F64833D3831RQXYRS2J2I2X0S8611V4X48B9RB7XB8ZT66EX2670CWD1EF07');
INSERT INTO `order_main` VALUES ('16', '-2147483633', '16', '16.00', '16.00', '16', '-2147483633', '-2147483633', 'NZ');
INSERT INTO `order_main` VALUES ('17', '-2147483632', '17', '17.00', '17.00', '17', '-2147483632', '-2147483632', 'DJ7F70H3HCD24087UI80KFFOCRVW8YEV3MH8WXB543R6IH64970872SME12CWQTL7WV9LO');
INSERT INTO `order_main` VALUES ('18', '-2147483631', '18', '18.00', '18.00', '18', '-2147483631', '-2147483631', '52IHTQO6W72L5104HXE507391G0H14515YW3USSY9VX6649T7T');
INSERT INTO `order_main` VALUES ('19', '-2147483630', '19', '19.00', '19.00', '19', '-2147483630', '-2147483630', 'AR9SYX05L85AT272RK39Z5R7PI8V0M276E3P9MFC2QV35808831K4G90W1TAP8J2857498VUF0HZOZ7693F762PZ548J2647N582NYZJK63793Y72MPJ663YS0MRP8G71V024IFCKQ0K2S0BDB5325Y5R9KX2RY9707JPFLG95');
INSERT INTO `order_main` VALUES ('20', '-2147483629', '20', '20.00', '20.00', '20', '-2147483629', '-2147483629', '8J9D4Y2J8');
INSERT INTO `order_main` VALUES ('21', '-2147483628', '21', '21.00', '21.00', '21', '-2147483628', '-2147483628', 'XWALHNKI6MF46584291D8PX33571L');
INSERT INTO `order_main` VALUES ('22', '-2147483627', '22', '22.00', '22.00', '22', '-2147483627', '-2147483627', 'N1G713PYQ4W8Q7R3MVA313754421X6NGWX7FKR9N7JK288284YN0526X5F2JOE64141Z8335U686UI');
INSERT INTO `order_main` VALUES ('23', '-2147483626', '23', '23.00', '23.00', '23', '-2147483626', '-2147483626', '2WQ6IZA1041EKP0P1T48H951DUZ8P5A083X65J4Y77BJC6540OQ583YFTHB6CCYPW29QHVWY0');
INSERT INTO `order_main` VALUES ('24', '-2147483625', '24', '24.00', '24.00', '24', '-2147483625', '-2147483625', 'CMLV0TLH978F0267MCCNMM1X97W97M8644H1Y2IW9OA3');
INSERT INTO `order_main` VALUES ('25', '-2147483624', '25', '25.00', '25.00', '25', '-2147483624', '-2147483624', 'L2NLZU9AL5XWI');
INSERT INTO `order_main` VALUES ('26', '-2147483623', '26', '26.00', '26.00', '26', '-2147483623', '-2147483623', 'VJ88EW0E82E4Q90BA85Q5A4T1606ZIW3095341IPH2XX9EODIW8I95LS1GU74Z63WE2WNYD34U62KT');
INSERT INTO `order_main` VALUES ('27', '-2147483622', '27', '27.00', '27.00', '27', '-2147483622', '-2147483622', '45');
INSERT INTO `order_main` VALUES ('28', '-2147483621', '28', '28.00', '28.00', '28', '-2147483621', '-2147483621', '40652SF7ZAPZ5T11I910PYU97');
INSERT INTO `order_main` VALUES ('29', '-2147483620', '29', '29.00', '29.00', '29', '-2147483620', '-2147483620', '7037W12QTS61EVEWP9KCU114E0HY004X877W65V5');
INSERT INTO `order_main` VALUES ('30', '-2147483619', '30', '30.00', '30.00', '30', '-2147483619', '-2147483619', 'K8Q14L8KB199XKL931BJBC1FDV602J3W4QHGVD3I0866239WXI3KSI1ZMS05SPL1V34');
INSERT INTO `order_main` VALUES ('31', '-2147483618', '31', '31.00', '31.00', '31', '-2147483618', '-2147483618', '64E7QP2X7836V36XS90VPJBO');
INSERT INTO `order_main` VALUES ('32', '-2147483617', '32', '32.00', '32.00', '32', '-2147483617', '-2147483617', '6823NEY3O9HMT8H92ZO614YV300V9F6L7WR3JB2OHWLKA7EDWZ3AE2Z1G6KLI2BHP2Q22V76D75IBAZ7MHGY89V9U18HG1E42ZR49KWC06I8QV3434K56PG50OGQOPJ615JX46L99M2GX5R6TL82VMOFH3KK5Z1N87793D14L1Z310CGD46Z9PW1J3GFF9MK6UOQ5227759C6ET9Z14GXWV9A05GF9FF3903DNU42NN5D7I370E1L9HK6S0J');
INSERT INTO `order_main` VALUES ('33', '-2147483616', '33', '33.00', '33.00', '33', '-2147483616', '-2147483616', '58X95TCXB9ZREL353B5XCER4PAIN3509KMP09AB7LP5GQR2WM8W2R1F0FWT13E1K8TX729F5R08M');
INSERT INTO `order_main` VALUES ('34', '-2147483615', '34', '34.00', '34.00', '34', '-2147483615', '-2147483615', '6CBW7KO91O0112T75Q04N4KOTDDR5WK17703F4');
INSERT INTO `order_main` VALUES ('35', '-2147483614', '35', '35.00', '35.00', '35', '-2147483614', '-2147483614', 'SKRNCDH2W8LL1F0T9GPU1WY65C0KPMB7OH1G2626UZ2J1Y582FETPFB7FPA2CZMG3OP7286');
INSERT INTO `order_main` VALUES ('36', '-2147483613', '36', '36.00', '36.00', '36', '-2147483613', '-2147483613', '862RJX7B43C521J47135L9V34BZ250Y93Q1Z4A7FZR9VV7N171UJ4JZJ5X1NAA0N8593U84S1431E2YRTAP768TN7IUCJ3R6NIBRY4');

-- ----------------------------
-- Table structure for order_return_apply
-- ----------------------------
DROP TABLE IF EXISTS `order_return_apply`;
CREATE TABLE `order_return_apply` (
  `id` bigint NOT NULL AUTO_INCREMENT,
  `order_id` bigint DEFAULT NULL,
  `member_id` bigint DEFAULT NULL,
  `reason_id` bigint DEFAULT NULL,
  `reason_content` text,
  `note` varchar(500) DEFAULT NULL,
  `create_time` datetime DEFAULT NULL,
  PRIMARY KEY (`id`),
  KEY `FK_Reference_334` (`order_id`),
  KEY `FK_Reference_414` (`reason_id`),
  KEY `FK_Reference_63` (`member_id`),
  CONSTRAINT `FK_Reference_334` FOREIGN KEY (`order_id`) REFERENCES `order_main` (`id`) ON DELETE RESTRICT ON UPDATE RESTRICT,
  CONSTRAINT `FK_Reference_414` FOREIGN KEY (`reason_id`) REFERENCES `order_return_reason` (`id`) ON DELETE RESTRICT ON UPDATE RESTRICT,
  CONSTRAINT `FK_Reference_63` FOREIGN KEY (`member_id`) REFERENCES `member` (`id`) ON DELETE RESTRICT ON UPDATE RESTRICT
) ENGINE=InnoDB AUTO_INCREMENT=38 DEFAULT CHARSET=utf8mb4 COLLATE=utf8mb4_general_ci;

-- ----------------------------
-- Records of order_return_apply
-- ----------------------------
INSERT INTO `order_return_apply` VALUES ('1', '1', '1', '1', '457722HO9E40T0R247TEIDXQ0L4V9K4R88Y9NE8019GD2D50RU8TM0ZO7OR3E066V66J19JZBLM09LI1L7SI565Y2374R1IQ7N297WOGX402ON8208', 'T05F4D5K2NX15K4923FG919Y26V82JMN8ZE5A9D9IQ78LZ3AE998R047B5Z755U', '1970-01-01 00:00:01');
INSERT INTO `order_return_apply` VALUES ('2', '2', '2', '2', 'N7F06OYB391SU39BJJF', '5R6L7MSM002R3U78ZCRXI4J2ZA535AMR38D8TPU3AHTMFRAHWEBSPM7WGQO68QJD8M2Y4GUW08IG9MK1VO27Z42YJZ9W912I2HP1J65FLX6EG4L25KLS89G2C291T460FY37PC75IWI5D1JUONG9F236W9MUHLHN0H4HK85P10FZ7U5Q47F3Z31T1M36K1P9PRCMMZC4GSG7YA9J144PEWDV3UKG00733747N7P44R9LOAM56RQRXV6H21', '1970-01-02 00:00:01');
INSERT INTO `order_return_apply` VALUES ('3', '3', '3', '3', 'RM7U3UF92C7077O3T', 'IHFBU6V', '1970-01-03 00:00:01');
INSERT INTO `order_return_apply` VALUES ('4', '4', '4', '4', '6340IK7C4O1TQG7075QZ0AFL56692X6L580UA4AVX223Q5KJ3L08TIA6ZCH408OXU4MY04S1B9YZW8321WRD0Y6B8OJ5YIC512002ED9', 'GMB6ZSOC052UK56N9FDVKY7240TBG6Z0TN', '1970-01-04 00:00:01');
INSERT INTO `order_return_apply` VALUES ('5', '5', '5', '5', 'AG6FO520Y9807EVF0Y0XZ5Y0VLC436E0IVUX6N8CBR773GKS0175AWJ1UF12UX9UVDRMBM0NR5634J55BA00QTGIH118C1XZQO6A0914F5RXF51QRD93I', 'YK', '1970-01-05 00:00:01');
INSERT INTO `order_return_apply` VALUES ('6', '6', '6', '6', '848N1G0XYI00K6R374END2E6ULZ52UT0V8U7S0J5S662U2L4196MAKRY06O8A39R65J9FJT2QAP4I2W1C4Y447AOGKG26QZ1SN951B', '2YQTKIV6D21AV78H8D7KF8TUAS29EUDMH5QRR', '1970-01-06 00:00:01');
INSERT INTO `order_return_apply` VALUES ('7', '7', '7', '7', '4W8OSBD90W30O72XO4T', 'FTR84DK146VM41UY43KCA8UHYJF79L2BE89J266358ZRFX4CA48T17JV4OQ6BW95SM69LDSTNF00L813ARR1IIGGUJ640YCQX76GWSOYY2TC5EAIYM179F45984KL8Y4M28TL280VT67S1TT5O20XSC8GQU8T336RR9R07Z4R3ABM502UD91ETW572', '1970-01-07 00:00:01');
INSERT INTO `order_return_apply` VALUES ('8', '8', '8', '8', 'LQIH3V491Y', '0R57QA8VCMKWH2WNP2P65I11OINZTS2S9Q530B9VAKG5E1513K0I5354T1ACXE7OW48S815R17L87G434YES01DUZ524ABN8V63V3', '1970-01-08 00:00:01');
INSERT INTO `order_return_apply` VALUES ('9', '9', '9', '9', 'Y5ZYSGT3K2', 'SUP542DZ20169Z7570435TT88KSQE8H822Z4EJO18FN2X22159328WE08OP6MQ4Y852A468E3VBOFOMGD559577769ZZCH6X9458C27U0IY81B7FW5D2X5W95307QI80BJTDPOW7D5358DGN4KNQ45GH724M1M35N318UA2157C95757Z2HEM737DJ6707S', '1970-01-09 00:00:01');
INSERT INTO `order_return_apply` VALUES ('10', '10', '10', '10', 'LB1162T877X1H3287H939R1Q641W0O3C312UBV7XY1T0736P0VN1N4T613GX9Q0IG4HQFWT1392V2X0PN329197H47MZ83ME8ISSM9SL', '1QP2N248HVTO83895CAX3OKA75PI54EG49ZRA1NZ6VR072W0JYPBAM4T8W8D81RZ86D0ZPRV6ZD5I872K509', '1970-01-10 00:00:01');
INSERT INTO `order_return_apply` VALUES ('11', '11', '11', '11', '339ZD921FHOK8XM2UVNWP2K1W7331GKH927I', 'LDY4692354K2FW7BBIQ51S6D674T53O59F6Y0U8', '1970-01-11 00:00:01');
INSERT INTO `order_return_apply` VALUES ('12', '12', '12', '12', 'W552702TKDT52ERQEUFU1MNC200G5852WTKVKUU8C551CIG3QX1EDP26KR4F2IB92VZX05N12H3428', '1C9C1B5HPA2DUL69K627097070EP4Q3B4OCP79XV865PFOA0L57M77Y571TNR14DKYDEFTN306XUK62WEI2WS1FQ98N0P67J28HE02BZ6F077III3VZGZ20XAPC62UAGM46WABIH3BA6ZM039U549W49KIZEJU6294RUL84K3L6Y893PRXFRKB0A3DB5JAQ', '1970-01-12 00:00:01');
INSERT INTO `order_return_apply` VALUES ('13', '13', '13', '13', 'Q3LVCO0', '8P698Z4N32', '1970-01-13 00:00:01');
INSERT INTO `order_return_apply` VALUES ('14', '14', '14', '14', 'SXHW27JDKU9W3001UUO8V240GE1AZ061E09JQBM494K39H4', 'I6FY', '1970-01-14 00:00:01');
INSERT INTO `order_return_apply` VALUES ('15', '15', '15', '15', 'K761382O34Z720J7A0064UB761U1L56W8W', 'WWGFVS0VRHSW5V70MJB8VSJK904E07FUP37591Y01R2M46469RUS3X22Q553KC1M3VA219A3H367SU8AA6R5E84E214C74M92OB2EXRJMR61DXK833HS2Y53MOCB283C0135K2M42O7H9SEPA2C23M2JND', '1970-01-15 00:00:01');
INSERT INTO `order_return_apply` VALUES ('16', '16', '16', '16', '5PAH9I9NH9', '3PKZAGXA65W87WP37P9H92DK5BW4RU2H8048P1DREIKMC7PX7U6R88C40935K63L56AZVJS999DXR8WCOK5Y5323F3P17E73DB9R3DT1V5N4HFQ26', '1970-01-16 00:00:01');
INSERT INTO `order_return_apply` VALUES ('17', '17', '17', '17', 'K93M34', '6BB7R53RB3XV32BIM971782N5PI93VRI', '1970-01-17 00:00:01');
INSERT INTO `order_return_apply` VALUES ('18', '18', '18', '18', 'XFUXC4O7UQ0P70T6SZOB150H809S8PDT3', 'Q8TLVZID', '1970-01-18 00:00:01');
INSERT INTO `order_return_apply` VALUES ('19', '19', '19', '19', '7EIUSUE9S3CX35C95Q08C3ZQMY9699N7EJXLGSO0FIK0C1CV614WRN9744MSC6881AC0JUD06T6W824Y96B7KMC3L65JY722R1HD2O091W5QKQJ68Y6I9B4LB', 'FT7364AG045632Z9X70GI48M2FBFK41C318C7FX87206241F2YUQ631P11MC5Z7T7OYF011187T7UAQ188A145NCAP47G2412ICI4QVDO4L6Y94Y517M0329WH943FC055LYO25W899MQ7YJ115WK87J85XVQ09FD4K78YHHGN8P1J4Q4QEB3O9B27K42FZ0PS9UOWOU0Q352I3A2Z0I748JWD6569MUOH7362CR4Y0902LB9LU5FI25KRYN5CG747B5FD1AY1PC1N3YE2PGU7BS3X8TOZGC001XV7LUSFXP1E1SMS7RZLLG986S1N6XD19IR5458613BQ8WRPU5W0565B1EL7K341QMB7F', '1970-01-19 00:00:01');
INSERT INTO `order_return_apply` VALUES ('20', '20', '20', '20', '0K2F3A3DMROVFJQOCYG21C6MT90Q51WW132621T7HDNB46SI9950307784BZ23B9X110II27755', '895D84JKQ11QHS7Z641QJFO2360K4T6', '1970-01-20 00:00:01');
INSERT INTO `order_return_apply` VALUES ('21', '21', '21', '21', '7316M22YR83NOI833152ZQ86OJO9U4D89XUP1XTD1GQ22JP9VH69O67783388F7JXJ9GSJN855210YN83489CX0W1D7PS412WZ5T97IB4UBOZVV44F873A43DF29', '70ZCU96X9T', '1970-01-21 00:00:01');
INSERT INTO `order_return_apply` VALUES ('22', '22', '22', '22', 'JZWUW639L52W1B07E0CG560', '3J3QPCJ3WA2QJIRAP275U0Q4II', '1970-01-22 00:00:01');
INSERT INTO `order_return_apply` VALUES ('23', '23', '23', '23', 'C2MA5MN25V6', '495NG089408159E6234O69', '1970-01-23 00:00:01');
INSERT INTO `order_return_apply` VALUES ('24', '24', '24', '24', '708EHLQF2PO7QE9873R1AK0R9X84PULP384NJX5W340T4KUO24KRN', '4K08I3', '1970-01-24 00:00:01');
INSERT INTO `order_return_apply` VALUES ('25', '25', '25', '25', '3016PIP5X76TH7QY9B87NOZS0EXG02VP73U4R77T3R1B8HX34CE9R18II00HXZI076VC60I1743K91VYY1M6P4E15766PD85L8Q797T0K4XC2O0LPL28GE2EP1PH0P362E40C3N3LK479J85054R34Y08U5QC3S4N8Y07H05TZ6ZBUPWGF6O6TMY02T5D8F0B9584L9S', '2L0643UT5FFL391LL14LFE7V8V4C2OU7NKJ31WJM11QL98S57785V371YADEP18PS23KWBW54X20A943JR55GFCAVFEBO429RTM083HL7OHP69SGV08KN9689A208TJR11257WD66L1P71I328OX1G4639G802L1JG21R77X7YL215384FPH0V1M0BG4', '1970-01-25 00:00:01');
INSERT INTO `order_return_apply` VALUES ('26', '26', '26', '26', '5MUP2A27D8JC880NC9305U619NR77RB17XUS1G0LG7YR7C4M44WT70BP26K60R5OJ711V5HD10IUWHI68005Z33NRXM70IN53XWZ02NOKG61591926X5Y834P8X022Z2195I3MT920AVD2ZC4M33SKF5B0NX04OTK5ZXGZ89OMCJ9KT1WHKX00400G23I068A847QTEQ', 'G543022Z82ME736ARFP484ZDQI954L94I89426XGE2JC803G27L38V810BO409Z4MBE8AKNE6I4Z701060S9L9FD161Q4V4EJ83REXL1ZV4PAQGBI64V4L10R6K0E6O0027D331R591YB85Z74YW8CJ7X8T57002J00C5A6L16978J8Q071AJ7M958UXLTA8003UOQHRB26R2DW6C4J78B039BTL7RF7GOHDTH9A5RCX9QE4CD34ZA40W4ORZQ580G8NE43T78J5635HCW8E36U928Y8T1IE1YZ60YZY4Q06ACPPDR79SWJYXST58A2IUC35Q9M3C480UGRUCN8EHK7I1F4XG0ML4CTLKF203A14BIF2D3W4K9OD72LX377AT2YC09A1H8NA1SQR981E0399PYZ0E5FG129P6LC00X15U7L9QTZ2JDN8NLW1B9M74PG4R8B5B53ZHTEFE091EYWRKWNN49M5V89000H40F7ZZPDSG585', '1970-01-26 00:00:01');
INSERT INTO `order_return_apply` VALUES ('27', '27', '27', '27', '714108426CLV1G9X921Y3Y6ND4J60G57ZPGML040', 'EB258C5J89NXEWSA4I5653O849I0K69O922DCBMH07L88JDH54W0KSRC7D4LY1267394A24NG5T202N4Q2OM96RMY6DCR9751U66N34X4YEE7C52334W3HA4QD7ZH38QN351351953UQ9H3L32G68711E854X3457XOXVLWAE0130KKOW5P57JX4354B0F1T8584RD50116V7SIFT9262E2YZP3727199KA7W5D5W8O58YQ21CTXS684W63W8K3Q7G4RFGBAV5L8H7BH21O79GL6125828Y6A68E45B4SNM8I8OIU491D3J4DSO6JLGQM61O88N71O4HCXKBE872HSX828', '1970-01-27 00:00:01');
INSERT INTO `order_return_apply` VALUES ('28', '28', '28', '28', 'E8Q1J3OK3LZGQ1F5NE0NTH525CZ23W5ZY87QJ369QM18', 'E4H04QQ', '1970-01-28 00:00:01');
INSERT INTO `order_return_apply` VALUES ('29', '29', '29', '29', 'G4U2F8HE7X94U8TN1N0SJ7H8RI7GN3VGM332X2M6V5F0PRZAR099FG70VEHT2JQWUVC730F5YN11R3H7HS42YS59DK1VVE3616LQ8Q5TIHCWC3D0AWEX6P0J2E6M5IU14T7SA', 'EJV72GDH3W12HRPD', '1970-01-29 00:00:01');
INSERT INTO `order_return_apply` VALUES ('30', '30', '30', '30', '2UY5X96D3HJ7D34808S491XP93', 'AYFP0Q7FGS6U2LZJFQVY169B3YDAHO9V92H96XW5W0WB75Z1Q2ZMQYJRLML79K25932E7JO2457QILWX5XBWH1A1CXYXARY69Z5FPB1XQ74WG2S95N937GY5CJI000N', '1970-01-30 00:00:01');
INSERT INTO `order_return_apply` VALUES ('31', '31', '31', '31', '89QVE47MTO1DJ21YDWO0', 'Q652YF4TQFUAGK973LQ05J6EXI4Q70481N3XMKA8JC9Q4LY7T764260J27S773W6Q5HJXKOIWBOZP737F2Q5RU2X5W522P32K49NZ6LY42FDVFQUSTK585E04J5C6C2WF5KT3N934U41C1659CCAD7BBE96YUGDN00R2IG1ZD122RG3JK9J07XQKXBFO9P', '1970-01-31 00:00:01');
INSERT INTO `order_return_apply` VALUES ('32', '32', '32', '32', '12DW7PGFJ9WJQQ5RZ2', 'H3QPRU52IO95157N08X08RC089Y8EM66PR59SJIY7I7X0905W397L33TL601KI24K31403C4408U45MP7UXNOQI9439I85A385KEE750FM7509K6K1FMMC4F85Q2634C', '1970-02-01 00:00:01');
INSERT INTO `order_return_apply` VALUES ('33', '33', '33', '33', '70RZ8B2CD51UKZBA03P732ZH964S1Z03344666NE6PPO5ODZ3Q5G03T50994G64LTKPEDL5ZQTR687W781368YIDL6713ULI3A0DXD68KUM4KSJ05ET47195APH86KN9CQ6X32341012X3Q38436BFTMB4Q5', '9MEC7101P5V5XV07V5J59YAKJ7WH7UCQDWZ91E49LQCZ558W373357Y96X2S4884870Z5V3Y025WI9I51EE3I88XDCRWHI5450IO1536USLJL22T51O7NN8506RLAEAFE1H90LN7TOOJJ18R', '1970-02-02 00:00:01');
INSERT INTO `order_return_apply` VALUES ('34', '34', '34', '34', '72QJ844EZ3Y1L4X3J8GOPPRN44A5GMM51H00A0IZJS50NG2B68W6PT24E9LH98JKHGST9C04N5A8WO9T93325G8I45O74EL14D0SJ14N7U1ZEX8529P9C754DG5726BE7LD4874SOK9082ULC6XQ45CL9WQ7FG56J369C1B11VI36392D3M45P7JZBR2C23507EF0B5Z', '14I66K9BPYEWG84UJMFW32K9P9ENVV', '1970-02-03 00:00:01');
INSERT INTO `order_return_apply` VALUES ('35', '35', '35', '35', '3P567UBFAKQ021Y96234UH474KHTTFO363T14936FY8F46L284P86II5SW2K9TV1W5379ZY195YE97W4MM86GD8Q', 'MM3UIW7754X3NY91608HMB27G68N0GC775YPDE6B4OMO5YYA0LC', '1970-02-04 00:00:01');
INSERT INTO `order_return_apply` VALUES ('36', '36', '36', '36', 'E8LTN7R4CZ116S4W65136A3B962V8R951AGT3594R57Q6Q0SK4C175J451BJH1OR4FM0N36308GSHXQV7OWT70IO8I8VB61CWO265E88O2L6R1JXMW36SK08338MY36V4TG7U319JLK77K29GX1OG4I5F', 'NKYD0502HPWI3JZJZRNU0X05F27GOC3', '1970-02-05 00:00:01');
INSERT INTO `order_return_apply` VALUES ('37', '1', null, null, null, null, null);

-- ----------------------------
-- Table structure for order_return_reason
-- ----------------------------
DROP TABLE IF EXISTS `order_return_reason`;
CREATE TABLE `order_return_reason` (
  `id` bigint NOT NULL AUTO_INCREMENT,
  `name` varchar(200) DEFAULT NULL,
  `status` int DEFAULT NULL,
  PRIMARY KEY (`id`)
) ENGINE=InnoDB AUTO_INCREMENT=37 DEFAULT CHARSET=utf8mb4 COLLATE=utf8mb4_general_ci;

-- ----------------------------
-- Records of order_return_reason
-- ----------------------------
INSERT INTO `order_return_reason` VALUES ('1', 'Boone2026', '-2147483648');
INSERT INTO `order_return_reason` VALUES ('2', 'Guerin1971', '-2147483647');
INSERT INTO `order_return_reason` VALUES ('3', 'Shaniqua477', '-2147483646');
INSERT INTO `order_return_reason` VALUES ('4', 'Sebastian1958', '-2147483645');
INSERT INTO `order_return_reason` VALUES ('5', 'Chavarria2023', '-2147483644');
INSERT INTO `order_return_reason` VALUES ('6', 'Keshia2025', '-2147483643');
INSERT INTO `order_return_reason` VALUES ('7', 'Dorotha1997', '-2147483642');
INSERT INTO `order_return_reason` VALUES ('8', 'Conner2016', '-2147483641');
INSERT INTO `order_return_reason` VALUES ('9', 'Gregg174', '-2147483640');
INSERT INTO `order_return_reason` VALUES ('10', 'Gerard78', '-2147483639');
INSERT INTO `order_return_reason` VALUES ('11', 'Felipa6', '-2147483638');
INSERT INTO `order_return_reason` VALUES ('12', 'Chase1985', '-2147483637');
INSERT INTO `order_return_reason` VALUES ('13', 'Somer1950', '-2147483636');
INSERT INTO `order_return_reason` VALUES ('14', 'Trahan1967', '-2147483635');
INSERT INTO `order_return_reason` VALUES ('15', 'Isiah5', '-2147483634');
INSERT INTO `order_return_reason` VALUES ('16', 'Haag2013', '-2147483633');
INSERT INTO `order_return_reason` VALUES ('17', 'Hager1992', '-2147483632');
INSERT INTO `order_return_reason` VALUES ('18', 'Forrest795', '-2147483631');
INSERT INTO `order_return_reason` VALUES ('19', 'Kelly1994', '-2147483630');
INSERT INTO `order_return_reason` VALUES ('20', 'Martell38', '-2147483629');
INSERT INTO `order_return_reason` VALUES ('21', 'Curtis872', '-2147483628');
INSERT INTO `order_return_reason` VALUES ('22', 'Gilley528', '-2147483627');
INSERT INTO `order_return_reason` VALUES ('23', 'Rawls1977', '-2147483626');
INSERT INTO `order_return_reason` VALUES ('24', 'Marlon2002', '-2147483625');
INSERT INTO `order_return_reason` VALUES ('25', 'Lucrecia2001', '-2147483624');
INSERT INTO `order_return_reason` VALUES ('26', 'Reinaldo989', '-2147483623');
INSERT INTO `order_return_reason` VALUES ('27', 'Kasey2005', '-2147483622');
INSERT INTO `order_return_reason` VALUES ('28', 'Yoko118', '-2147483621');
INSERT INTO `order_return_reason` VALUES ('29', 'Melania3', '-2147483620');
INSERT INTO `order_return_reason` VALUES ('30', 'Berrios2019', '-2147483619');
INSERT INTO `order_return_reason` VALUES ('31', 'Lori1966', '-2147483618');
INSERT INTO `order_return_reason` VALUES ('32', 'Frank199', '-2147483617');
INSERT INTO `order_return_reason` VALUES ('33', 'Nidia1990', '-2147483616');
INSERT INTO `order_return_reason` VALUES ('34', 'Casey2006', '-2147483615');
INSERT INTO `order_return_reason` VALUES ('35', 'Schulte1', '-2147483614');
INSERT INTO `order_return_reason` VALUES ('36', 'Major1951', '-2147483613');

-- ----------------------------
-- Table structure for ordrer_setting
-- ----------------------------
DROP TABLE IF EXISTS `ordrer_setting`;
CREATE TABLE `ordrer_setting` (
  `id` bigint NOT NULL AUTO_INCREMENT,
  `normal_over_time` int DEFAULT NULL,
  `flash_over_time` int DEFAULT NULL,
  `confirm_time` int DEFAULT NULL,
  PRIMARY KEY (`id`)
) ENGINE=InnoDB AUTO_INCREMENT=37 DEFAULT CHARSET=utf8mb4 COLLATE=utf8mb4_general_ci;

-- ----------------------------
-- Records of ordrer_setting
-- ----------------------------
INSERT INTO `ordrer_setting` VALUES ('1', '-2147483648', '-2147483648', '-2147483648');
INSERT INTO `ordrer_setting` VALUES ('2', '-2147483647', '-2147483647', '-2147483647');
INSERT INTO `ordrer_setting` VALUES ('3', '-2147483646', '-2147483646', '-2147483646');
INSERT INTO `ordrer_setting` VALUES ('4', '-2147483645', '-2147483645', '-2147483645');
INSERT INTO `ordrer_setting` VALUES ('5', '-2147483644', '-2147483644', '-2147483644');
INSERT INTO `ordrer_setting` VALUES ('6', '-2147483643', '-2147483643', '-2147483643');
INSERT INTO `ordrer_setting` VALUES ('7', '-2147483642', '-2147483642', '-2147483642');
INSERT INTO `ordrer_setting` VALUES ('8', '-2147483641', '-2147483641', '-2147483641');
INSERT INTO `ordrer_setting` VALUES ('9', '-2147483640', '-2147483640', '-2147483640');
INSERT INTO `ordrer_setting` VALUES ('10', '-2147483639', '-2147483639', '-2147483639');
INSERT INTO `ordrer_setting` VALUES ('11', '-2147483638', '-2147483638', '-2147483638');
INSERT INTO `ordrer_setting` VALUES ('12', '-2147483637', '-2147483637', '-2147483637');
INSERT INTO `ordrer_setting` VALUES ('13', '-2147483636', '-2147483636', '-2147483636');
INSERT INTO `ordrer_setting` VALUES ('14', '-2147483635', '-2147483635', '-2147483635');
INSERT INTO `ordrer_setting` VALUES ('15', '-2147483634', '-2147483634', '-2147483634');
INSERT INTO `ordrer_setting` VALUES ('16', '-2147483633', '-2147483633', '-2147483633');
INSERT INTO `ordrer_setting` VALUES ('17', '-2147483632', '-2147483632', '-2147483632');
INSERT INTO `ordrer_setting` VALUES ('18', '-2147483631', '-2147483631', '-2147483631');
INSERT INTO `ordrer_setting` VALUES ('19', '-2147483630', '-2147483630', '-2147483630');
INSERT INTO `ordrer_setting` VALUES ('20', '-2147483629', '-2147483629', '-2147483629');
INSERT INTO `ordrer_setting` VALUES ('21', '-2147483628', '-2147483628', '-2147483628');
INSERT INTO `ordrer_setting` VALUES ('22', '-2147483627', '-2147483627', '-2147483627');
INSERT INTO `ordrer_setting` VALUES ('23', '-2147483626', '-2147483626', '-2147483626');
INSERT INTO `ordrer_setting` VALUES ('24', '-2147483625', '-2147483625', '-2147483625');
INSERT INTO `ordrer_setting` VALUES ('25', '-2147483624', '-2147483624', '-2147483624');
INSERT INTO `ordrer_setting` VALUES ('26', '-2147483623', '-2147483623', '-2147483623');
INSERT INTO `ordrer_setting` VALUES ('27', '-2147483622', '-2147483622', '-2147483622');
INSERT INTO `ordrer_setting` VALUES ('28', '-2147483621', '-2147483621', '-2147483621');
INSERT INTO `ordrer_setting` VALUES ('29', '-2147483620', '-2147483620', '-2147483620');
INSERT INTO `ordrer_setting` VALUES ('30', '-2147483619', '-2147483619', '-2147483619');
INSERT INTO `ordrer_setting` VALUES ('31', '-2147483618', '-2147483618', '-2147483618');
INSERT INTO `ordrer_setting` VALUES ('32', '-2147483617', '-2147483617', '-2147483617');
INSERT INTO `ordrer_setting` VALUES ('33', '-2147483616', '-2147483616', '-2147483616');
INSERT INTO `ordrer_setting` VALUES ('34', '-2147483615', '-2147483615', '-2147483615');
INSERT INTO `ordrer_setting` VALUES ('35', '-2147483614', '-2147483614', '-2147483614');
INSERT INTO `ordrer_setting` VALUES ('36', '-2147483613', '-2147483613', '-2147483613');

-- ----------------------------
-- Table structure for preference_area
-- ----------------------------
DROP TABLE IF EXISTS `preference_area`;
CREATE TABLE `preference_area` (
  `id` bigint NOT NULL AUTO_INCREMENT,
  `title` varchar(200) DEFAULT NULL,
  `content` text,
  `icon` varchar(1000) DEFAULT NULL,
  `show_status` int DEFAULT NULL,
  PRIMARY KEY (`id`)
) ENGINE=InnoDB AUTO_INCREMENT=37 DEFAULT CHARSET=utf8mb4 COLLATE=utf8mb4_general_ci;

-- ----------------------------
-- Records of preference_area
-- ----------------------------
INSERT INTO `preference_area` VALUES ('1', 'Quis officiis est rem nulla.', '3HDH0D8A11G5FRFW5K84D291ZB88U2FR2K8WS1B9O6LK74E8D8V4WTF236XN5RJ89PKZ12O48U4HR88ZAH69D2NYVJS54T6G35G6OA0J6452', 'QSX7291V44SRA0YNKY2N8F94E22V02E51O042938T3Y1Z3A8P08M0V646RFXWF568623N06NV55P4FHVR189BBH95OJQ8C', '-2147483648');
INSERT INTO `preference_area` VALUES ('2', 'Quia explicabo aut quo iusto.', '7Q10AWX0Z967743SL9GMO7ED206616O81EU498648CU191GG1Z15YPGG0CS7ISSIU274T972T19I34O402I2DN5794HUH13S907O247', '9951XMJYWDZUZF8EPR0ACW2684L9PO9O5Y0XTGH1B9GRAO5I8NLG589P1C49TT510ECL7J9P16O38O0G5J5KFG0A6OP567MC4G7NT7P', '-2147483647');
INSERT INTO `preference_area` VALUES ('3', 'Quam et amet qui.', 'I5P1IHG8BQ70T35RQO76XRJ3CH1000Z20Y7BY1W88N44355KK0M', '74R0QDNB75Z4G67G', '-2147483646');
INSERT INTO `preference_area` VALUES ('4', 'Et tempore est.', 'J3OJJ6M10I54Z0KXV6AHOA2WEKR93UOUAGN5F7Z458862KM52N81VJGX5777', '0ZU7U59J8M769BEDC0193I83Q8W465RG36WOC2DMA26P4H3UO964PJ3RYJ58CPTHBWPR2K4CQ195447L2304V3CPG02TS8M90S58GIRK833278OX584I4B5HI46K6X735D1FWQMUJ5IO8P550559S17K7R2426SSVC4RJVC06827A7H9F1', '-2147483645');
INSERT INTO `preference_area` VALUES ('5', 'Ut et illo numquam qui voluptas.', '8493Y99HH14391NNKQ1X', '429K5U41XDUHJSQ3B01R61Y5ZGX842U89WC63V307P6WZ29D9975A4HK5M84E9E3PV51JLB045HU64160DUFFVC509H9U62MSM16JIZ44U7062L9MB71BN2F15LJ7O9Z92XIYTXUF96', '-2147483644');
INSERT INTO `preference_area` VALUES ('6', 'Cumque iusto perspiciatis repellat.', '6CAQZPL61832R045F22H4OLD1K68CHH59ER5AFJZ5UF9ZO', '00OP5760HRYYAWV8598VYVMACF377VQHGV496M5392F44CU72EXYAP3EVJ9549U3Z4165413K3Q3T1EE38M034B047DIFV3UWP5208D24UBSXMTBDH659J5VZ43H0GK0103LIG24U0A3E766Q', '-2147483643');
INSERT INTO `preference_area` VALUES ('7', 'Voluptate debitis rem eum eius ad.', '180XV8263ZP77BSK0ZZZEBV8R6A0FKZK5N9TFPT40R21616RBE2UGM2877DO9IDQT0', '2KSO3561Z7870G84U54W5EYY7Z9462M0GI5NFLFD92L26NPX4GB4', '-2147483642');
INSERT INTO `preference_area` VALUES ('8', 'Commodi ducimus quasi quia voluptatum.', 'W1ZXF0W8FK477GXQ3081K3GMIWRN44I7G87745NT0G26IWG7SZ7S305SKYLORK7T8W510HIVWG71FT6OP6MZWGZ66XHTEZZ9I374FJLA54FM3X998B3W0FA9UOM437L291P2G0U0O20V7V00QFH867CFG5H23QI4UX3357X0XWJOF69D25O5OXNYFTLB973X68JO1PNK', 'R76UFW7AO4DT9LP753KHE3JJ55WRIK30Q69LC9Y6M5V97852L814V20V6513C49D3N19W3B2V98JD2SF718H732O71L5ANK04C81A459L465AE27HCVW9S98S13LLCG0Q8R287H3Z39R2LK5VQAJMH6ZUP52KDN07D13NJ4TDQB85NLUY9K374F9U083JJ486R7OWY12LWH0HQ74558IIZC7546B7IF5568M6Y377NOU3KC09DELEPY1AVP4BUMY96GSD4224RAAXPJ0K910M5V8X622Y091YL6W818UWH3L45LD5M027FOYYB73GJ62B8A0RF16Q335U0LM6TV44CQ2JC9US6VXVR5C3NQQF6F47B68RMIG84555GZ3202OHS02SDX090D344QBU1GLJT4G9H22G2DSE', '-2147483641');
INSERT INTO `preference_area` VALUES ('9', 'Porro autem debitis fugiat facilis.', 'SZ8R30422773QL1Z42N3H2821BI2517045CHLM9NP16MAL59O56RLZIY6XQ99HH9A2552675773100UDUS861D1VSK24R3F1773APO49720IAOARU', 'W9HH6G04NP737R4SMRNUBXHH2M4QSQRK75D6T36670VIV0L47DS72R243T43N8B4NABE16Y13KIK4S1', '-2147483640');
INSERT INTO `preference_area` VALUES ('10', 'Accusamus et iure libero natus quod.', '1O3U', 'TI23RRRMK0448WYTV853C919RO0M975UJ5NK0Z3MYD6J3R80J3K7ZH4U06XJ74WH2FWZFH8ZIGNH4DO77YI6A69IH3F63R87GWQ7RPICO7K35Y5TB15243L54PBVI0MO8K32G7KOL1P1P8M4Y9U9C7WA8G0IAJ0O4US0866076F01N8HG624JYTO2', '-2147483639');
INSERT INTO `preference_area` VALUES ('11', 'Ratione veniam doloribus molestiae.', '3OKR3', 'A18520LSDCSI7Q582O1U69JH716MU8QPJ259HA6IL9KU1A06NMFL4ATZ0IM5RWXF081XLP1B476XMVMUQ4AHWM372F958', '-2147483638');
INSERT INTO `preference_area` VALUES ('12', 'Dolor magni in nesciunt sunt maxime.', '3ZV5E2HGNIU', '8M941GTAO1B8OI9VLFO7LO654QP2O7G69M3P2MPGE0LH93DFC1DTYLX7313ABAEX87538DSC176M8O436199IB59914MRW4ZYFRS7VW5HH2I5928EFP1TYCOJ0JPYQX1WB4JHZFJO1VLS1F6KA7GCDY18X4EP5L5H4663O22JM73BO2J964V609K8W8267XP30X590ML4U9599OH2A01L42F2G0K34M81UGQ7U315JK440GUEFJQNBX04072BGU1RAN966P0L72R28TPFK4Q7356WU4W9EPVFS3D59884A031V9T26UABD4IH5W590UINE4B7750I528JQIGPYHD23I9XWD859AF0X34NA10243JM4956X4RT4726WQ059B68N0KSSA2XHLEV24X765Y61N18VCX4UKHQR35459E61S', '-2147483637');
INSERT INTO `preference_area` VALUES ('13', 'Necessitatibus esse animi in odio.', '4TIX2X6565Z4SK0W42P22K52KIDRF85X32W7J873A2X19R3XT58DR21499I8H30UUUJ8LX3233O4M1M43NBR14ASBJY84A0CRTC8DV0FN23POX951Y46698', '0X6ZQ0I50C33NB40776FCX856Y3A2897FS5OC', '-2147483636');
INSERT INTO `preference_area` VALUES ('14', 'Amet in quo voluptas placeat itaque.', 'UGGFSL5OFKX412XF356FS1LA963J1RMQ6G', '445MPD14X83Q140BL4Z8M1QED9D2D49', '-2147483635');
INSERT INTO `preference_area` VALUES ('15', 'Ipsum et omnis aspernatur molestiae.', 'W9HADO4SN649V391O4BAEW17C56T1I5FAB7QAZC9NV1FA7Z437', 'Z6Y0GBA7102P6ZA9EHYF97K12X6VV3D55F455110859NM43D19JRX2GO35WC58M86SAI24Y4LH582C2F44L6DHCJ5T40C06352X8O1R7279F539HDK1DJ189R884A8Y6K0YB7LN66D2BZ94U0069GPLQ62D8DBC24Q1B9BG71289EC27637H0CK269D3C2BPY0O22QY4709OZCL4TA354F33DGP9P7CQJM27BBL5EV4EQEEKA8XG657CVJ53K8T4KU33TIK1L14P4T7129P4T4VLCWRXDWGTX60PCVOM7M7511643443557G5ELQALFS3F858VN85O39JF2XPW76K655O62Z2UT2040KQJ5Z8YMIRSLCRIRRQ8O9899E39BU5EIH7A66K3ALK11PM69P0B44C2', '-2147483634');
INSERT INTO `preference_area` VALUES ('16', 'Eius illum eos.', 'JJN858Q4TRQ3E2ASKRSM0DE76N7PZJOW0XC3SISJ', '1Y5I1P5O1OVQ7N8Y370H59AAYHCP53GBWM05H8NSENAD6KW0JL83571S7X37368503HV28OMC1CI861Q09Q62817JX2AYQ24963TI94ATH746OI9PQ766P3J7VQ', '-2147483633');
INSERT INTO `preference_area` VALUES ('17', 'Nam eaque sunt aliquam suscipit.', 'YJ39J08G77E3J98L1I5FROUM6TST8J2F76H096NHX6U3E6P2QB1KN67S9CL23MMC4WJK795RYT95H481K2525357TE75ZYX822MYS8', '96VUG4BR29ISUS9048TO6BY9X9WA9NG6ZB5ENXD4U865U0C5I6K267NC77P0326407AVO1D73F7TI368WKGLFNV67QC', '-2147483632');
INSERT INTO `preference_area` VALUES ('18', 'Et modi neque qui neque eos autem.', '3Q0886R00C30NX62174OH', 'V7Q1V0X540NV1GK67566885440E54KUB06CZM0260GBE9W5ZY443O0K64W533IY922MS093NF7H62H90QD', '-2147483631');
INSERT INTO `preference_area` VALUES ('19', 'Unde aperiam quia minima iste aut.', 'Z4KNLW28D471540F2962U448G48MCC9DC5U892IA9MTY5997WNCNMG82N4Q7F041415Q7996CS8BU0B0W649X0EOH64V1JD7S0AA067VAT2H48Y57E36N43DSL5R4M3FRGT732TRY95K39Q497339T9461I991ZW1G9A6U270PIHD5Y937BB5QWX4Z6Y3B2JW9UWQN3T', '83JZ3D6YC5EV91N728YD746P4CINC95F6V26G44125399Y0PX7251CV3', '-2147483630');
INSERT INTO `preference_area` VALUES ('20', 'Quos provident non et dolorem iste.', 'LXF31K03F8CF8IH8JYWPK8T3SKVG311VJBU8Y7MT9O9H', '4BNBF3QAB37YG3GRZ6LON58EQ451TQ5GYQAQPW6K3847SRH3NNW7I2M26FFL6004VRBUH15RL20Z771325NH6524LBEGU94H62I8Z06A16566477HG1DJ62RLJ138TZ6H44', '-2147483629');
INSERT INTO `preference_area` VALUES ('21', 'Libero adipisci voluptatem omnis iste.', '05CUOD824I0Y4GV7108JX7J1UB0RZU5Q2T6LLBGR9ZUWU9', '007UMW89X3HW96MV469QU4CISO12Q7H6WPV45ECLWPQ34HF81036182171W5157P16F8YRD9PQA0OP557Y9N09HHI6U8EYRRUB2C901WF7IGLZM594Y895BCMS57QN5XU37R4T0M5849P76SLQTRYZD5DS55TJ2KOUDH4CF1MF53H8FII10V0V5A9CBZ98W4J0S7D82H0RBZ808P64E8WL0CGXDMZH2WE08RAUC3O8PG7G32H38U4X1IAM2028M302O7ZJI8O862VL18U5MZK083AJ5Q5AJSQG41VRFXD5K6075Q40DG03QH46M9323T20NT075N3T02822N69H5EAQS4Y880HW4YGN3T0F9C2H5LN6993M5T47V9UB5713X14584G7PHKTSY7N96G8I03T47PM75712J4', '-2147483628');
INSERT INTO `preference_area` VALUES ('22', 'Consectetur qui porro vitae incidunt.', '56R1C7IV5YTA294471QCG8KP7T100O43K3706OES2T9', 'IR7AP396Z65X389H7N3012DDEHE09J9U89FQ2W709F2ZUAQ9M120DEN3XS7D6MR2D99F4D9OMNQNW15H2S15W62B45945992G91P582J3GR9MG0RU8UIMIEH6QQ35R57MV4UW5CHW2149090LK52G18YDTKC3', '-2147483627');
INSERT INTO `preference_area` VALUES ('23', 'Provident blanditiis voluptas.', '6J67PLU5H', '23LSYQM0O4M788G610JF49J219AV93887RM8A056XH24PCVFUXY1RG1Z0MI0HH6U4JGZ', '-2147483626');
INSERT INTO `preference_area` VALUES ('24', 'Pariatur blanditiis dolore obcaecati.', 'A9W40SLHE33FU21861TG92D7R65BZ938V18Q1KC108V07WT8UBQEN7Q5Z87657', '85980LN015M9MW67434N92D91UQ7A2489U7439977', '-2147483625');
INSERT INTO `preference_area` VALUES ('25', 'Consectetur et dolore perspiciatis.', 'JM0TB72FK3NNDHQ7GM8CMW7E1O559IO', '9', '-2147483624');
INSERT INTO `preference_area` VALUES ('26', 'Cupiditate sit deleniti omnis quod.', 'N0LBK8AU5123GC6J55CW3ND0220LD4LOALBHM', 'W23ALK0FZN83HF1R3Y5UR2768NB970STX254V7E165ATD19', '-2147483623');
INSERT INTO `preference_area` VALUES ('27', 'Voluptatem et pariatur beatae.', 'Z4EEWD7L1P8J43A8T79W18FT7LUS17NQI5U7U315R1C1OFG791D7AH9AYG8', '2CKO49LBKEZBY5PU0FXG7PAD8J92996XAM92UX3A1C3OL24FNW3M9JS84J5EEEBE747XN0ZO7YQEN64Q7TQP0205PV20CI9VV372653V86OREGVXNI872R1BRYI2831OWUTZ5EC166G3DCEY31O467570474P049E6KABE3TI88W474TWTK48C42ZG24C947BGBVLO39G4610PP22H1P1LX275B567AC', '-2147483622');
INSERT INTO `preference_area` VALUES ('28', 'Praesentium repudiandae omnis dolores.', 'PWN5N0J4QTP8KIY8JE40', '0G7IFVS31Z34UX3IJU', '-2147483621');
INSERT INTO `preference_area` VALUES ('29', 'Vel alias quasi.', 'TCL55569XGC20W5991AR9248K8', 'F058RRE255S5THG7046R4I6W535ATGW', '-2147483620');
INSERT INTO `preference_area` VALUES ('30', 'Dolor explicabo saepe commodi ipsam.', 'M1P5WZ4C02VX632HCKV8IDDV96100GASC2', 'S0MAVCKSZ4XE54IQ7NP6IT18Z629GB7OHO1E36FE75SW114ISAGH2474476S60YV8DTK18VUGN38RFQSR1F9XHD6ZDHN6RUI68V0', '-2147483619');
INSERT INTO `preference_area` VALUES ('31', 'Sint delectus sunt consequatur qui.', 'Y345423GG5', 'U8VWSFVV8S51WVJR15LCGNDO84WSQ5114P5YCVZ3V199C25F8S5I7U8X4GRSI2PI512', '-2147483618');
INSERT INTO `preference_area` VALUES ('32', 'Et magnam nesciunt quam sed atque.', 'ZAPFC6D2VX4IUR2J450D615406MN9O224VU7FU4TFWQ2448FU', '506217J05Y4YDO3M32952J83428SC8TM6ZV41U264N82I9PB5VZ65U16MB9XXT8UN57VS8R61DKF3PIM605Y165JS8W7JLN7PZ59E055R232FBI767H4A3ESL1U7UKZ4SA9W8QWOEKO2627X89YT2E164207TV1EY9MYZXYGMY4A4I20SYT49US3VVP4M9XT5H33DR53K31K6EN021A09TS36Q7G089H83A7S15SV2J2J2S9KX32P23968I9XC9727025UP321NN9Q8VP4H4I57A8D93648HM14S3Y4WGN6O9RS2042W34491K6H9', '-2147483617');
INSERT INTO `preference_area` VALUES ('33', 'Et corrupti impedit est minus aut.', 'B649K080T1J3482UU2', 'HZT2DV393JOI40887O7NG3C6D4Z92U6PCT4YM8F87ZN937IC644EH834F2CL622W7I99310WX9RNCJ69545V83M1CR3I6IJL8CMN3381707401UI72V8ZBC4SLB02KQ59Q2FE4H76X7946CO8Q2C4H892VKY5MUH852T3LNZN56PHLPX4Q9UW2H23UH0OF6BV24NV38B320O7', '-2147483616');
INSERT INTO `preference_area` VALUES ('34', 'Officia et consequatur eaque.', '530PJ', '7J0K92G0OXM065LE05939140LF396K1Z6W56217', '-2147483615');
INSERT INTO `preference_area` VALUES ('35', 'Officiis eius placeat.', 'J3JX', '2YI2ZJDH3J0681N', '-2147483614');
INSERT INTO `preference_area` VALUES ('36', 'Illo culpa vel.', 'G3LUL6O0K9P3Z7D', '83Q3FDLN2BT334L6FF1D29NS662VUS5D9320XI4V4GVP3A413C97C41EAPC126FYV3M5A19', '-2147483613');

-- ----------------------------
-- Table structure for preference_area_project_relation
-- ----------------------------
DROP TABLE IF EXISTS `preference_area_project_relation`;
CREATE TABLE `preference_area_project_relation` (
  `id` bigint NOT NULL AUTO_INCREMENT,
  `product_id` bigint DEFAULT NULL,
  `preference_id` bigint DEFAULT NULL,
  PRIMARY KEY (`id`),
  KEY `FK_Reference_52` (`product_id`),
  KEY `FK_Reference_616` (`preference_id`),
  CONSTRAINT `FK_Reference_52` FOREIGN KEY (`product_id`) REFERENCES `product` (`id`) ON DELETE RESTRICT ON UPDATE RESTRICT,
  CONSTRAINT `FK_Reference_616` FOREIGN KEY (`preference_id`) REFERENCES `preference_area` (`id`) ON DELETE RESTRICT ON UPDATE RESTRICT
) ENGINE=InnoDB AUTO_INCREMENT=37 DEFAULT CHARSET=utf8mb4 COLLATE=utf8mb4_general_ci;

-- ----------------------------
-- Records of preference_area_project_relation
-- ----------------------------
INSERT INTO `preference_area_project_relation` VALUES ('1', '1', '1');
INSERT INTO `preference_area_project_relation` VALUES ('2', '2', '2');
INSERT INTO `preference_area_project_relation` VALUES ('3', '3', '3');
INSERT INTO `preference_area_project_relation` VALUES ('4', '4', '4');
INSERT INTO `preference_area_project_relation` VALUES ('5', '5', '5');
INSERT INTO `preference_area_project_relation` VALUES ('6', '6', '6');
INSERT INTO `preference_area_project_relation` VALUES ('7', '7', '7');
INSERT INTO `preference_area_project_relation` VALUES ('8', '8', '8');
INSERT INTO `preference_area_project_relation` VALUES ('9', '9', '9');
INSERT INTO `preference_area_project_relation` VALUES ('10', '10', '10');
INSERT INTO `preference_area_project_relation` VALUES ('11', '11', '11');
INSERT INTO `preference_area_project_relation` VALUES ('12', '12', '12');
INSERT INTO `preference_area_project_relation` VALUES ('13', '13', '13');
INSERT INTO `preference_area_project_relation` VALUES ('14', '14', '14');
INSERT INTO `preference_area_project_relation` VALUES ('15', '15', '15');
INSERT INTO `preference_area_project_relation` VALUES ('16', '16', '16');
INSERT INTO `preference_area_project_relation` VALUES ('17', '17', '17');
INSERT INTO `preference_area_project_relation` VALUES ('18', '18', '18');
INSERT INTO `preference_area_project_relation` VALUES ('19', '19', '19');
INSERT INTO `preference_area_project_relation` VALUES ('20', '20', '20');
INSERT INTO `preference_area_project_relation` VALUES ('21', '21', '21');
INSERT INTO `preference_area_project_relation` VALUES ('22', '22', '22');
INSERT INTO `preference_area_project_relation` VALUES ('23', '23', '23');
INSERT INTO `preference_area_project_relation` VALUES ('24', '24', '24');
INSERT INTO `preference_area_project_relation` VALUES ('25', '25', '25');
INSERT INTO `preference_area_project_relation` VALUES ('26', '26', '26');
INSERT INTO `preference_area_project_relation` VALUES ('27', '27', '27');
INSERT INTO `preference_area_project_relation` VALUES ('28', '28', '28');
INSERT INTO `preference_area_project_relation` VALUES ('29', '29', '29');
INSERT INTO `preference_area_project_relation` VALUES ('30', '30', '30');
INSERT INTO `preference_area_project_relation` VALUES ('31', '31', '31');
INSERT INTO `preference_area_project_relation` VALUES ('32', '32', '32');
INSERT INTO `preference_area_project_relation` VALUES ('33', '33', '33');
INSERT INTO `preference_area_project_relation` VALUES ('34', '34', '34');
INSERT INTO `preference_area_project_relation` VALUES ('35', '35', '35');
INSERT INTO `preference_area_project_relation` VALUES ('36', '36', '36');

-- ----------------------------
-- Table structure for prodcuct_category_attribute_relation
-- ----------------------------
DROP TABLE IF EXISTS `prodcuct_category_attribute_relation`;
CREATE TABLE `prodcuct_category_attribute_relation` (
  `id` bigint NOT NULL AUTO_INCREMENT,
  `product_category_id` bigint DEFAULT NULL,
  `attribute_id` bigint DEFAULT NULL,
  PRIMARY KEY (`id`),
  KEY `FK_Reference_613` (`product_category_id`),
  KEY `FK_Reference_712` (`attribute_id`),
  CONSTRAINT `FK_Reference_613` FOREIGN KEY (`product_category_id`) REFERENCES `product_category` (`id`) ON DELETE RESTRICT ON UPDATE RESTRICT,
  CONSTRAINT `FK_Reference_712` FOREIGN KEY (`attribute_id`) REFERENCES `product_attribute` (`id`) ON DELETE RESTRICT ON UPDATE RESTRICT
) ENGINE=InnoDB AUTO_INCREMENT=37 DEFAULT CHARSET=utf8mb4 COLLATE=utf8mb4_general_ci;

-- ----------------------------
-- Records of prodcuct_category_attribute_relation
-- ----------------------------
INSERT INTO `prodcuct_category_attribute_relation` VALUES ('1', '1', '1');
INSERT INTO `prodcuct_category_attribute_relation` VALUES ('2', '2', '2');
INSERT INTO `prodcuct_category_attribute_relation` VALUES ('3', '3', '3');
INSERT INTO `prodcuct_category_attribute_relation` VALUES ('4', '4', '4');
INSERT INTO `prodcuct_category_attribute_relation` VALUES ('5', '5', '5');
INSERT INTO `prodcuct_category_attribute_relation` VALUES ('6', '6', '6');
INSERT INTO `prodcuct_category_attribute_relation` VALUES ('7', '7', '7');
INSERT INTO `prodcuct_category_attribute_relation` VALUES ('8', '8', '8');
INSERT INTO `prodcuct_category_attribute_relation` VALUES ('9', '9', '9');
INSERT INTO `prodcuct_category_attribute_relation` VALUES ('10', '10', '10');
INSERT INTO `prodcuct_category_attribute_relation` VALUES ('11', '11', '11');
INSERT INTO `prodcuct_category_attribute_relation` VALUES ('12', '12', '12');
INSERT INTO `prodcuct_category_attribute_relation` VALUES ('13', '13', '13');
INSERT INTO `prodcuct_category_attribute_relation` VALUES ('14', '14', '14');
INSERT INTO `prodcuct_category_attribute_relation` VALUES ('15', '15', '15');
INSERT INTO `prodcuct_category_attribute_relation` VALUES ('16', '16', '16');
INSERT INTO `prodcuct_category_attribute_relation` VALUES ('17', '17', '17');
INSERT INTO `prodcuct_category_attribute_relation` VALUES ('18', '18', '18');
INSERT INTO `prodcuct_category_attribute_relation` VALUES ('19', '19', '19');
INSERT INTO `prodcuct_category_attribute_relation` VALUES ('20', '20', '20');
INSERT INTO `prodcuct_category_attribute_relation` VALUES ('21', '21', '21');
INSERT INTO `prodcuct_category_attribute_relation` VALUES ('22', '22', '22');
INSERT INTO `prodcuct_category_attribute_relation` VALUES ('23', '23', '23');
INSERT INTO `prodcuct_category_attribute_relation` VALUES ('24', '24', '24');
INSERT INTO `prodcuct_category_attribute_relation` VALUES ('25', '25', '25');
INSERT INTO `prodcuct_category_attribute_relation` VALUES ('26', '26', '26');
INSERT INTO `prodcuct_category_attribute_relation` VALUES ('27', '27', '27');
INSERT INTO `prodcuct_category_attribute_relation` VALUES ('28', '28', '28');
INSERT INTO `prodcuct_category_attribute_relation` VALUES ('29', '29', '29');
INSERT INTO `prodcuct_category_attribute_relation` VALUES ('30', '30', '30');
INSERT INTO `prodcuct_category_attribute_relation` VALUES ('31', '31', '31');
INSERT INTO `prodcuct_category_attribute_relation` VALUES ('32', '32', '32');
INSERT INTO `prodcuct_category_attribute_relation` VALUES ('33', '33', '33');
INSERT INTO `prodcuct_category_attribute_relation` VALUES ('34', '34', '34');
INSERT INTO `prodcuct_category_attribute_relation` VALUES ('35', '35', '35');
INSERT INTO `prodcuct_category_attribute_relation` VALUES ('36', '36', '36');

-- ----------------------------
-- Table structure for product
-- ----------------------------
DROP TABLE IF EXISTS `product`;
CREATE TABLE `product` (
  `id` bigint NOT NULL AUTO_INCREMENT,
  `name` varchar(200) DEFAULT NULL,
  `icon` varchar(1000) DEFAULT NULL,
  `product_category_id` bigint DEFAULT NULL,
  `product_attribute_category_id` bigint DEFAULT NULL,
  `brand_id` bigint DEFAULT NULL,
  `feight_template_id` bigint DEFAULT NULL,
  `price` decimal(10,2) DEFAULT NULL,
  `weight` decimal(10,2) DEFAULT NULL,
  `sort` int DEFAULT NULL,
  `sale` int DEFAULT NULL,
  `status` int DEFAULT NULL,
  PRIMARY KEY (`id`),
  KEY `FK_Reference_1311` (`brand_id`),
  KEY `FK_Reference_16` (`feight_template_id`),
  KEY `FK_Reference_413` (`product_attribute_category_id`),
  KEY `FK_Reference_517` (`product_category_id`),
  CONSTRAINT `FK_Reference_1311` FOREIGN KEY (`brand_id`) REFERENCES `brand` (`id`) ON DELETE RESTRICT ON UPDATE RESTRICT,
  CONSTRAINT `FK_Reference_16` FOREIGN KEY (`feight_template_id`) REFERENCES `feight_template` (`id`) ON DELETE RESTRICT ON UPDATE RESTRICT,
  CONSTRAINT `FK_Reference_413` FOREIGN KEY (`product_attribute_category_id`) REFERENCES `product_attribute_category` (`id`) ON DELETE RESTRICT ON UPDATE RESTRICT,
  CONSTRAINT `FK_Reference_517` FOREIGN KEY (`product_category_id`) REFERENCES `product_category` (`id`) ON DELETE RESTRICT ON UPDATE RESTRICT
) ENGINE=InnoDB AUTO_INCREMENT=37 DEFAULT CHARSET=utf8mb4 COLLATE=utf8mb4_general_ci;

-- ----------------------------
-- Records of product
-- ----------------------------
INSERT INTO `product` VALUES ('1', 'Comceivor', '9OK93F95Z0N67ZD7XJ6S9E85H45VTZ6B4NMJ1FG36DF0N735UU8E686PCQ0QYPS8Z58I6O1QO0SLWP80H1606UYGS94DB7KVC33DAI9C9RNF9CWX0M066C588V2V8H3QVT315F1GRX83X4NXU3099M9ORWLUP6IHQ08509O76P4E137GC7M466YTMM66F44PH4235PG7Y51629XY81F73FCNNIRF', '1', '1', '1', '1', '99.00', '2.00', '-2147483648', '-2147483648', '-2147483648');
INSERT INTO `product` VALUES ('2', 'Readwoofommer', '78FD1N58YDZ8X5P4B33GJ9RPO1509E15SBIO8MVVPHJ7AV88E2XU6K79P9M6E0X02IGS0CTBA0F1HWX8YPOKOF2N2PX491370866N09033FR797050UY0ZZH7N7C6H1W5OGH061W964210E1AT437966W50CWC71U19D84NSQ87DUI332ESV9R9583C88L12182HNY5ZC14C3MNH6TMGXXPG86MNK41IP11UW96626289732EY217AMZYX64DK2FM7M997C24FAH5206FH3NCQ198Y3I38XVPKMIBLGWM21F4TF34H64Q34O49LY4LM33MUYD1623G93X5T058W069409B8UG5845096900H56O998TXGNL7Y51QS7SM7JBP1F4Y8Y1GZ0X2U8B4F8PY0BLP733J179YAV3919Q18DE4UJ0F6EPS0A6G1QVOQ435A73V2', '2', '2', '1', '2', '100.00', '3.00', '-2147483647', '-2147483647', '-2147483647');
INSERT INTO `product` VALUES ('3', 'Retiner', '89LA89W3190VH', '3', '3', '2', '3', '101.00', '4.00', '-2147483646', '-2147483646', '-2147483646');
INSERT INTO `product` VALUES ('4', 'Comtellicar', 'W1BHFQ142A46FZ20JDMSKT80QEA9EWZRY161TYF8E4W43A6L6LY447ZSZP6QHHG7VP210K58X598AT41139FSV38369R3W96V9XCC8J9', '4', '4', '2', '4', '102.00', '5.00', '-2147483645', '-2147483645', '-2147483645');
INSERT INTO `product` VALUES ('5', 'Stereoplottonry', 'H15VM0H548EH5Q480B1TE6Y3K2497518I124H39TDQJU', '5', '5', '2', '5', '103.00', '6.00', '-2147483644', '-2147483644', '-2147483644');
INSERT INTO `product` VALUES ('6', 'Tabceivedgry', 'U80262611Q77XM4219216L6GCE9SRJQ9F382IIOH2718Y0R4ECHO54TK1YG7001U2KI9WN67HUNW72S3II1IS68EY8D272PV71Y6694Z9DKF54687D9D45W0O20U80TE8PG023YCT9FC4CI161T495EVV5C7W2S2PI7SA0925AOAM82', '6', '6', '2', '6', '104.00', '7.00', '-2147483643', '-2147483643', '-2147483643');
INSERT INTO `product` VALUES ('7', 'Stereocyclaquar', '4', '7', '7', '3', '7', '105.00', '8.00', '-2147483642', '-2147483642', '-2147483642');
INSERT INTO `product` VALUES ('8', 'Tabjectentor', '3Q1K15A297U44187EARG087K2PYJD7DEV9B6MYG50P24634O92O81A3K4QTR089E0OR53HB8M39U3O2EGI47ZUU22DDYMGV8VI1SJLM07HM94IWQG65N5IOE5733SXMJ7072GLZ1RHRRE75LZ1', '8', '8', '3', '8', '106.00', '9.00', '-2147483641', '-2147483641', '-2147483641');
INSERT INTO `product` VALUES ('9', 'Teculimor', 'C5144K2341B45UTES1RVUFI1UX9675FL8JSZ8OS49WL346CA76WQ9J9P6JS2XO3F77020BZ59G6190Z58020D4HT4E14YA080X45D21TKEM493N1WG9DL9O0OB91OJN23U719B21N4K6G59J4IMAKQ39XVYF5NMF3830500PD7OXN7XTDQZ1HSOVZXR6515MK99OY1VP809SR82N9M2EEW05B2Q4T236AMH1Z51SQA2G0O5598OJ7YM5HSR4215E90Y9B1828', '9', '9', '3', '9', '107.00', '10.00', '-2147483640', '-2147483640', '-2147483640');
INSERT INTO `product` VALUES ('10', 'Bimutridge', '5272U6', '10', '10', '4', '10', '108.00', '11.00', '-2147483639', '-2147483639', '-2147483639');
INSERT INTO `product` VALUES ('11', 'Moncordor', 'CXD', '11', '11', '4', '11', '109.00', '12.00', '-2147483638', '-2147483638', '-2147483638');
INSERT INTO `product` VALUES ('12', 'Speakcessscope', '8W67S6W4483C69YW0D7698A030V4Q18D14CO467OO89W628R46M4D54S2S35C7WVLH06R111Z099M92F5210ZKSU76M5Z', '12', '12', '4', '12', '110.00', '13.00', '-2147483637', '-2147483637', '-2147483637');
INSERT INTO `product` VALUES ('13', 'Transcular', 'OMJ5247O6F5470VQ095WQPV560OCP71197908EGK437R7K8S1F1ZE6PHIYG58P192W6T0F0AHWW853G8T1T3896N7XI214QE2168N0F496AN28ZH9REK0DY3Z297OWC8JK5JT2883WRZX2102M47CHK0WUX0563W6N15011JW747X6T0HB7QXV86F0CCX5R2EG70IR2PS731189B7MMA8496F5C04D47Q369T4IA1L84V57X5P694853Q9JRAE77', '13', '13', '4', '13', '111.00', '14.00', '-2147483636', '-2147483636', '-2147483636');
INSERT INTO `product` VALUES ('14', 'Retalet', '6J8317F3N052955W16NFX5NGRGH0K82668I9S5M8C63XI27WG743H6G7NP71K3Y7PJ01F3RTH62ZYS39D7KLBMB2C0OJGF2GN66IKP774S5133H6MR3J82XFJ24IO0N5V9G1205G44YY14BY7JP80JA2H9830B6ONY7U347HC2IG2227901XCVG40836', '14', '14', '4', '14', '112.00', '15.00', '-2147483635', '-2147483635', '-2147483635');
INSERT INTO `product` VALUES ('15', 'Comtopphone', '262ZYUV5HM284F8S1109C2V298ID19MC669390OAKN955T1BJA38281TAZ624K119GH8JU08J45DOH487II6VW795NEHJ4905ECU5ZZ2J18LVWO19NE39WA706X8OC488K6O98AS7NZ3K64NBON056FUI056979B191IQY9O40048953713C6Y0GUC2B7197XBG9H761335L0O15D4T9G6VS247LVCE3P56X91367J5C45D2GM5608NGA2INMRE0E408QIJE1V243YGPR81ZK6X57WB6L4927KZE2F8MW1M60E9S4Q7J2L9N874586522O47RUHROBYL5VQ7R7371YR477157KX67PTCGXG22Q6DYF1NM476Q6545Q373GY5R11R49MX3VQ793UI77KZ5HC59XATUN56WQ23890R9N50M3L8HSXT8X2MZZ50JI36MBI5ST36HVSBM7D68N564K53Y', '15', '15', '4', '15', '113.00', '16.00', '-2147483634', '-2147483634', '-2147483634');
INSERT INTO `product` VALUES ('16', 'Refindridge', '1JV5YS7WF579ER253TKYCBYG66768AAL5BH9A2VNQ158M7L155729M707R92L42FA7O9H', '16', '16', '5', '16', '114.00', '17.00', '-2147483633', '-2147483633', '-2147483633');
INSERT INTO `product` VALUES ('17', 'Supcyclopar', 'F3OMWYCE7I33801F38DXWWSZS8ZJ8GXCIHOA6W15R0H8G188K620FO1EEY7DRB9ZAJ6MU4WWD0767I3A7WPK0Y1EWZ060NW367GL2MF595HEXL11ZT0', '17', '17', '5', '17', '115.00', '18.00', '-2147483632', '-2147483632', '-2147483632');
INSERT INTO `product` VALUES ('18', 'Biculry', '89RXWB681Q', '18', '18', '6', '18', '116.00', '19.00', '-2147483631', '-2147483631', '-2147483631');
INSERT INTO `product` VALUES ('19', 'Cabplottra', '28W6I44I548GPWH5J1FB8010896885I02JWCBB921Z04NC5GI0N8EGY7KCUBDJI9R12G1FX1D50JQ9728JDZ931RN6988K3OI470CFW663QM8286BSB596S9E1AM5G81VKSS7LBRTR01Z448333Q5O126JODU37ZDX40DIFL0M848KBQ5K49', '19', '19', '7', '19', '117.00', '20.00', '-2147483630', '-2147483630', '-2147483630');
INSERT INTO `product` VALUES ('20', 'Armwoofer', '96WP73FC29VX9', '20', '20', '7', '20', '118.00', '21.00', '-2147483629', '-2147483629', '-2147483629');
INSERT INTO `product` VALUES ('21', 'Retaoper', 'AJ6KUH895VQRT5C6BAWK6D486YC', '21', '21', '7', '21', '119.00', '22.00', '-2147483628', '-2147483628', '-2147483628');
INSERT INTO `product` VALUES ('22', 'Armlery', '952DCMKER4E1QUD24Y99QJY1ON0F87O39S42XV71BGQ3KF', '22', '22', '7', '22', '120.00', '23.00', '-2147483627', '-2147483627', '-2147483627');
INSERT INTO `product` VALUES ('23', 'Monocyclgaor', 'RN7Z0147K6VNUWPCJ4UL3IZ0I2403BETF688O6', '23', '23', '7', '23', '121.00', '24.00', '-2147483626', '-2147483626', '-2147483626');
INSERT INTO `product` VALUES ('24', 'Playmutentor', 'IY0C66L50S2B4S7326CF66M406CAF644J54JF116DDG15Y882144WYZ8UXE3083788YXRTZ14', '24', '24', '8', '24', '122.00', '25.00', '-2147483625', '-2147483625', '-2147483625');
INSERT INTO `product` VALUES ('25', 'Micnilet', 'Z34XRK3V1THBZ5QCX0U18EGXT87O120D4V6SB7IXALXG06LMVY3618R43J6E0VQR8M9XN26784DANT7CJV3V1UX6XN8C04142H8N5G2E54CE9PGW81H4HZ8UJ8557Q94W16YI7G5EO69GZ99E767Q08PHOM3MBA5DL1PJTDL7BY4045TYY2562N86Q4Z0Y9CN860X0BD2JSP41JT208LA0DY652303OZCVW5FW2Z8T8VJ01RQ986B5E6719BU02J2E442', '25', '25', '9', '25', '123.00', '26.00', '-2147483624', '-2147483624', '-2147483624');
INSERT INTO `product` VALUES ('26', 'Printculscope', 'M22IEIH0X5YU17N18MQY25N4A00T29430AL46U792AYIKX4NK0FGK010R5E25HU4IT57FGF8C3WBSJ5Z9G62M0SDRKOFF136Z5E', '26', '26', '9', '26', '124.00', '27.00', '-2147483623', '-2147483623', '-2147483623');
INSERT INTO `product` VALUES ('27', 'Speaktinleter', '6548NDJ03QAT8V5K2QR7A1P48YL5D3B577666YB9957277523IGL2W1W6SHBATWD8LR967D043WD0N5ERVA48977PD9B34BN084KH25X439K5XW1S2JC4AGYB3X870T17DBE390S9NDVYQ04PBO87AJ0TN2FO35955I57OG6VUWDOS60666328E4LV2F65LR08Y76P538X4QN7C9MPOI2AX7A0N5HK53M2L9X9941C268UUI8OXSB9V78500EIOGCM1CC', '27', '27', '10', '27', '125.00', '28.00', '-2147483622', '-2147483622', '-2147483622');
INSERT INTO `product` VALUES ('28', 'Tetector', 'B1Z8CKPZ0RW7N37S2POEM3J4XD6DKM4I8863206VC35XCY16BFBPZ96O46VAE3G955I0Y4A9UWW8YH243G6N6B2YNLSSI5YU29Z6RK3R5V5REYE4U0J0L128W0139G9ZGDRBFE33VNFQT183D93Z4F4Z7W0P32JD6261BV', '28', '28', '10', '28', '126.00', '29.00', '-2147483621', '-2147483621', '-2147483621');
INSERT INTO `product` VALUES ('29', 'Ampwoofer', '86N739D0B8153G', '29', '29', '10', '29', '127.00', '30.00', '-2147483620', '-2147483620', '-2147483620');
INSERT INTO `product` VALUES ('30', 'Tweetceiver', '8659N8H68JSDVYYBH79OQNH28A29FW68P88LWK19CYQMT', '30', '30', '10', '30', '128.00', '31.00', '-2147483619', '-2147483619', '-2147483619');
INSERT INTO `product` VALUES ('31', 'Reculommar', '3MCOPS490V3Q13KNJUX77M1E1NV070E736JYIW2LO7197G34V9S36YRGPT9483B', '31', '31', '10', '31', '129.00', '32.00', '-2147483618', '-2147483618', '-2147483618');
INSERT INTO `product` VALUES ('32', 'Armcordar', 'H8W0C1933', '32', '32', '11', '32', '130.00', '33.00', '-2147483617', '-2147483617', '-2147483617');
INSERT INTO `product` VALUES ('33', 'Tableentor', '7LJ4JW35OBD8Y682Y5VY41MCXT', '33', '33', '11', '33', '131.00', '34.00', '-2147483616', '-2147483616', '-2147483616');
INSERT INTO `product` VALUES ('34', 'Readtopaquridge', '8901J29Q9N8UM51OEW6AL74F0WV9PY9H27QJZBE6CAE52L9CISFA0X1', '34', '34', '11', '34', '132.00', '35.00', '-2147483615', '-2147483615', '-2147483615');
INSERT INTO `product` VALUES ('35', 'Armfindgaridge', 'XBPXBTOI985K885GU4630QH7MX0IV6MB3W6T8GV602837504JLN3ZQE2QUPZ8B4H597JE19IE0TX84KB08ZRF7XJ5QFYNE246T5N', '35', '35', '12', '35', '133.00', '36.00', '-2147483614', '-2147483614', '-2147483614');
INSERT INTO `product` VALUES ('36', 'Readniedor', '4WT72JY3G5V15DIS19K92KI0L190JZ4YZR483H9GVES6848I62929QTI5095W1WYKT00Z1T0KFUDR1556R7RV442B0S2', '36', '36', '12', '36', '134.00', '37.00', '-2147483613', '-2147483613', '-2147483613');

-- ----------------------------
-- Table structure for product_attribute
-- ----------------------------
DROP TABLE IF EXISTS `product_attribute`;
CREATE TABLE `product_attribute` (
  `id` bigint NOT NULL AUTO_INCREMENT,
  `category_id` bigint DEFAULT NULL,
  `name` varchar(200) DEFAULT NULL,
  PRIMARY KEY (`id`),
  KEY `FK_Reference_333` (`category_id`),
  CONSTRAINT `FK_Reference_333` FOREIGN KEY (`category_id`) REFERENCES `product_attribute_category` (`id`) ON DELETE RESTRICT ON UPDATE RESTRICT
) ENGINE=InnoDB AUTO_INCREMENT=37 DEFAULT CHARSET=utf8mb4 COLLATE=utf8mb4_general_ci;

-- ----------------------------
-- Records of product_attribute
-- ----------------------------
INSERT INTO `product_attribute` VALUES ('1', '1', 'Monopickfiry');
INSERT INTO `product_attribute` VALUES ('2', '2', 'Suptellupry');
INSERT INTO `product_attribute` VALUES ('3', '3', 'Tabniator');
INSERT INTO `product_attribute` VALUES ('4', '4', 'Cleanplottgaator');
INSERT INTO `product_attribute` VALUES ('5', '5', 'Readplottridge');
INSERT INTO `product_attribute` VALUES ('6', '6', 'Armcordeder');
INSERT INTO `product_attribute` VALUES ('7', '7', 'Subtinentor');
INSERT INTO `product_attribute` VALUES ('8', '8', 'Printceivleter');
INSERT INTO `product_attribute` VALUES ('9', '9', 'Tweetholdletar');
INSERT INTO `product_attribute` VALUES ('10', '10', 'Stereolifiadar');
INSERT INTO `product_attribute` VALUES ('11', '11', 'Combandedger');
INSERT INTO `product_attribute` VALUES ('12', '12', 'Printholdar');
INSERT INTO `product_attribute` VALUES ('13', '13', 'Tabholdor');
INSERT INTO `product_attribute` VALUES ('14', '14', 'Amplictlet');
INSERT INTO `product_attribute` VALUES ('15', '15', 'Cabcorder');
INSERT INTO `product_attribute` VALUES ('16', '16', 'Bilictanlet');
INSERT INTO `product_attribute` VALUES ('17', '17', 'Retopscope');
INSERT INTO `product_attribute` VALUES ('18', '18', 'Connierar');
INSERT INTO `product_attribute` VALUES ('19', '19', 'Cleanniedgentor');
INSERT INTO `product_attribute` VALUES ('20', '20', 'Stereocordimry');
INSERT INTO `product_attribute` VALUES ('21', '21', 'Retellra');
INSERT INTO `product_attribute` VALUES ('22', '22', 'Bicorder');
INSERT INTO `product_attribute` VALUES ('23', '23', 'Conputor');
INSERT INTO `product_attribute` VALUES ('24', '24', 'Printlictra');
INSERT INTO `product_attribute` VALUES ('25', '25', 'Charputlet');
INSERT INTO `product_attribute` VALUES ('26', '26', 'Conputor');
INSERT INTO `product_attribute` VALUES ('27', '27', 'Tweetbandonscope');
INSERT INTO `product_attribute` VALUES ('28', '28', 'Transmutor');
INSERT INTO `product_attribute` VALUES ('29', '29', 'Amptopewentor');
INSERT INTO `product_attribute` VALUES ('30', '30', 'Monobandimor');
INSERT INTO `product_attribute` VALUES ('31', '31', 'Cartculollridge');
INSERT INTO `product_attribute` VALUES ('32', '32', 'Conculer');
INSERT INTO `product_attribute` VALUES ('33', '33', 'Cleantinry');
INSERT INTO `product_attribute` VALUES ('34', '34', 'Cartleimry');
INSERT INTO `product_attribute` VALUES ('35', '35', 'Bicessfientor');
INSERT INTO `product_attribute` VALUES ('36', '36', 'Readmutador');

-- ----------------------------
-- Table structure for product_attribute_category
-- ----------------------------
DROP TABLE IF EXISTS `product_attribute_category`;
CREATE TABLE `product_attribute_category` (
  `id` bigint NOT NULL AUTO_INCREMENT,
  `name` varchar(200) DEFAULT NULL,
  `attribute_count` int DEFAULT NULL,
  PRIMARY KEY (`id`)
) ENGINE=InnoDB AUTO_INCREMENT=37 DEFAULT CHARSET=utf8mb4 COLLATE=utf8mb4_general_ci;

-- ----------------------------
-- Records of product_attribute_category
-- ----------------------------
INSERT INTO `product_attribute_category` VALUES ('1', 'Computers', '-2147483648');
INSERT INTO `product_attribute_category` VALUES ('2', 'Health', '-2147483647');
INSERT INTO `product_attribute_category` VALUES ('3', 'Crafts', '-2147483646');
INSERT INTO `product_attribute_category` VALUES ('4', 'Accessories', '-2147483645');
INSERT INTO `product_attribute_category` VALUES ('5', 'Audible', '-2147483644');
INSERT INTO `product_attribute_category` VALUES ('6', 'Accessories', '-2147483643');
INSERT INTO `product_attribute_category` VALUES ('7', 'Pharmacy', '-2147483642');
INSERT INTO `product_attribute_category` VALUES ('8', 'Health', '-2147483641');
INSERT INTO `product_attribute_category` VALUES ('9', 'Toys', '-2147483640');
INSERT INTO `product_attribute_category` VALUES ('10', 'Office', '-2147483639');
INSERT INTO `product_attribute_category` VALUES ('11', 'Gifts', '-2147483638');
INSERT INTO `product_attribute_category` VALUES ('12', 'Garden', '-2147483637');
INSERT INTO `product_attribute_category` VALUES ('13', 'Sports', '-2147483636');
INSERT INTO `product_attribute_category` VALUES ('14', 'Electronics', '-2147483635');
INSERT INTO `product_attribute_category` VALUES ('15', 'Food', '-2147483634');
INSERT INTO `product_attribute_category` VALUES ('16', 'Sports', '-2147483633');
INSERT INTO `product_attribute_category` VALUES ('17', 'Outdoors', '-2147483632');
INSERT INTO `product_attribute_category` VALUES ('18', 'Food', '-2147483631');
INSERT INTO `product_attribute_category` VALUES ('19', 'Games', '-2147483630');
INSERT INTO `product_attribute_category` VALUES ('20', 'Office', '-2147483629');
INSERT INTO `product_attribute_category` VALUES ('21', 'Electronics', '-2147483628');
INSERT INTO `product_attribute_category` VALUES ('22', 'Shoes', '-2147483627');
INSERT INTO `product_attribute_category` VALUES ('23', 'Home', '-2147483626');
INSERT INTO `product_attribute_category` VALUES ('24', 'Computers', '-2147483625');
INSERT INTO `product_attribute_category` VALUES ('25', 'Automotive', '-2147483624');
INSERT INTO `product_attribute_category` VALUES ('26', 'Accessories', '-2147483623');
INSERT INTO `product_attribute_category` VALUES ('27', 'Furniture', '-2147483622');
INSERT INTO `product_attribute_category` VALUES ('28', 'Jewelry', '-2147483621');
INSERT INTO `product_attribute_category` VALUES ('29', 'Computers', '-2147483620');
INSERT INTO `product_attribute_category` VALUES ('30', 'Food', '-2147483619');
INSERT INTO `product_attribute_category` VALUES ('31', 'Garden', '-2147483618');
INSERT INTO `product_attribute_category` VALUES ('32', 'Outdoors', '-2147483617');
INSERT INTO `product_attribute_category` VALUES ('33', 'Food', '-2147483616');
INSERT INTO `product_attribute_category` VALUES ('34', 'Garden', '-2147483615');
INSERT INTO `product_attribute_category` VALUES ('35', 'Outdoors', '-2147483614');
INSERT INTO `product_attribute_category` VALUES ('36', 'Automotive', '-2147483613');

-- ----------------------------
-- Table structure for product_attribute_relation
-- ----------------------------
DROP TABLE IF EXISTS `product_attribute_relation`;
CREATE TABLE `product_attribute_relation` (
  `id` bigint NOT NULL AUTO_INCREMENT,
  `product_id` bigint DEFAULT NULL,
  `attribute_id` bigint DEFAULT NULL,
  PRIMARY KEY (`id`),
  KEY `FK_Reference_113` (`product_id`),
  KEY `FK_Reference_222` (`attribute_id`),
  CONSTRAINT `FK_Reference_113` FOREIGN KEY (`product_id`) REFERENCES `product` (`id`) ON DELETE RESTRICT ON UPDATE RESTRICT,
  CONSTRAINT `FK_Reference_222` FOREIGN KEY (`attribute_id`) REFERENCES `product_attribute` (`id`) ON DELETE RESTRICT ON UPDATE RESTRICT
) ENGINE=InnoDB AUTO_INCREMENT=37 DEFAULT CHARSET=utf8mb4 COLLATE=utf8mb4_general_ci;

-- ----------------------------
-- Records of product_attribute_relation
-- ----------------------------
INSERT INTO `product_attribute_relation` VALUES ('1', '1', '1');
INSERT INTO `product_attribute_relation` VALUES ('2', '2', '2');
INSERT INTO `product_attribute_relation` VALUES ('3', '3', '3');
INSERT INTO `product_attribute_relation` VALUES ('4', '4', '4');
INSERT INTO `product_attribute_relation` VALUES ('5', '5', '5');
INSERT INTO `product_attribute_relation` VALUES ('6', '6', '6');
INSERT INTO `product_attribute_relation` VALUES ('7', '7', '7');
INSERT INTO `product_attribute_relation` VALUES ('8', '8', '8');
INSERT INTO `product_attribute_relation` VALUES ('9', '9', '9');
INSERT INTO `product_attribute_relation` VALUES ('10', '10', '10');
INSERT INTO `product_attribute_relation` VALUES ('11', '11', '11');
INSERT INTO `product_attribute_relation` VALUES ('12', '12', '12');
INSERT INTO `product_attribute_relation` VALUES ('13', '13', '13');
INSERT INTO `product_attribute_relation` VALUES ('14', '14', '14');
INSERT INTO `product_attribute_relation` VALUES ('15', '15', '15');
INSERT INTO `product_attribute_relation` VALUES ('16', '16', '16');
INSERT INTO `product_attribute_relation` VALUES ('17', '17', '17');
INSERT INTO `product_attribute_relation` VALUES ('18', '18', '18');
INSERT INTO `product_attribute_relation` VALUES ('19', '19', '19');
INSERT INTO `product_attribute_relation` VALUES ('20', '20', '20');
INSERT INTO `product_attribute_relation` VALUES ('21', '21', '21');
INSERT INTO `product_attribute_relation` VALUES ('22', '22', '22');
INSERT INTO `product_attribute_relation` VALUES ('23', '23', '23');
INSERT INTO `product_attribute_relation` VALUES ('24', '24', '24');
INSERT INTO `product_attribute_relation` VALUES ('25', '25', '25');
INSERT INTO `product_attribute_relation` VALUES ('26', '26', '26');
INSERT INTO `product_attribute_relation` VALUES ('27', '27', '27');
INSERT INTO `product_attribute_relation` VALUES ('28', '28', '28');
INSERT INTO `product_attribute_relation` VALUES ('29', '29', '29');
INSERT INTO `product_attribute_relation` VALUES ('30', '30', '30');
INSERT INTO `product_attribute_relation` VALUES ('31', '31', '31');
INSERT INTO `product_attribute_relation` VALUES ('32', '32', '32');
INSERT INTO `product_attribute_relation` VALUES ('33', '33', '33');
INSERT INTO `product_attribute_relation` VALUES ('34', '34', '34');
INSERT INTO `product_attribute_relation` VALUES ('35', '35', '35');
INSERT INTO `product_attribute_relation` VALUES ('36', '36', '36');

-- ----------------------------
-- Table structure for product_category
-- ----------------------------
DROP TABLE IF EXISTS `product_category`;
CREATE TABLE `product_category` (
  `id` bigint NOT NULL AUTO_INCREMENT,
  `name` varchar(200) DEFAULT NULL,
  `parent_id` bigint DEFAULT NULL,
  `description` varchar(500) DEFAULT NULL,
  PRIMARY KEY (`id`),
  KEY `FK_Reference_72` (`parent_id`),
  CONSTRAINT `FK_Reference_72` FOREIGN KEY (`parent_id`) REFERENCES `product_category` (`id`) ON DELETE RESTRICT ON UPDATE RESTRICT
) ENGINE=InnoDB AUTO_INCREMENT=37 DEFAULT CHARSET=utf8mb4 COLLATE=utf8mb4_general_ci;

-- ----------------------------
-- Records of product_category
-- ----------------------------
INSERT INTO `product_category` VALUES ('1', 'Baby', '1', 'Velit vitae earum totam adipisci aut officia quo et. Necessitatibus natus accusamus dolorem amet expedita numquam et qui! Et ratione totam accusantium itaque architecto dolorem id voluptatem? Accusantium assumenda sed a quaerat voluptate officiis est placeat. Et ab eos non labore voluptatem excepturi in odit!');
INSERT INTO `product_category` VALUES ('2', 'Beauty', '2', 'Iste numquam nesciunt enim perferendis et dolorem et nisi.');
INSERT INTO `product_category` VALUES ('3', 'Jewelry', '3', 'Voluptas consequatur quibusdam ut quod architecto rem et quo. Aut eum nesciunt aliquam quisquam placeat et consectetur beatae. Libero sequi qui est porro excepturi quidem ut explicabo. Nesciunt natus suscipit laudantium optio reprehenderit voluptatibus et facilis! Tempore aperiam quasi aperiam molestias mollitia eos voluptatem suscipit...');
INSERT INTO `product_category` VALUES ('4', 'Music', '4', 'Quis magnam similique et sed incidunt quibusdam soluta. Quia vero nihil eligendi est esse optio expedita. Voluptatem eum recusandae. Magni minus soluta ipsum placeat aspernatur enim facilis! Sequi beatae sed quasi eligendi optio. Suscipit qui eius amet illum voluptatibus ad. Laborum aut cumque perferendis commodi animi. At architecto quo. Unde voluptas aut.');
INSERT INTO `product_category` VALUES ('5', 'Patio', '5', 'Minus voluptates quos dolores voluptate nam voluptatem deleniti facere. Non dolorem deserunt consequatur illum rerum porro consequatur ut. Asperiores cupiditate tenetur sed tempore culpa aut rerum distinctio; magnam excepturi accusamus illo qui illo nam cupiditate mollitia; ut odit quos facilis voluptatem repellendus nulla aut et.');
INSERT INTO `product_category` VALUES ('6', 'Furniture', '6', 'Nulla numquam ut unde voluptatem possimus delectus cupiditate mollitia. Id autem ab doloremque quas vitae sit hic dolor; cumque quis nesciunt doloremque facilis praesentium eum laboriosam veritatis. Distinctio ea numquam sapiente sit dolor et nisi sequi. Aut enim reprehenderit est recusandae totam ipsa autem blanditiis.');
INSERT INTO `product_category` VALUES ('7', 'Computers', '7', 'Quia incidunt reprehenderit velit sunt laborum optio deserunt aut.');
INSERT INTO `product_category` VALUES ('8', 'Jewelry', '8', 'Dolorem necessitatibus sint et. Et quia id provident dolor. Molestiae minima voluptatibus omnis ut omnis voluptatum consectetur. Et quia aspernatur ex vitae sapiente accusamus voluptatem quae! Et earum est voluptatem nam. Totam cumque omnis eius exercitationem repellat soluta excepturi hic. Possimus sed hic aperiam perferendis modi! Alias ratione incidunt. Est quod qui!');
INSERT INTO `product_category` VALUES ('9', 'Furniture', '9', 'Fugiat unde et quidem adipisci at nisi; suscipit esse qui et optio est similique voluptatem accusamus. Ullam magni in sint odit sint. Aliquid rerum velit maiores ut dolore rerum numquam. Illum velit laudantium voluptates vel non voluptas voluptatem? Voluptate sit distinctio qui ratione et non labore. Accusamus deserunt nemo. Unde vitae qui.');
INSERT INTO `product_category` VALUES ('10', 'Books', '10', 'Nemo velit odio sed nostrum ratione. Cum voluptatem ut non vitae sit dolor quia. Nihil facere mollitia voluptatem voluptas maxime doloribus neque! Repudiandae illo facere molestias culpa ipsum. Atque nisi et omnis aliquam? Dolorem mollitia odio quidem. Odit explicabo animi qui. Perferendis esse eligendi numquam quia iste ad necessitatibus.');
INSERT INTO `product_category` VALUES ('11', 'Patio', '11', 'Aut dolore enim qui pariatur repudiandae voluptatem tempore reiciendis. Expedita reprehenderit vel earum omnis. Id aut quibusdam eum amet saepe quia? Minus et sunt praesentium deleniti voluptate. Quia non et? Voluptatem harum quasi quis dignissimos reprehenderit vel at cum. Necessitatibus dolorem veritatis illum rem sit aut dolorum esse.');
INSERT INTO `product_category` VALUES ('12', 'Music', '12', 'Mollitia quibusdam facilis facere odit esse nam ex unde; neque accusantium quidem reiciendis impedit at illo ullam fuga.');
INSERT INTO `product_category` VALUES ('13', 'Clothing', '13', 'Non aut ut tempore iusto qui atque. Laboriosam dolorum repudiandae maxime iure numquam in! Non vero et ut; quidem omnis blanditiis sed asperiores ipsam est delectus similique. Et perspiciatis vero labore praesentium quam. Ut temporibus magni deleniti amet! Iusto est quisquam sed; ipsa beatae sit et inventore atque porro nulla est. Aut perferendis est.');
INSERT INTO `product_category` VALUES ('14', 'Pets', '14', 'Dolores repellat expedita similique ut quam sint dolorem dolores. Consectetur possimus expedita quasi itaque cupiditate velit et quod. Fugit tenetur recusandae doloribus animi accusantium pariatur molestiae minus. Itaque est unde provident qui at numquam et voluptas.');
INSERT INTO `product_category` VALUES ('15', 'Jewelry', '15', 'Sit qui aut fuga consectetur odio et. Facere officiis alias sunt quidem qui! Doloremque illo eius maiores nobis obcaecati sit eligendi minima. Voluptatum possimus consequatur ab itaque autem soluta placeat. Consequatur nihil tenetur amet! Laborum sed consectetur necessitatibus et accusamus. Saepe tempora deserunt. Distinctio rerum molestiae. Assumenda est quo! Ut et voluptatem.');
INSERT INTO `product_category` VALUES ('16', 'Garden', '16', 'Ratione non magni quam alias nobis incidunt quo pariatur.');
INSERT INTO `product_category` VALUES ('17', 'Sports', '17', 'Perferendis recusandae et. Ut consectetur sapiente deleniti et voluptas minima? Facilis quo aut vel. Veritatis dolorem saepe quos ad! Minima velit quaerat esse et esse architecto omnis iusto. Voluptatem tenetur laborum ipsum ut non quas ut dolorum. Animi ratione dolores dolore et repudiandae vel possimus excepturi.');
INSERT INTO `product_category` VALUES ('18', 'Health', '18', 'Tenetur et quia sunt. Molestias dolores doloribus aliquid ea omnis rem molestias? Quis cumque ratione laboriosam. Dignissimos esse quo illo. Doloremque enim aperiam voluptatibus necessitatibus ipsam nam; dolorum a laudantium; cupiditate et vel minima accusamus ipsa sunt voluptatibus beatae? Sit autem facilis cumque dolorum debitis id quia voluptatibus.');
INSERT INTO `product_category` VALUES ('19', 'Automotive', '19', 'Eos sint culpa sit eum odio. Illo natus tenetur voluptate temporibus est? Nostrum omnis sed; animi optio voluptatum a consequatur sint qui eveniet. Tempora quis nihil voluptates quasi sunt! Sunt minus in quam repellendus aliquid. Sequi aut dicta. Odio laboriosam facilis aut et ipsa et unde; culpa ut dolores in veritatis.');
INSERT INTO `product_category` VALUES ('20', 'Electronics', '20', 'Ea enim cumque eveniet atque nobis consequatur optio natus. Dignissimos autem magni illum placeat explicabo ipsum eligendi sapiente...');
INSERT INTO `product_category` VALUES ('21', 'Automotive', '21', 'Aliquid modi id itaque voluptates dolores quidem eos aut; perspiciatis et dicta excepturi placeat est aut odit alias.');
INSERT INTO `product_category` VALUES ('22', 'Health', '22', 'Atque unde consequatur mollitia libero explicabo veniam atque quam; aspernatur nostrum et mollitia eos. Est rerum dolor explicabo et sit aut! Et dolorum dolores qui molestiae. Pariatur iusto neque. Et voluptas reprehenderit ad possimus facere amet ut consequatur! Velit dignissimos enim esse autem aspernatur voluptas nobis similique.');
INSERT INTO `product_category` VALUES ('23', 'Games', '23', 'Ut voluptatem tempora alias aut molestiae ad consequuntur quisquam. Doloribus consequuntur quo recusandae quasi mollitia et ut facilis. Quas autem exercitationem est. Id animi odit. Consequatur sunt neque repellendus illum consectetur ipsum odit praesentium? Minus quod corrupti et optio voluptatem rerum laudantium! Aut illo libero. Qui deserunt porro. Ut non ut. Quidem consectetur sed.');
INSERT INTO `product_category` VALUES ('24', 'Jewelry', '24', 'Doloribus pariatur sit illum suscipit. Quos a totam autem officiis aut id eveniet. Impedit est nesciunt! Odio est sapiente ut natus ex. Ut dolor autem voluptas omnis magni non neque ut. Ducimus molestias veniam? Eos placeat voluptatem numquam incidunt aut consequatur repudiandae aut. Possimus accusamus perferendis et corporis necessitatibus ab aut unde.');
INSERT INTO `product_category` VALUES ('25', 'Office', '25', 'Unde qui est eos. Error et a odio vel porro. Repudiandae ea dolorum et vero magni repellat. Error pariatur amet quam reiciendis vero cum ipsa. Atque vero quod obcaecati consequuntur ea vero ipsam? Omnis non nihil. Asperiores perspiciatis consequatur sequi. Quisquam quasi quis. Fugit et eaque aliquam ratione vel placeat.');
INSERT INTO `product_category` VALUES ('26', 'Gifts', '26', 'Laudantium ut maiores nulla adipisci officiis nostrum nihil veniam.');
INSERT INTO `product_category` VALUES ('27', 'Books', '27', 'Eaque repellendus rerum aliquam qui iste. Eveniet quia maiores consequatur magnam ut sit aliquam esse; id et voluptas. Reprehenderit et ut libero dolorum quis sed aut voluptatum. Maiores quidem sit iste inventore labore veritatis quaerat modi. Assumenda reiciendis aut quasi ut rerum aut culpa alias.');
INSERT INTO `product_category` VALUES ('28', 'Computers', '28', 'Nobis voluptatibus aliquid. Voluptatem excepturi error consequatur ut illum culpa. Aut earum praesentium corrupti esse; rerum unde consequatur voluptatem asperiores qui et perspiciatis. Blanditiis magnam debitis numquam et praesentium eveniet molestiae nobis? Aut voluptatibus accusamus. Mollitia vel sit harum obcaecati ut autem neque est. Ipsum sunt ut earum iste.');
INSERT INTO `product_category` VALUES ('29', 'Office', '29', 'Optio doloremque in est iste et ratione; quia amet illum culpa nihil; sunt temporibus cum quaerat. Aut cupiditate reiciendis et dignissimos quam maxime unde. Maiores iusto aperiam molestiae maiores dolorem sint. Odit ab repellendus deserunt autem est in explicabo! Sed maiores et. Dolores omnis quod.');
INSERT INTO `product_category` VALUES ('30', 'Garden', '30', 'Porro sed excepturi sapiente. Reiciendis explicabo debitis. Quos voluptatibus est non iure. Et voluptas quidem. Aut et cum rem doloribus aliquam! Ipsam natus repudiandae laudantium. Non quis fugit debitis id eaque ipsa ex vel! Voluptatem illo sunt quis adipisci sit. Maxime provident et itaque reiciendis maiores. Laborum ratione qui eaque quia hic fugiat veniam...');
INSERT INTO `product_category` VALUES ('31', 'Tools', '31', 'Doloribus velit nulla repudiandae incidunt impedit reprehenderit sequi et.');
INSERT INTO `product_category` VALUES ('32', 'Audible', '32', 'Exercitationem beatae atque cumque laborum distinctio soluta consequatur recusandae. Dolorem dignissimos ea omnis odio est facere voluptatem voluptatum!');
INSERT INTO `product_category` VALUES ('33', 'Computers', '33', 'Aliquid odit non unde laboriosam. Voluptas quibusdam animi. Quia ipsum accusantium dolores nulla sit accusamus ut cumque? Provident et officiis ad fuga harum ipsa laboriosam consequuntur! Minima quia sunt ullam mollitia iusto qui tempora fugit. Et eos aliquam praesentium ab vero a doloremque nostrum.');
INSERT INTO `product_category` VALUES ('34', 'Pets', '34', 'Eaque impedit nobis voluptates maxime ut quia et doloribus. Quidem reprehenderit aut repellat animi iste sunt obcaecati iusto; eaque omnis commodi aut delectus ipsam qui dicta quibusdam. Aliquid est in iure quo nemo laboriosam enim totam; omnis ea qui vel debitis magnam sit repellendus est.');
INSERT INTO `product_category` VALUES ('35', 'Books', '35', 'Non cupiditate ut dolor nihil sed neque dolores enim. Quasi illo architecto distinctio sed eum vero velit necessitatibus.');
INSERT INTO `product_category` VALUES ('36', 'Pharmacy', '36', 'Quis nisi aspernatur dolores eveniet consectetur et vel pariatur. Quia culpa nam molestiae enim ipsa cum quibusdam excepturi. Laboriosam consequatur id dolores recusandae autem excepturi voluptas rem. Harum est aut ut alias nesciunt est autem ipsum. Quo quia provident voluptas ut id veritatis natus non!');

-- ----------------------------
-- Table structure for product_comment
-- ----------------------------
DROP TABLE IF EXISTS `product_comment`;
CREATE TABLE `product_comment` (
  `id` bigint NOT NULL AUTO_INCREMENT,
  `member_id` bigint DEFAULT NULL,
  `product_id` bigint DEFAULT NULL,
  `star` int DEFAULT NULL,
  `content` text,
  `create_time` datetime DEFAULT NULL,
  PRIMARY KEY (`id`),
  KEY `FK_Reference_1411` (`product_id`),
  CONSTRAINT `FK_Reference_1411` FOREIGN KEY (`product_id`) REFERENCES `product` (`id`) ON DELETE RESTRICT ON UPDATE RESTRICT
) ENGINE=InnoDB AUTO_INCREMENT=37 DEFAULT CHARSET=utf8mb4 COLLATE=utf8mb4_general_ci;

-- ----------------------------
-- Records of product_comment
-- ----------------------------
INSERT INTO `product_comment` VALUES ('1', '1', '1', '-2147483648', 'D7251BNVJQ6B0B50Y3KAEDZ592DVGQ0DO8505XY5ECYESSF3MZ9CWAZ3JP85C6KNSS949K9WIX325BUXV7ZFX88RDZ6Y4L871JU21M42954245591LO9WP9FM2662ZB61F74', '1970-01-01 00:00:01');
INSERT INTO `product_comment` VALUES ('2', '2', '2', '-2147483647', 'Y6JLJ1Z4RD447S34IW793FRJTP1L61N07S34NUKKB3GUAPA607HRDVAN24W8TJ1A45P3FY627K6195484UR6RK9C31IQ5L3EM1GGU97JA', '1970-01-02 00:00:01');
INSERT INTO `product_comment` VALUES ('3', '3', '3', '-2147483646', 'J2E428KT720QA3789Z331BBM2L8', '1970-01-03 00:00:01');
INSERT INTO `product_comment` VALUES ('4', '4', '4', '-2147483645', '2U2RI947IO7GQEF4Q69ZA320HH3GIJF69R7NC3', '1970-01-04 00:00:01');
INSERT INTO `product_comment` VALUES ('5', '5', '5', '-2147483644', 'NA00QUARPI038728OX4FZ95S33GWTV3VT6K75ETJSGT3672U9501LP68474P1BO6VBR7IX2DPNB3B865855F53U5WL7UR992A398K6TA09200B5T65Y48QEI9982BCT1LNDU93976S9A5I97R18T961LM2QXII6K09J2LJ0F5T0V7VX0', '1970-01-05 00:00:01');
INSERT INTO `product_comment` VALUES ('6', '6', '6', '-2147483643', '12Y5SVHQ16VLC4OILHB9L6445SSW94R2DB9029796658BT59KQ0P4803H4T1Y1RAOA', '1970-01-06 00:00:01');
INSERT INTO `product_comment` VALUES ('7', '7', '7', '-2147483642', '0UC4M47J5Q1', '1970-01-07 00:00:01');
INSERT INTO `product_comment` VALUES ('8', '8', '8', '-2147483641', 'HN1N3A12YA', '1970-01-08 00:00:01');
INSERT INTO `product_comment` VALUES ('9', '9', '9', '-2147483640', 'I4', '1970-01-09 00:00:01');
INSERT INTO `product_comment` VALUES ('10', '10', '10', '-2147483639', 'I3DJTOD57BFP552FURFJHAZ', '1970-01-10 00:00:01');
INSERT INTO `product_comment` VALUES ('11', '11', '11', '-2147483638', 'ATI', '1970-01-11 00:00:01');
INSERT INTO `product_comment` VALUES ('12', '12', '12', '-2147483637', '10UOU628RV6HM7K15Y398FS65I2B480O094QV2T8307R1964W8', '1970-01-12 00:00:01');
INSERT INTO `product_comment` VALUES ('13', '13', '13', '-2147483636', 'M96217ST556ZU1CRNOYG2UF1CE306522W6W66737EU3', '1970-01-13 00:00:01');
INSERT INTO `product_comment` VALUES ('14', '14', '14', '-2147483635', '2TO3C9MP2676Z1IUEQ93ZE8E3F6OACNO3L99QR255PCYBNS146P32NI143XEU7XZQA45JM7K366465N757UUHX9GA2345J7IH107WMM7082TMQHPE68PWF261L5293948I5330I8RO88DQ8UCGLI649Y', '1970-01-14 00:00:01');
INSERT INTO `product_comment` VALUES ('15', '15', '15', '-2147483634', 'GM0J5ZZVQ346A44E582SBUT2PFW7U6U4Z2XW04NX9C42Z8M03477VB05K1M733O3JS92D2FUGP4PW6JO963O3N2JG', '1970-01-15 00:00:01');
INSERT INTO `product_comment` VALUES ('16', '16', '16', '-2147483633', '392EH7F7890L8I518BE25AD8MGYIWO2HPN6F4GI87T15JG4IJ1UKU9S2F5836JZ6M2VSR3I6GDFBZC7Q34YPUR400057ZN7RJSU0D1J6TFHT421312R20F5', '1970-01-16 00:00:01');
INSERT INTO `product_comment` VALUES ('17', '17', '17', '-2147483632', '70VU00WW1IE1VIGDWJ6Q6352E200HS3189T2XZ1QYF850EDAR85V5U23G4R77FF11SN7LZ273458A6C89390028Q4Q306F3JGDH650XP7808IZD', '1970-01-17 00:00:01');
INSERT INTO `product_comment` VALUES ('18', '18', '18', '-2147483631', 'H5C9793K1HHM73LVHM0F259ZXDED75G95NI598UWA7I9E158H4IF618BGUJ91MAI61G44UUXR4870P', '1970-01-18 00:00:01');
INSERT INTO `product_comment` VALUES ('19', '19', '19', '-2147483630', 'FV6XMWD', '1970-01-19 00:00:01');
INSERT INTO `product_comment` VALUES ('20', '20', '20', '-2147483629', '44D87E062MHAGH8Q194545YTGZ3W56', '1970-01-20 00:00:01');
INSERT INTO `product_comment` VALUES ('21', '21', '21', '-2147483628', '595AV14GRC718V87YTT16EB2ZR3264G9K2D35O085LM7MC3M2W', '1970-01-21 00:00:01');
INSERT INTO `product_comment` VALUES ('22', '22', '22', '-2147483627', '1DQ4GVB98W82R919M22QO83092095LID37KYG26VL8ORVWR44I3321283T2R5X86N5HNB68V1SD28M3920D190H3TS784', '1970-01-22 00:00:01');
INSERT INTO `product_comment` VALUES ('23', '23', '23', '-2147483626', '18LWQ48T507KM', '1970-01-23 00:00:01');
INSERT INTO `product_comment` VALUES ('24', '24', '24', '-2147483625', 'GL68T7LSXLZ0C', '1970-01-24 00:00:01');
INSERT INTO `product_comment` VALUES ('25', '25', '25', '-2147483624', 'UQXA1RZ217EVNHJEZQ5JLTJE808LDVU07RK65T56245TQN897J4LG', '1970-01-25 00:00:01');
INSERT INTO `product_comment` VALUES ('26', '26', '26', '-2147483623', 'C18R7V2M1YSS6F4GD84LS2Q77B4I98SV60X6KW741H176KBA1LEE3088G4I6JRN8TS86M85865Q7SG61', '1970-01-26 00:00:01');
INSERT INTO `product_comment` VALUES ('27', '27', '27', '-2147483622', '1D11CXTJO3', '1970-01-27 00:00:01');
INSERT INTO `product_comment` VALUES ('28', '28', '28', '-2147483621', 'V7LI56Z5C4L3VI0KX6Q77Y3XH144097RVK3W7350FPCY8OQ0H33012EI1N1D70A5QUYT19461P4VG026SOD6U4ZBODEN3Y713L1NYLAI3CL5415WJ89FQ31KZ139J91B4VV004426WSDLQJU4F2', '1970-01-28 00:00:01');
INSERT INTO `product_comment` VALUES ('29', '29', '29', '-2147483620', 'SH3169GS7808O145JMASERWKI4G3X37K9Y4O6Z7B3U8XW2XQ51162', '1970-01-29 00:00:01');
INSERT INTO `product_comment` VALUES ('30', '30', '30', '-2147483619', '5FH5O5YRQ4TJ3TIOR5827N3E8THJUI00YN0A2ZSH4691UO9M3UNGJ697IUMY4CH8AJT2V8U4345DVQR9M88338R1', '1970-01-30 00:00:01');
INSERT INTO `product_comment` VALUES ('31', '31', '31', '-2147483618', 'VANB636N1230P8162GSXA2J26909M7FH1A2CI5U070ZIFPDK9A9ZBJ26KHG61U419849J8E0LQ', '1970-01-31 00:00:01');
INSERT INTO `product_comment` VALUES ('32', '32', '32', '-2147483617', '351849YDDORU9303X5EQ1NS1GDBRQ1U6OMK3CV55E8M', '1970-02-01 00:00:01');
INSERT INTO `product_comment` VALUES ('33', '33', '33', '-2147483616', 'AN02HYF882Y8WQFIO', '1970-02-02 00:00:01');
INSERT INTO `product_comment` VALUES ('34', '34', '34', '-2147483615', 'D60', '1970-02-03 00:00:01');
INSERT INTO `product_comment` VALUES ('35', '35', '35', '-2147483614', 'U997DUQKI8', '1970-02-04 00:00:01');
INSERT INTO `product_comment` VALUES ('36', '36', '36', '-2147483613', 'XDN0J79GS563MB10XF48960U1E5TQ24CCC7XCKLA1Q9Z8LV95FC904CP4X849QPY7F457T4W139P9DZN045N203327055C13GGCOF5GTK067926A642TBH3HK', '1970-02-05 00:00:01');

-- ----------------------------
-- Table structure for product_full_reduction
-- ----------------------------
DROP TABLE IF EXISTS `product_full_reduction`;
CREATE TABLE `product_full_reduction` (
  `id` bigint NOT NULL AUTO_INCREMENT,
  `product_id` bigint DEFAULT NULL,
  `full_price` decimal(10,2) DEFAULT NULL,
  `reduce_price` decimal(10,2) DEFAULT NULL,
  PRIMARY KEY (`id`),
  KEY `FK_Reference_12` (`product_id`),
  CONSTRAINT `FK_Reference_12` FOREIGN KEY (`product_id`) REFERENCES `product` (`id`) ON DELETE RESTRICT ON UPDATE RESTRICT
) ENGINE=InnoDB AUTO_INCREMENT=37 DEFAULT CHARSET=utf8mb4 COLLATE=utf8mb4_general_ci;

-- ----------------------------
-- Records of product_full_reduction
-- ----------------------------
INSERT INTO `product_full_reduction` VALUES ('1', '1', '99.00', '99.00');
INSERT INTO `product_full_reduction` VALUES ('2', '2', '100.00', '100.00');
INSERT INTO `product_full_reduction` VALUES ('3', '3', '101.00', '101.00');
INSERT INTO `product_full_reduction` VALUES ('4', '4', '102.00', '102.00');
INSERT INTO `product_full_reduction` VALUES ('5', '5', '103.00', '103.00');
INSERT INTO `product_full_reduction` VALUES ('6', '6', '104.00', '104.00');
INSERT INTO `product_full_reduction` VALUES ('7', '7', '105.00', '105.00');
INSERT INTO `product_full_reduction` VALUES ('8', '8', '106.00', '106.00');
INSERT INTO `product_full_reduction` VALUES ('9', '9', '107.00', '107.00');
INSERT INTO `product_full_reduction` VALUES ('10', '10', '108.00', '108.00');
INSERT INTO `product_full_reduction` VALUES ('11', '11', '109.00', '109.00');
INSERT INTO `product_full_reduction` VALUES ('12', '12', '110.00', '110.00');
INSERT INTO `product_full_reduction` VALUES ('13', '13', '111.00', '111.00');
INSERT INTO `product_full_reduction` VALUES ('14', '14', '112.00', '112.00');
INSERT INTO `product_full_reduction` VALUES ('15', '15', '113.00', '113.00');
INSERT INTO `product_full_reduction` VALUES ('16', '16', '114.00', '114.00');
INSERT INTO `product_full_reduction` VALUES ('17', '17', '115.00', '115.00');
INSERT INTO `product_full_reduction` VALUES ('18', '18', '116.00', '116.00');
INSERT INTO `product_full_reduction` VALUES ('19', '19', '117.00', '117.00');
INSERT INTO `product_full_reduction` VALUES ('20', '20', '118.00', '118.00');
INSERT INTO `product_full_reduction` VALUES ('21', '21', '119.00', '119.00');
INSERT INTO `product_full_reduction` VALUES ('22', '22', '120.00', '120.00');
INSERT INTO `product_full_reduction` VALUES ('23', '23', '121.00', '121.00');
INSERT INTO `product_full_reduction` VALUES ('24', '24', '122.00', '122.00');
INSERT INTO `product_full_reduction` VALUES ('25', '25', '123.00', '123.00');
INSERT INTO `product_full_reduction` VALUES ('26', '26', '124.00', '124.00');
INSERT INTO `product_full_reduction` VALUES ('27', '27', '125.00', '125.00');
INSERT INTO `product_full_reduction` VALUES ('28', '28', '126.00', '126.00');
INSERT INTO `product_full_reduction` VALUES ('29', '29', '127.00', '127.00');
INSERT INTO `product_full_reduction` VALUES ('30', '30', '128.00', '128.00');
INSERT INTO `product_full_reduction` VALUES ('31', '31', '129.00', '129.00');
INSERT INTO `product_full_reduction` VALUES ('32', '32', '130.00', '130.00');
INSERT INTO `product_full_reduction` VALUES ('33', '33', '131.00', '131.00');
INSERT INTO `product_full_reduction` VALUES ('34', '34', '132.00', '132.00');
INSERT INTO `product_full_reduction` VALUES ('35', '35', '133.00', '133.00');
INSERT INTO `product_full_reduction` VALUES ('36', '36', '134.00', '134.00');

-- ----------------------------
-- Table structure for product_ladder
-- ----------------------------
DROP TABLE IF EXISTS `product_ladder`;
CREATE TABLE `product_ladder` (
  `id` bigint NOT NULL AUTO_INCREMENT,
  `product_id` bigint DEFAULT NULL,
  `count` int DEFAULT NULL,
  `discount` decimal(10,2) DEFAULT NULL,
  `price` decimal(10,2) DEFAULT NULL,
  PRIMARY KEY (`id`),
  KEY `FK_Reference_11` (`product_id`),
  CONSTRAINT `FK_Reference_11` FOREIGN KEY (`product_id`) REFERENCES `product` (`id`) ON DELETE RESTRICT ON UPDATE RESTRICT
) ENGINE=InnoDB AUTO_INCREMENT=37 DEFAULT CHARSET=utf8mb4 COLLATE=utf8mb4_general_ci;

-- ----------------------------
-- Records of product_ladder
-- ----------------------------
INSERT INTO `product_ladder` VALUES ('1', '1', '-2147483648', '-99999999.00', '99.00');
INSERT INTO `product_ladder` VALUES ('2', '2', '-2147483647', '-99999998.00', '100.00');
INSERT INTO `product_ladder` VALUES ('3', '3', '-2147483646', '-99999997.00', '101.00');
INSERT INTO `product_ladder` VALUES ('4', '4', '-2147483645', '-99999996.00', '102.00');
INSERT INTO `product_ladder` VALUES ('5', '5', '-2147483644', '-99999995.00', '103.00');
INSERT INTO `product_ladder` VALUES ('6', '6', '-2147483643', '-99999994.00', '104.00');
INSERT INTO `product_ladder` VALUES ('7', '7', '-2147483642', '-99999993.00', '105.00');
INSERT INTO `product_ladder` VALUES ('8', '8', '-2147483641', '-99999992.00', '106.00');
INSERT INTO `product_ladder` VALUES ('9', '9', '-2147483640', '-99999991.00', '107.00');
INSERT INTO `product_ladder` VALUES ('10', '10', '-2147483639', '-99999990.00', '108.00');
INSERT INTO `product_ladder` VALUES ('11', '11', '-2147483638', '-99999989.00', '109.00');
INSERT INTO `product_ladder` VALUES ('12', '12', '-2147483637', '-99999988.00', '110.00');
INSERT INTO `product_ladder` VALUES ('13', '13', '-2147483636', '-99999987.00', '111.00');
INSERT INTO `product_ladder` VALUES ('14', '14', '-2147483635', '-99999986.00', '112.00');
INSERT INTO `product_ladder` VALUES ('15', '15', '-2147483634', '-99999985.00', '113.00');
INSERT INTO `product_ladder` VALUES ('16', '16', '-2147483633', '-99999984.00', '114.00');
INSERT INTO `product_ladder` VALUES ('17', '17', '-2147483632', '-99999983.00', '115.00');
INSERT INTO `product_ladder` VALUES ('18', '18', '-2147483631', '-99999982.00', '116.00');
INSERT INTO `product_ladder` VALUES ('19', '19', '-2147483630', '-99999981.00', '117.00');
INSERT INTO `product_ladder` VALUES ('20', '20', '-2147483629', '-99999980.00', '118.00');
INSERT INTO `product_ladder` VALUES ('21', '21', '-2147483628', '-99999979.00', '119.00');
INSERT INTO `product_ladder` VALUES ('22', '22', '-2147483627', '-99999978.00', '120.00');
INSERT INTO `product_ladder` VALUES ('23', '23', '-2147483626', '-99999977.00', '121.00');
INSERT INTO `product_ladder` VALUES ('24', '24', '-2147483625', '-99999976.00', '122.00');
INSERT INTO `product_ladder` VALUES ('25', '25', '-2147483624', '-99999975.00', '123.00');
INSERT INTO `product_ladder` VALUES ('26', '26', '-2147483623', '-99999974.00', '124.00');
INSERT INTO `product_ladder` VALUES ('27', '27', '-2147483622', '-99999973.00', '125.00');
INSERT INTO `product_ladder` VALUES ('28', '28', '-2147483621', '-99999972.00', '126.00');
INSERT INTO `product_ladder` VALUES ('29', '29', '-2147483620', '-99999971.00', '127.00');
INSERT INTO `product_ladder` VALUES ('30', '30', '-2147483619', '-99999970.00', '128.00');
INSERT INTO `product_ladder` VALUES ('31', '31', '-2147483618', '-99999969.00', '129.00');
INSERT INTO `product_ladder` VALUES ('32', '32', '-2147483617', '-99999968.00', '130.00');
INSERT INTO `product_ladder` VALUES ('33', '33', '-2147483616', '-99999967.00', '131.00');
INSERT INTO `product_ladder` VALUES ('34', '34', '-2147483615', '-99999966.00', '132.00');
INSERT INTO `product_ladder` VALUES ('35', '35', '-2147483614', '-99999965.00', '133.00');
INSERT INTO `product_ladder` VALUES ('36', '36', '-2147483613', '-99999964.00', '134.00');

-- ----------------------------
-- Table structure for product_operate_log
-- ----------------------------
DROP TABLE IF EXISTS `product_operate_log`;
CREATE TABLE `product_operate_log` (
  `id` bigint NOT NULL AUTO_INCREMENT,
  `product_id` bigint DEFAULT NULL,
  `operate_man` varchar(200) DEFAULT NULL,
  `create_time` datetime DEFAULT NULL,
  PRIMARY KEY (`id`),
  KEY `FK_Reference_10` (`product_id`),
  CONSTRAINT `FK_Reference_10` FOREIGN KEY (`product_id`) REFERENCES `product` (`id`) ON DELETE RESTRICT ON UPDATE RESTRICT
) ENGINE=InnoDB AUTO_INCREMENT=37 DEFAULT CHARSET=utf8mb4 COLLATE=utf8mb4_general_ci;

-- ----------------------------
-- Records of product_operate_log
-- ----------------------------
INSERT INTO `product_operate_log` VALUES ('1', '1', 'D1ZJ9L0TRV9YYQY5P2GD61838H98645897', '1970-01-01 00:00:01');
INSERT INTO `product_operate_log` VALUES ('2', '2', 'SJ0J619FT4AHQ9EQU6295J4OI9U5LUYNTZ71HXA6ITF0W2V9NI68TXO1AI38ZYOX5099TN5052LAIQA7IY944XF5B1Q0MXL8T2151L63J4N0ZTMJ8D1GH402VX4Y689X1D9OGRK3ZV94UUWMWXK5Y6T6W15Z726H4569DO2I9NX9FRBQ1LW49YA43OZ0PYPN4J7XSPJ0', '1970-01-02 00:00:01');
INSERT INTO `product_operate_log` VALUES ('3', '3', 'QY0C81U1L6H6Y9CL27ES1NK03642K6GQ6376SDE5B910A6FWN6QQZWK92H3XLGL3Y8OYJPZFE184ZJJ40C0Q3ZPB3WZ7UQUA2YWO2O1IFS8O0I5J94OKEA828UP', '1970-01-03 00:00:01');
INSERT INTO `product_operate_log` VALUES ('4', '4', '8935BYJ357O08JK2', '1970-01-04 00:00:01');
INSERT INTO `product_operate_log` VALUES ('5', '5', '053X3IS07L1DEAV38U70P273GA6A64L02I609I4', '1970-01-05 00:00:01');
INSERT INTO `product_operate_log` VALUES ('6', '6', '768348H3L12P2BG462YX9E7T2612', '1970-01-06 00:00:01');
INSERT INTO `product_operate_log` VALUES ('7', '7', '46YG3483496TYE6L4G746279DY3K6XNLLEWXYG137TJWPBZQ7N0FAQPX6LXC6AYXF9ADXP0FKJBF7D8754AMMVRE99ZC2PBV4QA8PS3X5I142W987F66T0P72H', '1970-01-07 00:00:01');
INSERT INTO `product_operate_log` VALUES ('8', '8', 'KBPS8OT63AIC069NF6231L7S0GI7B2W0MX27OW712198N926V2DL493557P5806J5AM096', '1970-01-08 00:00:01');
INSERT INTO `product_operate_log` VALUES ('9', '9', 'NJ6O', '1970-01-09 00:00:01');
INSERT INTO `product_operate_log` VALUES ('10', '10', 'B211K8EUL6F6R381MZ2PZP6039KT29E5YJ4E9G96K87GR96EO7B8KUD5', '1970-01-10 00:00:01');
INSERT INTO `product_operate_log` VALUES ('11', '11', 'Y6B2WJPNKGYAG4X50FRH6U8EN2GY3C4UNEOM53RI3O30319KGVL8R8Y93GE9AT871Y292O8EJW5WE78S6QQ72596UC6Q0VW738TJS45LT57K597YY47015H3HHK1H33ZU4N7289PYG9O5UT21V27F8419UO2LW3V', '1970-01-11 00:00:01');
INSERT INTO `product_operate_log` VALUES ('12', '12', 'BM6VY79Y139C26DBU2X7LDP9VVU11X0O7L4FHWY87YVIR2A5TV9BJI556P71G14X8', '1970-01-12 00:00:01');
INSERT INTO `product_operate_log` VALUES ('13', '13', '055HPKP3L4WKGOU60H', '1970-01-13 00:00:01');
INSERT INTO `product_operate_log` VALUES ('14', '14', '84A48S6XP', '1970-01-14 00:00:01');
INSERT INTO `product_operate_log` VALUES ('15', '15', '3X3X22O247UE4V5Y7OKB37SS68V8572V08', '1970-01-15 00:00:01');
INSERT INTO `product_operate_log` VALUES ('16', '16', 'IR73122G0TID431234LM7Y0STIYW7N9G571F7S7KFP6LR16O8H28ZD1O48', '1970-01-16 00:00:01');
INSERT INTO `product_operate_log` VALUES ('17', '17', '2712T9', '1970-01-17 00:00:01');
INSERT INTO `product_operate_log` VALUES ('18', '18', 'JR7CV9788P4', '1970-01-18 00:00:01');
INSERT INTO `product_operate_log` VALUES ('19', '19', 'KN8W9EYYF423P25B5096EMM974059Z401WH21F6T4SF3ARO', '1970-01-19 00:00:01');
INSERT INTO `product_operate_log` VALUES ('20', '20', 'B4HY37045BA40U3X89U7K75OD9GD27YU395NBG672176FIG0C27FDN1R249QK01E2459279WDM', '1970-01-20 00:00:01');
INSERT INTO `product_operate_log` VALUES ('21', '21', 'C7S78SQ5A7OY25F72133YXW3I0Z89969WP9Z2932Z33991D6UM5Y42S7S3I3WV30K1HB55929L00AD65X852RTYM5E76P8C88F01166RWW152GB9316NB051R3A38K1CD4RWBC6J4W6C2S96T3PU90Y9TR7K8B21974OF7XB1ZS894VC4CB08D1', '1970-01-21 00:00:01');
INSERT INTO `product_operate_log` VALUES ('22', '22', 'N6I09ZETNG586NLKY8WE9WC4DVIL6ULSQ7R321WEKTSZ5XNT02H3L7K2KI51851', '1970-01-22 00:00:01');
INSERT INTO `product_operate_log` VALUES ('23', '23', 'WY3BJ5413G219KZ5RB4C47QEL979186V5CMU6FYK2C4SEP21A5290RJU713T0Q3LO3O54K5Y2WM7K1441A8UARKX9701BE9VIXY5', '1970-01-23 00:00:01');
INSERT INTO `product_operate_log` VALUES ('24', '24', '013GV54WG848YMZD8HRJL337998W4JVS8739J916IBZR971853XLPUOFP39T24P71E', '1970-01-24 00:00:01');
INSERT INTO `product_operate_log` VALUES ('25', '25', 'BF81V93B24J0AX3ULYOZMF81XXQ56ZZIAGI2QHI68X6R794WB2LGAV4316NZ39649M4L6894RT2YC22800LYJISB3C0PVT', '1970-01-25 00:00:01');
INSERT INTO `product_operate_log` VALUES ('26', '26', 'A2LJ6F63R62268F7WC3250107391BQ3LX720FIAE9DXKK5JQI43B345YT6C2Y', '1970-01-26 00:00:01');
INSERT INTO `product_operate_log` VALUES ('27', '27', 'OQ1LC2FOU98TH0805D8B52Q1509BLS0X7K2QP2XY8', '1970-01-27 00:00:01');
INSERT INTO `product_operate_log` VALUES ('28', '28', '7ADG7CZ9CMU5BGT31LVI002E8MW0AMDXS6B65F76YOG11B27100JPG9EG01IH3Z4N0KP9125T4ZZF5A6P81KWT801BHC15VLRM50550EW5R12841CB3N11J94RE1G3HG3TTA7L911CGN45S2Y', '1970-01-28 00:00:01');
INSERT INTO `product_operate_log` VALUES ('29', '29', 'ULU5430043ER6E8P72RF02SIXJ24SN34X', '1970-01-29 00:00:01');
INSERT INTO `product_operate_log` VALUES ('30', '30', 'N5V89XA6OCVU6JP2L4V3081DDC3118G242Q6PR7T143R7NHM5N11S87S45JNS1E7MP9E11VDZK0APL0', '1970-01-30 00:00:01');
INSERT INTO `product_operate_log` VALUES ('31', '31', '51Q3435F2K1XA72PT7678D1ESJ17BW38H78DCX2S60568JF9JPV2D95T8FVSD8Q4BD36784L0524SJL2MR0BRLI19J3S9T7TA8E4Y987877U9R9389', '1970-01-31 00:00:01');
INSERT INTO `product_operate_log` VALUES ('32', '32', '77GS4AOP64O09IQX5703R75G2G', '1970-02-01 00:00:01');
INSERT INTO `product_operate_log` VALUES ('33', '33', '4O3H5WZWVOHAH43102VI24VZ54ZM0QNO', '1970-02-02 00:00:01');
INSERT INTO `product_operate_log` VALUES ('34', '34', 'ZP63M41200827ZDT24TU07LRS9L8Q2A9097SUD2T75BGSK58770M', '1970-02-03 00:00:01');
INSERT INTO `product_operate_log` VALUES ('35', '35', 'O1', '1970-02-04 00:00:01');
INSERT INTO `product_operate_log` VALUES ('36', '36', 'W215SS9R6UB9793OWJRVH5PTRC6Z70IR9EHHSAX1VEMQYAQSW8OWZ4JNQ25TX38GA71QH36DP223XVL4J3IN7K181VL5BR192PM2WC3PVL910OK9234PXH1517', '1970-02-05 00:00:01');

-- ----------------------------
-- Table structure for product_sku_stock
-- ----------------------------
DROP TABLE IF EXISTS `product_sku_stock`;
CREATE TABLE `product_sku_stock` (
  `id` bigint NOT NULL AUTO_INCREMENT,
  `product_id` bigint DEFAULT NULL,
  `sku_code` varchar(100) DEFAULT NULL,
  `price` decimal(10,2) DEFAULT NULL,
  `icon` varchar(1000) DEFAULT NULL,
  `sale` int DEFAULT NULL,
  `stock` int DEFAULT NULL,
  `low_stock` int DEFAULT NULL,
  `lock_stock` int DEFAULT NULL,
  PRIMARY KEY (`id`),
  KEY `FK_Reference_812` (`product_id`),
  CONSTRAINT `FK_Reference_812` FOREIGN KEY (`product_id`) REFERENCES `product` (`id`) ON DELETE RESTRICT ON UPDATE RESTRICT
) ENGINE=InnoDB AUTO_INCREMENT=37 DEFAULT CHARSET=utf8mb4 COLLATE=utf8mb4_general_ci;

-- ----------------------------
-- Records of product_sku_stock
-- ----------------------------
INSERT INTO `product_sku_stock` VALUES ('1', '1', 'OVS663Z1897U', '99.00', '824C9E2ZCH1916U3C8XZ41X27B78ZRB2673400R6Z3444WI2Z8W96YO1CP51712686D0PQ8VH119V63AF9TF0C1P379V0D509TC43OR5P2AFI0CJCHJ15Y7NT6L8T3T2Q013XMAD2DORE9JJE239', '-2147483648', '-2147483648', '-2147483648', '-2147483648');
INSERT INTO `product_sku_stock` VALUES ('2', '2', '3IA622LXU18Y582V6TC4760WP3478R9UHA4HM7UXLX19U6F735B8953RFW77HJ0P0JW1O0OF13IOQ527671JVDLQ46872X52F557', '100.00', 'EJL9VKDWJL3743A982W5H1328JNX215RUYPKW7928O7XCJZZU14534W46687RSOLUH8FFXG2508529Y6XVU948U59X530OM7M1R12T9MXI102HD17294JO2XCCDMA915SA1NZS0P15HN372H4', '-2147483647', '-2147483647', '-2147483647', '-2147483647');
INSERT INTO `product_sku_stock` VALUES ('3', '3', 'C', '101.00', 'V8UZLRE45B5CXZ75D030G3MB8R282A86NKW8S9K4812NP0BP72EN19981P1X65D5H057159503E8I7M8W32BM2ZXXPA9D8PZ17XGT5AOUL1PCV6DK68K9GID40NX9Y6KB9R281D0MP9DFS1T9SMGT30EEKCJ1QDYJ0WT2', '-2147483646', '-2147483646', '-2147483646', '-2147483646');
INSERT INTO `product_sku_stock` VALUES ('4', '4', '0D1A0RBV74Z6V8P49V0O98FLMKK2U49HN0RD2Y08IOX0', '102.00', 'KYCFF9HTIAM6GT7299H5X06UFMY197CCW6SC0A57RW4U21J8FN66I8VEN6YVNO917C18MR8CQ61I236058S6GAMS656M18U024643AO3LAM', '-2147483645', '-2147483645', '-2147483645', '-2147483645');
INSERT INTO `product_sku_stock` VALUES ('5', '5', '1HTH466F7X07G4KW6Q512I44B072XNH3T8ULT6RJTRXPH97F0H2HV2HA65RVAWY1V9W12DCP6V85IA4EWL4EBG906B7R52EZZ11A', '103.00', 'H6XG6', '-2147483644', '-2147483644', '-2147483644', '-2147483644');
INSERT INTO `product_sku_stock` VALUES ('6', '6', 'WU8Q8AYQ', '104.00', 'M6IPW27XQE1', '-2147483643', '-2147483643', '-2147483643', '-2147483643');
INSERT INTO `product_sku_stock` VALUES ('7', '7', 'E0DTR44JSP52S3591WLX7J7KOH8V0EW', '105.00', 'O1I93798L1056W1M16AA21C732VGPY0836DX8L2VB505UIM06I42QE8C42YEV696A9Q4LWRR77G675V09H8XH077ZW', '-2147483642', '-2147483642', '-2147483642', '-2147483642');
INSERT INTO `product_sku_stock` VALUES ('8', '8', 'G15C0Z3W092J28N0T553XRTZ73FOP75JJ59CO8C2E9D3XELU26QFO057855E1298GL12A758F1YN8T3S76RE73I86S2RK47FXHUV', '106.00', '4RF9DI5WPN4TU1755RD6152021881L959E55FBY456PCQ5A7D22QPO568ST3Q2', '-2147483641', '-2147483641', '-2147483641', '-2147483641');
INSERT INTO `product_sku_stock` VALUES ('9', '9', '2102', '107.00', '14F8551SR7TFBHR3SV8I4C4JRE851G89Z95IB392PL8Y048ZZ7WL25V7NN1SRI1PBR4I381B0LC1B9K7MQNHS5B5Z2I39X9SE1MB5D15JZK07D72J03ON64KMCP37R61GA0W1L59A07C4TQ6PX12PJ4U1HZ97O14C0J87UZ4C54U8MK3639TA6OF1W09WA933GO7I9N5QVKBB4O4L10356284IL1A7VCWEWIS05WFUU4L44U34604982Y8PG6F717X6708SWXBA7HC59ODD91861507WR88MNL3Q8H23XK87151746RP662K5CICP38Z56GZ36C8N1KL4G1VT7G6NPYLFO26GFCGKZCMU703ZM54QM6CIQH5055P4137L3YU7WOYY3B672E97Z91N36T8V4R3C6FNAVVK2HP3929RH1493XO5MSY12NML5LKC81XT1HS1X095I7R9NXU066196X2I8E6A4O75JJDI1A207C52CIJ7FWD9GGNMEB3830C3X1U4J6Z081V', '-2147483640', '-2147483640', '-2147483640', '-2147483640');
INSERT INTO `product_sku_stock` VALUES ('10', '10', 'RX389NOQ1H9X8TX26RH50HRE', '108.00', '4TC2R43W13RX167XV1319ZO6007P1YF5GRL94644H12609TO17NK6XH9X02668H5CO9Z08Y8AS56BF69299JOQWKD4KYCD0A77MX5PUVHLRJPOKG32G609U5K7270BFQE0PS8ERJW44F4D4VW6O9IGH35GU727D23219R7FB8H1X38JJ6OCXZ30VDA253PYO994877KMDCI67RN115VXE676788XG342W876YZUH0HRP9XBW4R59V8AQB3VMU0KB1A4625YS74RG3931DKYD3YP69019HI9TJC4O51ALEEL2886R', '-2147483639', '-2147483639', '-2147483639', '-2147483639');
INSERT INTO `product_sku_stock` VALUES ('11', '11', 'F8I6397TF49HGHH2Y6P21A9U7', '109.00', '92794635VG3PEN6380AJ564QD9OY802J0AY18O3960BD047K3006M50L73R4O9X6OD6I7479N4HB0ZRJ', '-2147483638', '-2147483638', '-2147483638', '-2147483638');
INSERT INTO `product_sku_stock` VALUES ('12', '12', '2ZS6NG1G2XC3EGO3Q757QC5IA0W90HAOI9PY3NCWM8QCWHENSGWU3L9', '110.00', 'K5ZC22DX2MT9SX74DIY8THMBQ58L13573613GP90A6DV042O6H35YM5V33592PW63JYE21698G01A8JT37K1ZK56W351J3PU3O520O8HT8A550B3L2411N9X761IP020UQ4H7YT78LY40BLX9JF4QX938L0LSAH964YCLCU495EI9M5M3XL1A09MIZ73X0K09208B10CKS5579Q91R6XSF85J71R9298463B73VVY781MA07ECI696YGUQ2B4BG490T5F474D4C1YKEFZ57JUEGA5T450IN4GU32KMHQ31264VF9323GVW8YO16A96S5VSVRV70CSC6B3WWY11Y70TALYS17FNI6JG256G095ZF5S34DW7AH79HZ197212HV938114736OFKMDJ958CGJ930UK', '-2147483637', '-2147483637', '-2147483637', '-2147483637');
INSERT INTO `product_sku_stock` VALUES ('13', '13', '8NVK7VQ6UEE8E32Q0V5187XCDELGP518432I69Y1N8IH3SIXN31L0WZP0T', '111.00', '420PTC4KSE664Z8NP3YZI9Z616T83SCVZ8KCWX5504EZ2508781NOW4469VZ3976F3GQ2799B7J90WB39B7M6G6BP9ETCPEEBCH3PBTDW001B87HDS9K9BNS602', '-2147483636', '-2147483636', '-2147483636', '-2147483636');
INSERT INTO `product_sku_stock` VALUES ('14', '14', '1', '112.00', 'GIXPL3Z8V8V21ND6WW6ICCR550C2ZH8548277TD2SYEWNIR7GC10MIZ2LB658754J1R9SUN841045779JRFIS627ZI2M85KU5GKS9Q2P19N48712FC36CIT83FLN3E82FDSTJR1V7KC0Q08U87FB9Y44EQA1398961Y7V23V81', '-2147483635', '-2147483635', '-2147483635', '-2147483635');
INSERT INTO `product_sku_stock` VALUES ('15', '15', '5Z0M3M827HV356M2VUMTY7N3', '113.00', 'P559D5PE2Q70BY1033X1E4517051G89B8E3KA13W7YH1A15F2VGTC9R98TR8Z76T59S050A083AZ4Q27C74FM033DWZU226VD13S76Y2DI', '-2147483634', '-2147483634', '-2147483634', '-2147483634');
INSERT INTO `product_sku_stock` VALUES ('16', '16', '09FVB69X7M93ZJS1F1831R46AMSDC1O51M8RS97JAKVRA90HS6VFOX3LK3209M061HSCP1O5917UX74J0D75JR3X2C4I62Q6MD2A', '114.00', 'ET6642OHJ403WK2VNA8OF059K10JJUF6C8H1668MH708CZZ8284H987M8ZI1292C5D6NPY8Y7Q4G6NDV8J344NE91A1P42OEGXFT1F48042R8', '-2147483633', '-2147483633', '-2147483633', '-2147483633');
INSERT INTO `product_sku_stock` VALUES ('17', '17', 'BAYCCU9DMKIT8K', '115.00', '1D33762913555N9GPDHLK74NM0KK07P83F9F9VFPT692F11B1J0IS30TT69D97L186ZB2J9VM182CLKAFS9IPB4SEXL6USJ4RG3977XKJO1JO3HVBL49778NX5FXFXY2PKE78NZ1730P', '-2147483632', '-2147483632', '-2147483632', '-2147483632');
INSERT INTO `product_sku_stock` VALUES ('18', '18', 'L162N652H5721BTKV55H9FIN281P2AL9EN7Y3LX80', '116.00', '1D9GN0Y77F4QP9JM72DTS6808D5DUOXDUL26012W949CZE60Z3G568DRT1X7R6RN7X4AJ4BFO2QFYSD4W3TB502INXG5C00C911KBA738870515832TJ0DNW45EP71QR84461L12R696P80B02J4V50RZW6KKXCY40X6X5H2SYG6A29314IKEFVABBCB1PA6HEQP4W2FMPHZH93I4PN0CS67CNNR63GO1ZE6D667626X685E7V1SGVG6354GGOL077W5RZC988L07S7PO12222MKLFJX5K0MGKC43S4P5W31P1SAOHILVG28808QC6ESAFXKM01L9E01JBVM560IHAE7DX6ZQ02TY4813938O5M24T9P0HE06RG744ZKMRK35JXYT2881S29OF35Y93Q2WISRMH518HZ9S1JR7246I0YHM07385453SSKMINET2TM48A93MQ68WX7H41ZCIM36U1BDO36K4241RO065LSVD0Z17FHCEKWS64088J108FE3R79QGDQMEILKCU12W74N7964KCUZ174R2F4VX0841HR1B26L3CL4X2M60W2610TE3BLVEV8C28R0MWIXC1XJ128KQC8I446Y31R8UTZLGFG9TWL440S3D0966VN18IW0BL4OF68595W2G73QO15513S48B47R3Z848N317', '-2147483631', '-2147483631', '-2147483631', '-2147483631');
INSERT INTO `product_sku_stock` VALUES ('19', '19', '40N26379MD2BXR1SVG9BHZMGX8ZRPMPJSA0BL391H5GUY7RZ661SY5DNR', '117.00', '96V8541TJ90QT96C29A36ALJA85Y0RA1R4I2O07J55413591JQJVR52U4Z5073H522KP77R76VWVF1CK3V9W0K983DI96P47GP9E3799C3X667V74R72600EDJMS5634MMI69N1YQVII4S4CZRX275O7245634LSZ9NWP41545W3BG8007G9B94QRDN382565I5OAAKOVIF8IM8PMH6K2K54ICF07E19P96AM87TKT082718N1Q0SW7S4M0RBOX1922641FPD8L46OYD9261MEL9IGGW2G32IZ79A1EVP2PF27Y491OIAO2QL9E2U3R6QI41X43L13GK7PQJC507I5602QA4ZX0ZH5Y8IM6326K2J3U68B7ROKEF10B8NBCRM', '-2147483630', '-2147483630', '-2147483630', '-2147483630');
INSERT INTO `product_sku_stock` VALUES ('20', '20', 'VJP540570221JMY86B0RC700ABC2', '118.00', 'O5M7WW55512Q85V2WQW1D5E8AJF65BHDL1M0ND0B70Z23QZHQ3P79K9S875JQD3OWS2Z3T30J5BMG', '-2147483629', '-2147483629', '-2147483629', '-2147483629');
INSERT INTO `product_sku_stock` VALUES ('21', '21', '99VK898IGBY80V7Q121SRI', '119.00', 'IGH10OMV00BD26Y35KA9STSR0W0CR75JOVH6A64020ECW66D3204F2WEG756O696E6H0T6KLTR3AQ', '-2147483628', '-2147483628', '-2147483628', '-2147483628');
INSERT INTO `product_sku_stock` VALUES ('22', '22', 'K6S32ZAD3', '120.00', '0GF96M3M3EUQ4VZOC71VQZ89PU9D82I6V51O1H31WIQP9KJVQREV09M26IR9', '-2147483627', '-2147483627', '-2147483627', '-2147483627');
INSERT INTO `product_sku_stock` VALUES ('23', '23', '0G41D2NHZ5J28XAI431E5IIB4K5F3KQN62C37C92I2PL3QJRXAX8M340KZ95UW0180GT05FZ25Z1LTPJ8GMB35VD91C21YA1RVN4', '121.00', 'I8U2901OF30N6IHNM259WH8H42YS29A2L21Y2SHJ3Q30CBU320K6MA57C64Q8395UHFPUD3EX6B5V9BCK9XQ6NA17E71NHC4B9ATW9IW0PQO3XJDL97CI2CUL647GXH1L551282683407XOUSQ5T3GKT88C2ZIDSQ869RFVS32H55CHH759F87QG6R40CE63O95X3O82QDB2GLDLK3L543Y04883IQ3EK07TJRI4GU307Y218W61IM9HBG5P70BUZ7Z5N230GG437R1VHQMW798CMKO6KRNMAY1EA2HUUYTI3BL73H0YM5U6RT3F46VH29T82950B971310S0V444340KJUI1C1LAW90L161M0B8R2374349G9157B5233C80JFS7519B8966YT081Q08C16295S1MP2PAC4PI6KF3Q418A51T38CWZ511S4T3Q4OUOB4TS9561718Y09GV4F5S0CC721A189', '-2147483626', '-2147483626', '-2147483626', '-2147483626');
INSERT INTO `product_sku_stock` VALUES ('24', '24', '854011T9SM06V07GPIIQW9040MFKY95', '122.00', '7RFIR451239V83UMM88IT00D9E1356OB0ABQ3Y61379RJ4YW19ND43WG18JLZZJH2L12751Z99OQ50513VHU311A9FJFJKF', '-2147483625', '-2147483625', '-2147483625', '-2147483625');
INSERT INTO `product_sku_stock` VALUES ('25', '25', 'CVYK1V2F0T3M4UK3107KPY4JDMRT0L7T9S43G4N9PL5L1A3YJ8FVZEXPZ35O4P', '123.00', '0K9HA82G9Z80PT615TWK0D8111F46S2OBF28L3C6C249OOLL5386PIL5WR86UL0BZE2M7I77L212ZCV5E7TM5NM6K8P5J59DM2CKPB82P002O804NTL340E86JF2HTQHE59563OF1T938NPF3O89745I0PAU8UJU', '-2147483624', '-2147483624', '-2147483624', '-2147483624');
INSERT INTO `product_sku_stock` VALUES ('26', '26', '3JS611EE8548L94LG1XY1GG229YFOGF4NF5G31001Z49O9IF2L4O9J91M34998EY0F2', '124.00', 'Z3008AP9', '-2147483623', '-2147483623', '-2147483623', '-2147483623');
INSERT INTO `product_sku_stock` VALUES ('27', '27', 'X383630TLD5609K85N3GTF79R0K9E1K5OT2760V6OR0CFZARLRX6E460QCPP85913WP142527YPE18ZD9SA6YIU2', '125.00', 'CNX256666Q6E3242QRIYYJPBH48A81G43IUYN373NB7KCN512PPP0UK85HR4E7CVQNV20Q86Q23T5N736S54VI6D8CAYGK4YG0E35WG9ME99897D1P9MBJD2', '-2147483622', '-2147483622', '-2147483622', '-2147483622');
INSERT INTO `product_sku_stock` VALUES ('28', '28', '2QK2903R2389JH57Z1LJ9RBJ88TBVNT9HFHLQ9Q370U1D52LS714Y8F2208418P53MK78F6TTMUOW5XJ2K4A6B75T3TGTW992', '126.00', 'N74729D9A9ES967712PGKTE74B8OS158KD95FC6708BYFVR2N859670725X14643I42G24LRO1I9YOBGD2DU5', '-2147483621', '-2147483621', '-2147483621', '-2147483621');
INSERT INTO `product_sku_stock` VALUES ('29', '29', 'R5P5SB3SHRTS3JS68F309397364150524W7L6OKO4LRW4F8N82SQTJ01K19', '127.00', 'YVOSE11544LMVHN1NKO047D417972AZS2IL243BQN9E65U1N409VI2SJE20S8BU7383W256YN5QJN2ERXM528706O9MET0VRULR52H49ATX4A66499UZ51WH903B9PQ97685W5F12WQ3O77OHW5E85XI2C9X882Q0EEIF729C56A83SPO015ET1Y2363Z4118G11F04S9334HJI0OV8CI15C9KBFQYQZY4H1A6', '-2147483620', '-2147483620', '-2147483620', '-2147483620');
INSERT INTO `product_sku_stock` VALUES ('30', '30', 'JATL5E5HXVDED086J9X0VF45437', '128.00', 'KR88JA38B445S90N3CT153F3LA7EJEPA3L3AVXD636VBF4M50I9ON31CZGR874LRO5Y1B5JNKRWOIWM44', '-2147483619', '-2147483619', '-2147483619', '-2147483619');
INSERT INTO `product_sku_stock` VALUES ('31', '31', 'Q51C37WXS23R44IT01V4NML8787PD1Q3Q6K58819F7O30X0MRMXN8BPN460NM98QFR8X1482O0XY561L973FKQ280FC0B39MF042', '129.00', 'R308385B09MF0SD67NE835DE9S565CZ7Y00VZ514KOQEDR36OI653399V7U32670X1J7Y040U0OU4E1LMJGVCK1Q4Y1K12W2H181J4W91069YW93707079ZX83371825OO53P0KWIZS3CG145773CWOYU', '-2147483618', '-2147483618', '-2147483618', '-2147483618');
INSERT INTO `product_sku_stock` VALUES ('32', '32', 'XZ0Q1695Z59J06N8C45H0VHPH72K8C32414H1T4RSZQJPQ7ZKAE8P8U7V6V42H87E2NPSY9A7FQY3KO6VAP37063R7FKA1RA9DQB', '130.00', 'PX65I5V7G93877V7DR17D4W7Z8E9008AI38M9V1T6P4PM3OK5T7P8V3610879I26EE80JASQB4564HVD5878M37WV0DEB6998NVZ5IEXB55BDDL986TU7LVNZ1SBQT0291L43698TEY6', '-2147483617', '-2147483617', '-2147483617', '-2147483617');
INSERT INTO `product_sku_stock` VALUES ('33', '33', 'L2C1NKG848B3AB588R317632O1362U6F1S9P7X513113KFOG72ILYR77602843W6QX32RLPU30VD5L4AG5GX6N', '131.00', '2M4V947K3H6H1C4H1P712N5852QI2H6HZPMF49S00FM9T1R91259MA15R83S41AE1WYCN00K2RCDGW6Y19SPM1WPO65B9R09I4DKTNPN18FXL87Z2IPZ45C1LEOP7WPY01AITPK9YRE9X06R6H4FQMD43NFG039602X27HE1', '-2147483616', '-2147483616', '-2147483616', '-2147483616');
INSERT INTO `product_sku_stock` VALUES ('34', '34', 'S733YL9GWD3WM7WFT311K6ZH0SB6636EK', '132.00', 'G58L4SD870J7X7X1I4808U53V74ABUHTJZ2K25K3YK2O2F22VIED5KI8T88024RB9Q91NS60HDVRZK1003RB18EC4P8395QSXKX27AR6SDG9KVV3270M1GOT6CD80WL3USJ1T5K80073875R8304FF55D012V0AWW1V096699EOHT5363THL32D0COAZ1EL3JL53Y2B14XYGW67', '-2147483615', '-2147483615', '-2147483615', '-2147483615');
INSERT INTO `product_sku_stock` VALUES ('35', '35', 'B513W629ET4CZ02J7QWZDC6D25R8I4626IT3D13T0H88HO1RD20J1LX351EEC33PP907L52050D7JC128Z7V1R11J6K428OZ4BIW', '133.00', '29XL3591O1YPAXUW84WU09R20JZ286O5AOT157F4MQ853HZDDXR16505V5I06LXICU7XUOI9LNEM8', '-2147483614', '-2147483614', '-2147483614', '-2147483614');
INSERT INTO `product_sku_stock` VALUES ('36', '36', 'F28J733P', '134.00', 'D113CF', '-2147483613', '-2147483613', '-2147483613', '-2147483613');

-- ----------------------------
-- Table structure for product_verify_record
-- ----------------------------
DROP TABLE IF EXISTS `product_verify_record`;
CREATE TABLE `product_verify_record` (
  `id` bigint NOT NULL AUTO_INCREMENT,
  `product_id` bigint DEFAULT NULL,
  `verify_man` varchar(200) DEFAULT NULL,
  `status` int DEFAULT NULL,
  `create_time` datetime DEFAULT NULL,
  PRIMARY KEY (`id`),
  KEY `FK_Reference_912` (`product_id`),
  CONSTRAINT `FK_Reference_912` FOREIGN KEY (`product_id`) REFERENCES `product` (`id`) ON DELETE RESTRICT ON UPDATE RESTRICT
) ENGINE=InnoDB AUTO_INCREMENT=37 DEFAULT CHARSET=utf8mb4 COLLATE=utf8mb4_general_ci;

-- ----------------------------
-- Records of product_verify_record
-- ----------------------------
INSERT INTO `product_verify_record` VALUES ('1', '1', '8RF97O7XJN5', '-2147483648', '1970-01-01 00:00:01');
INSERT INTO `product_verify_record` VALUES ('2', '2', 'VC22X7SUCYCT061O835OAB648NP31T52784U964SOA91FF50549GYC49643F8AW14474410HISB9VUXJG9MQ2KHX2109TEUCFIN8095D167GG407GD4DMXR1CD47DPJX', '-2147483647', '1970-01-02 00:00:01');
INSERT INTO `product_verify_record` VALUES ('3', '3', 'R0WX7Y9VSBT94NL2KB7718B6A0B7VEQ96S4B90A49172J457UC1RGYHI505YSKV1T7E4FV82', '-2147483646', '1970-01-03 00:00:01');
INSERT INTO `product_verify_record` VALUES ('4', '4', 'C1XE458O7GX1XG0BW1PH3B0BK51H8P1F05KBK26371THQ5M7TXW8I0585J6JM4RT1CTU5UO68L43V9V45002B8215F11EA367K08FD1U26UDUP5C1HCVQ9BXO8N', '-2147483645', '1970-01-04 00:00:01');
INSERT INTO `product_verify_record` VALUES ('5', '5', '9BHS659BJB7K7MGQ9S2A2Y9349EBZ22KQ4G', '-2147483644', '1970-01-05 00:00:01');
INSERT INTO `product_verify_record` VALUES ('6', '6', '529OJD52K21X7N3MMW2UN21HCJA6B3V0F9WPMZ5H1VH700V14QD4CO5CTEEC218LXGB26', '-2147483643', '1970-01-06 00:00:01');
INSERT INTO `product_verify_record` VALUES ('7', '7', '1U9F6E5LXF274BZ75QZ674GW5LLZ9ALXX1L2G0J5O8HL8QLN2K4U00UE5835Z32Q5N29FIT2V9H27MD957J2HW3DK9EGF8E5C3JGHC18SC2X38JAMZM', '-2147483642', '1970-01-07 00:00:01');
INSERT INTO `product_verify_record` VALUES ('8', '8', 'BZLWV28EE8GL3D88I4845UG69KX257F811GYWG20', '-2147483641', '1970-01-08 00:00:01');
INSERT INTO `product_verify_record` VALUES ('9', '9', 'K85ZTXU8WB77CLAAKRGE852901YR27F3825TRT7R37147Y73S9359U1LRBRD7AEWH8K3AU643M9LZ8H338Q6K40005MQRYLQ3ZEH8137UY3VE8W', '-2147483640', '1970-01-09 00:00:01');
INSERT INTO `product_verify_record` VALUES ('10', '10', '69LTWF6VEK1037V3P0M9835X442PN89RRA4Q63227EU6TU4V96FO038Z87', '-2147483639', '1970-01-10 00:00:01');
INSERT INTO `product_verify_record` VALUES ('11', '11', '47ZKT3FSD9Y2YQ', '-2147483638', '1970-01-11 00:00:01');
INSERT INTO `product_verify_record` VALUES ('12', '12', 'QF3K9HH91Q9983C21H6889K2B496DR50UU9H1P2EG5YR35190S8PFTM85VU6DUOIQN02N6P00JX05R3EDJ1WV672E4QP', '-2147483637', '1970-01-12 00:00:01');
INSERT INTO `product_verify_record` VALUES ('13', '13', '448UEI21T585CVR82LSE781QRZY4V3NJ038VH', '-2147483636', '1970-01-13 00:00:01');
INSERT INTO `product_verify_record` VALUES ('14', '14', '7UP52I8R94K8OP266AINMQPGX3PR90KA1E0B', '-2147483635', '1970-01-14 00:00:01');
INSERT INTO `product_verify_record` VALUES ('15', '15', '59EUDUHJS7KJ2HJ6W14JJZ9I09I', '-2147483634', '1970-01-15 00:00:01');
INSERT INTO `product_verify_record` VALUES ('16', '16', 'X653YMYYLRRCLE46N1F258V534615WK4M47Q7PFW0M1ETF002JD6D9W61HI0RGAJ6I3SYRE0Z9M0F4SMU965', '-2147483633', '1970-01-16 00:00:01');
INSERT INTO `product_verify_record` VALUES ('17', '17', 'D4F9979HYJ08XTY1U2BT1FEB5ZSYXNZGV3SI7Y25904I5KM8QVXXBGWZD29CTDSN68QADO5RF4B54J9A026RKW45QN5K2O95URX91683088Z974001437YJ10EP255378', '-2147483632', '1970-01-17 00:00:01');
INSERT INTO `product_verify_record` VALUES ('18', '18', '1L330PXZXL694E642T74R8WWF0DM656U6Q58R7U3NH', '-2147483631', '1970-01-18 00:00:01');
INSERT INTO `product_verify_record` VALUES ('19', '19', 'MJWAT1325LI5B239VFN2468H8ZG96ANB1LZZX47M6PHR1686Q2258TKTZMJN7HJ45797', '-2147483630', '1970-01-19 00:00:01');
INSERT INTO `product_verify_record` VALUES ('20', '20', 'R63R1W9PEY347130R553RN6ON4FYXQT2S8C', '-2147483629', '1970-01-20 00:00:01');
INSERT INTO `product_verify_record` VALUES ('21', '21', '8LIJAM699NV769AX7BL2571R13HER5NV2Q40P4HOB1BF26HGGY4CEM8821ON7LD45GG', '-2147483628', '1970-01-21 00:00:01');
INSERT INTO `product_verify_record` VALUES ('22', '22', '21T7Q7645DIE4PS673ML563OK8NMLM7C1S08NNM9D76Y1Q3O2N7TIW7E367Q9NV11962B9CGRXW3X0H08NOOCH0YD7R4CFQIM34698O66288LEE0G', '-2147483627', '1970-01-22 00:00:01');
INSERT INTO `product_verify_record` VALUES ('23', '23', '36T9N2949CMBXWRIHK77B36W', '-2147483626', '1970-01-23 00:00:01');
INSERT INTO `product_verify_record` VALUES ('24', '24', '140Y6G5TN3MXIO6K9GC7C95Y6103U063L96ZOMP94V62BSTJU05203A4J53UT', '-2147483625', '1970-01-24 00:00:01');
INSERT INTO `product_verify_record` VALUES ('25', '25', '6KBTL326FP2O', '-2147483624', '1970-01-25 00:00:01');
INSERT INTO `product_verify_record` VALUES ('26', '26', '2154FDS', '-2147483623', '1970-01-26 00:00:01');
INSERT INTO `product_verify_record` VALUES ('27', '27', 'E1I139406PR0D94UAJ30R20IVHI4B22N259ZD6V672BGV28X498TXOY55038W309RN75W842Y4UZPK76', '-2147483622', '1970-01-27 00:00:01');
INSERT INTO `product_verify_record` VALUES ('28', '28', 'U08W1H37S69L8I6315SKG99B4ZF02RD6WXW5TE0RPVGHDZ59B34XB', '-2147483621', '1970-01-28 00:00:01');
INSERT INTO `product_verify_record` VALUES ('29', '29', '2XZ8L0HI9D2UY', '-2147483620', '1970-01-29 00:00:01');
INSERT INTO `product_verify_record` VALUES ('30', '30', '23A3B922HY701C731T2GTT6L4W0HEA57N9MWP2C1JTY9KAM4YK29Z3IE373XD85138A3SZ', '-2147483619', '1970-01-30 00:00:01');
INSERT INTO `product_verify_record` VALUES ('31', '31', 'E95HVJ4Y01SNMK1R3N0QZ52D344877017CFM7536E4H451I3S3A69J92QA8XV519L0M986K0EN', '-2147483618', '1970-01-31 00:00:01');
INSERT INTO `product_verify_record` VALUES ('32', '32', '8', '-2147483617', '1970-02-01 00:00:01');
INSERT INTO `product_verify_record` VALUES ('33', '33', 'K5281Z4T63MX0Q1R2LY0Q9R281SWH92O759I417LS7TD9TBL16MO237DL13684RX8526A', '-2147483616', '1970-02-02 00:00:01');
INSERT INTO `product_verify_record` VALUES ('34', '34', '814Y84981VFDR4R8170084TQ2I2GK7ME', '-2147483615', '1970-02-03 00:00:01');
INSERT INTO `product_verify_record` VALUES ('35', '35', 'QM', '-2147483614', '1970-02-04 00:00:01');
INSERT INTO `product_verify_record` VALUES ('36', '36', '53KC19A6L1106O6QXB54DJO9N5JK3G6850IP1E', '-2147483613', '1970-02-05 00:00:01');

-- ----------------------------
-- Table structure for project_subject_relation
-- ----------------------------
DROP TABLE IF EXISTS `project_subject_relation`;
CREATE TABLE `project_subject_relation` (
  `id` bigint NOT NULL AUTO_INCREMENT,
  `projec_id` bigint DEFAULT NULL,
  `subject_id` bigint DEFAULT NULL,
  PRIMARY KEY (`id`),
  KEY `FK_Reference_335` (`subject_id`),
  KEY `FK_Reference_50` (`projec_id`),
  CONSTRAINT `FK_Reference_335` FOREIGN KEY (`subject_id`) REFERENCES `subject` (`id`) ON DELETE RESTRICT ON UPDATE RESTRICT,
  CONSTRAINT `FK_Reference_50` FOREIGN KEY (`projec_id`) REFERENCES `product` (`id`) ON DELETE RESTRICT ON UPDATE RESTRICT
) ENGINE=InnoDB AUTO_INCREMENT=37 DEFAULT CHARSET=utf8mb4 COLLATE=utf8mb4_general_ci;

-- ----------------------------
-- Records of project_subject_relation
-- ----------------------------
INSERT INTO `project_subject_relation` VALUES ('1', '1', '1');
INSERT INTO `project_subject_relation` VALUES ('2', '2', '2');
INSERT INTO `project_subject_relation` VALUES ('3', '3', '3');
INSERT INTO `project_subject_relation` VALUES ('4', '4', '4');
INSERT INTO `project_subject_relation` VALUES ('5', '5', '5');
INSERT INTO `project_subject_relation` VALUES ('6', '6', '6');
INSERT INTO `project_subject_relation` VALUES ('7', '7', '7');
INSERT INTO `project_subject_relation` VALUES ('8', '8', '8');
INSERT INTO `project_subject_relation` VALUES ('9', '9', '9');
INSERT INTO `project_subject_relation` VALUES ('10', '10', '10');
INSERT INTO `project_subject_relation` VALUES ('11', '11', '11');
INSERT INTO `project_subject_relation` VALUES ('12', '12', '12');
INSERT INTO `project_subject_relation` VALUES ('13', '13', '13');
INSERT INTO `project_subject_relation` VALUES ('14', '14', '14');
INSERT INTO `project_subject_relation` VALUES ('15', '15', '15');
INSERT INTO `project_subject_relation` VALUES ('16', '16', '16');
INSERT INTO `project_subject_relation` VALUES ('17', '17', '17');
INSERT INTO `project_subject_relation` VALUES ('18', '18', '18');
INSERT INTO `project_subject_relation` VALUES ('19', '19', '19');
INSERT INTO `project_subject_relation` VALUES ('20', '20', '20');
INSERT INTO `project_subject_relation` VALUES ('21', '21', '21');
INSERT INTO `project_subject_relation` VALUES ('22', '22', '22');
INSERT INTO `project_subject_relation` VALUES ('23', '23', '23');
INSERT INTO `project_subject_relation` VALUES ('24', '24', '24');
INSERT INTO `project_subject_relation` VALUES ('25', '25', '25');
INSERT INTO `project_subject_relation` VALUES ('26', '26', '26');
INSERT INTO `project_subject_relation` VALUES ('27', '27', '27');
INSERT INTO `project_subject_relation` VALUES ('28', '28', '28');
INSERT INTO `project_subject_relation` VALUES ('29', '29', '29');
INSERT INTO `project_subject_relation` VALUES ('30', '30', '30');
INSERT INTO `project_subject_relation` VALUES ('31', '31', '31');
INSERT INTO `project_subject_relation` VALUES ('32', '32', '32');
INSERT INTO `project_subject_relation` VALUES ('33', '33', '33');
INSERT INTO `project_subject_relation` VALUES ('34', '34', '34');
INSERT INTO `project_subject_relation` VALUES ('35', '35', '35');
INSERT INTO `project_subject_relation` VALUES ('36', '36', '36');

-- ----------------------------
-- Table structure for resource
-- ----------------------------
DROP TABLE IF EXISTS `resource`;
CREATE TABLE `resource` (
  `id` bigint NOT NULL AUTO_INCREMENT,
  `name` varchar(200) DEFAULT NULL,
  `category_id` bigint DEFAULT NULL,
  `url` varchar(500) DEFAULT NULL,
  `description` varchar(500) DEFAULT NULL,
  `create_time` datetime DEFAULT NULL,
  PRIMARY KEY (`id`),
  KEY `FK_Reference_811` (`category_id`),
  CONSTRAINT `FK_Reference_811` FOREIGN KEY (`category_id`) REFERENCES `resource_category` (`id`) ON DELETE RESTRICT ON UPDATE RESTRICT
) ENGINE=InnoDB AUTO_INCREMENT=37 DEFAULT CHARSET=utf8mb4 COLLATE=utf8mb4_general_ci;

-- ----------------------------
-- Records of resource
-- ----------------------------
INSERT INTO `resource` VALUES ('1', 'Keila5', '1', 'https://erehades.no/all/en/henghen/stshoouea.php?t=74&p=86', 'Dolorum sed voluptatem eos consequatur ea quas eaque suscipit.', '1970-01-01 00:00:01');
INSERT INTO `resource` VALUES ('2', 'Karr1974', '2', 'https://www.ngng.ae/omeentuld/ndse/thememe/oulted.htm', 'Ea distinctio molestias. Placeat maiores in et; laboriosam sit voluptatem eius facere omnis beatae assumenda quia. Odit rerum aut magnam quos! Quisquam et voluptate aspernatur? Excepturi numquam modi. Est quis tempora cupiditate voluptate eaque voluptate officiis inventore. Ex sint perferendis quas iste blanditiis tempore cupiditate necessitatibus!', '1970-01-02 00:00:01');
INSERT INTO `resource` VALUES ('3', 'Olds2011', '3', 'https://notere.at/thaseith/ourver.php', 'Aut accusamus explicabo nemo. Et necessitatibus libero a odio! Odio aut omnis rem accusantium dignissimos est accusantium officia. Obcaecati possimus a repellendus est libero ea sequi in. Voluptate vel repudiandae iste et eos sed consequatur sed! Explicabo aut aperiam rerum eaque in reiciendis laudantium voluptas.', '1970-01-03 00:00:01');
INSERT INTO `resource` VALUES ('4', 'Huskey1963', '4', 'http://versehi.ae/ar/tereand/shome/orareseoul.aspx', 'Neque vel molestias et quaerat odit iste qui quia.', '1970-01-04 00:00:01');
INSERT INTO `resource` VALUES ('5', 'Alyse2', '5', 'http://henneitheve.no/enthse/atiththahi.php', 'Aut impedit minus animi optio quia dolores eaque in. Nisi non temporibus velit quibusdam consequatur quam vel et.', '1970-01-05 00:00:01');
INSERT INTO `resource` VALUES ('6', 'Lucien1980', '6', 'http://www.ioneveishi.ua/aland/hissearehen.php', 'Et beatae enim sed voluptatibus facilis rem dolorem. Voluptatem quo veritatis provident consequatur. Perferendis quo cum. Eos quidem incidunt fuga ratione voluptatem provident iure consequuntur. Vero fuga aut! Suscipit laborum porro enim id nihil voluptatem. Maiores est nisi ut sint! Aliquam error non iure quidem quia voluptas omnis aut. Atque sunt praesentium. Velit veniam excepturi.', '1970-01-06 00:00:01');
INSERT INTO `resource` VALUES ('7', 'Jeraldine2026', '7', 'https://www.ourforthaare.de/witome/entedhisst.htm', 'Eos deserunt doloremque ab; aut voluptatem vel; qui laudantium est sit impedit rerum delectus ut error. A consequuntur rerum inventore aut sed voluptatem cupiditate rerum? Ullam quia commodi suscipit corporis quo rerum labore voluptatum. Sed blanditiis consequatur qui sit labore fugit praesentium dolores.', '1970-01-07 00:00:01');
INSERT INTO `resource` VALUES ('8', 'Burkhart417', '8', 'https://eaanesver.nz/era/theion/ittohin/hense.htm', 'Officia molestias et voluptate est exercitationem dignissimos voluptatum. Laudantium quidem quos. At quo ab sed labore eligendi laudantium nostrum nihil! Odio fugit illum laboriosam voluptatem labore. Facere aliquid ut iste in id. Ipsa dolorem aut neque enim voluptatem ullam. Omnis odio accusantium; nesciunt sed dolores? Veritatis sunt rem! Error earum molestiae.', '1970-01-08 00:00:01');
INSERT INTO `resource` VALUES ('9', 'Willa1978', '9', 'http://thaarle.org/eroulver/hadtoalar.htm', 'Quisquam qui odit nulla ratione aspernatur est iste. Corporis voluptas delectus iure sunt est quasi voluptatem! Ipsam quia dolore repellat eveniet obcaecati ullam quas? Ea odio aut minima repellendus quia omnis at. Voluptatibus esse suscipit deserunt sed. Reprehenderit dolorem repellat. Maiores ullam similique doloremque. Provident corrupti minus ipsa! In omnis eos.', '1970-01-09 00:00:01');
INSERT INTO `resource` VALUES ('10', 'Pat2005', '10', 'https://www.aneninin.com/inithith/herhis.htm#98058', 'Tenetur beatae quo quis eos atque excepturi. Ab deserunt et quia accusamus voluptates nesciunt eveniet! Nemo iure temporibus cupiditate quos; vel quas aut quia quo ad ex repellat. Molestiae illo dolor quia itaque eveniet voluptas maxime nobis? Perspiciatis eveniet esse itaque velit; aspernatur architecto qui. Nihil aspernatur ut. Deleniti ut qui.', '1970-01-10 00:00:01');
INSERT INTO `resource` VALUES ('11', 'Leif1986', '11', 'https://oulheningnot.be/seherst/youreere/seherhin/tioingomeat.htm', 'Consequatur expedita fugiat magnam laudantium. Autem soluta consequatur non vel! Non sunt velit? Qui eos dolore delectus et explicabo; voluptates molestias ab deserunt minima? Cum numquam consectetur! Reprehenderit dolores tempora sapiente velit esse. Perspiciatis modi iure eligendi! Saepe dolores veritatis impedit minus ratione ducimus quo ea.', '1970-01-11 00:00:01');
INSERT INTO `resource` VALUES ('12', 'Currier4', '12', 'https://www.habutouas.ca/tohinwa/isouuldent.htm', 'Corporis eum sit nobis dolore nostrum quas sed magnam...', '1970-01-12 00:00:01');
INSERT INTO `resource` VALUES ('13', 'Domitila889', '13', 'http://teithfornd.jp/rehave/ntmehin/or/anon.htm', 'Vel unde maiores rerum id aperiam. Eos nihil deserunt animi voluptatum rerum itaque! Modi et sed vero velit qui quia facere eaque. Consequatur quia est quidem vitae corporis voluptatem distinctio. Repellendus quasi debitis distinctio! Rerum hic quas obcaecati explicabo blanditiis dolor dolores. Ut qui tempore! Repellat hic officiis. Qui aut ducimus.', '1970-01-13 00:00:01');
INSERT INTO `resource` VALUES ('14', 'Adam563', '14', 'http://allal.se/erallour/esit.php', 'Distinctio officia quis labore quisquam cumque necessitatibus vel consequatur. Ipsum repellendus odit sed repellendus ratione nobis suscipit ea! Sit consequuntur nemo et est aspernatur aliquam minima dicta. Ratione ipsam quae autem dolores et impedit dolores sequi. Provident velit consequatur non ex quia fuga qui aperiam.', '1970-01-14 00:00:01');
INSERT INTO `resource` VALUES ('15', 'Wilder1984', '15', 'http://www.tedatwaon.cz/uldortio/inorte/thititi/erathi.htm#3805', 'Hic enim incidunt ut placeat voluptatem optio minus ducimus. Eligendi et est minus eum officiis consequatur et rerum. Provident molestiae iure consequatur alias sapiente dolore cum provident.', '1970-01-15 00:00:01');
INSERT INTO `resource` VALUES ('16', 'Nicholas2028', '16', 'http://tobutarst.au/meandea/ngwaas/arewit/inghatome.htm', 'Corrupti sunt aliquid ipsam id iure omnis perspiciatis rerum. Et in tempore neque esse velit fugiat dolor vero! Assumenda quam voluptas ipsa explicabo est quia quo fugit. Sapiente eius quo et autem accusantium quis quam doloremque.', '1970-01-16 00:00:01');
INSERT INTO `resource` VALUES ('17', 'Wyatt1991', '17', 'http://toorve.ca/atour/foron/erand/enteaourwas.php', 'Eum consequatur eius at est rerum dolore et ut. Id autem reprehenderit dolorem quibusdam quod earum et cum!', '1970-01-17 00:00:01');
INSERT INTO `resource` VALUES ('18', 'Kori327', '18', 'https://www.oneawa.es/orinse/enhean/thiuldthire.asp', 'Id illo minima et natus aliquam nam est corporis.', '1970-01-18 00:00:01');
INSERT INTO `resource` VALUES ('19', 'Skidmore2017', '19', 'http://ourherionome.za/buttete/antioare.asp', 'Libero dicta et. Quia et voluptas aut sint iure ab dicta. Iure quo molestias quia qui sunt aut consequatur autem! Optio aut ut? Repellendus eos accusamus totam asperiores consectetur. Molestiae cumque hic exercitationem doloribus et! Voluptatibus fugiat ipsa itaque rerum id blanditiis. Quidem est possimus culpa at voluptatem possimus cupiditate!', '1970-01-19 00:00:01');
INSERT INTO `resource` VALUES ('20', 'Oh8', '20', 'http://haaratar.ae/ededthe/istha.php?t=81&p=747', 'Quia voluptatem eum placeat nostrum. Corrupti aut voluptatibus doloremque quia modi. Assumenda ut distinctio enim nobis iusto repellat quidem voluptatem. Sint sed nam reiciendis laborum quod consequuntur. Quas voluptas expedita est et quia! Corrupti et ullam corrupti animi maxime. Aut voluptatum quibusdam eveniet quia quo velit illum. Adipisci aut ratione numquam amet!', '1970-01-20 00:00:01');
INSERT INTO `resource` VALUES ('21', 'Boren372', '21', 'http://oueaouhad.ar/shothaare/ve/orthihi/shohatsho.asp', 'Tenetur accusantium qui suscipit commodi sequi. Ut amet et qui. Molestiae ut quisquam tempora sed qui mollitia qui at. Sed ratione et laboriosam delectus odio harum enim et. Cumque accusantium eligendi provident cum amet aut repellat sunt. Est enim assumenda qui mollitia vel voluptatum a eligendi!', '1970-01-21 00:00:01');
INSERT INTO `resource` VALUES ('22', 'Speed4', '22', 'http://www.rewitou.de/youthiome/omenthin/neuldaled.php?t=53&p=1425', 'Iste qui est. At hic itaque consequuntur. Doloribus blanditiis sint eos voluptatem blanditiis? Neque ducimus delectus et ut minima omnis fuga reprehenderit. Dolorem ut eveniet corporis in dicta! Sed quia iusto officia eligendi inventore aut vel id. Ipsum voluptas natus facere omnis illum quae aut earum.', '1970-01-22 00:00:01');
INSERT INTO `resource` VALUES ('23', 'Lilly985', '23', 'https://www.andwityound.uk/eveteit/herforbut/therorera.htm', 'Quisquam quia est cum est sint dolores molestias voluptatem. Qui nihil itaque ex nesciunt voluptas aut voluptates praesentium.', '1970-01-23 00:00:01');
INSERT INTO `resource` VALUES ('24', 'Cherelle1985', '24', 'https://tengtihe.fi/st/and/ith/omeithtohi.php?t=66&p=5514', 'Explicabo deserunt ut et vel illum sit omnis aut. Enim atque eveniet consectetur id sit non et nam; nesciunt facilis ipsum modi commodi odit voluptatem sed ipsam. Ut eaque sapiente magni excepturi mollitia est pariatur sint.', '1970-01-24 00:00:01');
INSERT INTO `resource` VALUES ('25', 'Chestnut292', '25', 'https://www.enwato.de/asareou/wasthander.asp', 'Modi et rem ut in ipsum quae magni. Consequatur fuga sed! Deleniti voluptas dolore et qui non quibusdam. Quidem labore consectetur distinctio aut expedita quia sunt aliquam? Et sapiente quia fugiat a accusamus consequatur! Itaque autem nam assumenda omnis. Animi facere qui. Quasi explicabo magni. Ad ratione veniam! Nostrum voluptatem non.', '1970-01-25 00:00:01');
INSERT INTO `resource` VALUES ('26', 'Mcvey2020', '26', 'https://www.fortihis.it/uldorthe/omehisthato.htm', 'Aut pariatur repellendus nemo aut autem neque omnis asperiores. Magni sed magnam pariatur atque vel aliquid sint consequatur. Quibusdam voluptas veritatis vero rerum labore vitae magnam odio! Ut fugiat aliquid voluptas qui aut quae quia facere. Harum itaque necessitatibus quibusdam sed iure suscipit dolores et!', '1970-01-26 00:00:01');
INSERT INTO `resource` VALUES ('27', 'Otilia3', '27', 'http://leyou.es/allthawit/istith/for/andouasal.html', 'Est autem eligendi dolore est sunt ipsa quia quisquam; incidunt et aliquid voluptate aut officia officiis sit laborum...', '1970-01-27 00:00:01');
INSERT INTO `resource` VALUES ('28', 'Ernestine1968', '28', 'http://orleisve.org/ishinith/ountforen.asp', 'Est eos tenetur velit veritatis voluptatibus similique sed. Natus aspernatur quis enim reiciendis est. Iste sed qui rerum doloribus quia necessitatibus voluptatem? Vel dolor quo tenetur aliquid dolor. Voluptates reiciendis nesciunt provident cumque quia sed! Eveniet dolore voluptas aliquid non officia aut debitis. Magnam accusamus deserunt. Ipsum fugit aut. Inventore optio vitae.', '1970-01-28 00:00:01');
INSERT INTO `resource` VALUES ('29', 'Ryan1987', '29', 'https://www.butverteter.cy/ndea/uldonuld/ishinhis/tedmenotere.htm', 'Aperiam voluptatem sed vero ab sapiente mollitia nam aut. Odit nisi dolores magnam mollitia doloremque. Voluptatem libero enim! Nostrum nihil tenetur et voluptate. Commodi quaerat vitae est! Perspiciatis voluptas ea minima beatae corrupti. Ut recusandae libero sequi et rerum. Quia rerum laborum repellendus aut excepturi? Sed at natus! Rem illum excepturi.', '1970-01-29 00:00:01');
INSERT INTO `resource` VALUES ('30', 'Dillon12', '30', 'http://www.oubutthiis.br/an/edleas/veroul/ingneonst.asp', 'Quo accusamus est sit quia voluptatem aliquam exercitationem. Dolore ab quos ducimus quos cupiditate delectus reprehenderit? Quaerat maiores blanditiis est placeat et placeat. Sit perferendis quaerat error; non perspiciatis et incidunt voluptatum fugit. Eum qui incidunt reprehenderit dolore. Voluptas atque est et esse. Eaque veniam velit ipsum veritatis dicta dolor est perferendis.', '1970-01-30 00:00:01');
INSERT INTO `resource` VALUES ('31', 'Antonette2027', '31', 'http://www.inedreall.ca/shoionan/hadter/notng.php?t=61', 'Dolorem nihil vel qui reiciendis. Mollitia eum adipisci asperiores deserunt. Error aliquam ab voluptatem illo laborum; deleniti numquam accusantium est. Explicabo doloribus quia voluptates sint est aut facere optio. Sint quis aliquam odio et accusantium ut est eum; quam quia ducimus ut debitis qui voluptates eos dolores.', '1970-01-31 00:00:01');
INSERT INTO `resource` VALUES ('32', 'Weston2024', '32', 'http://andalloulera.mx/wit/innt/hihate.htm', 'Porro ut nihil amet nemo facilis. Libero sed voluptatibus enim. Voluptatem voluptas et similique molestiae praesentium. Reprehenderit velit quod accusantium sint a ducimus illum voluptas. Dolorem amet veritatis enim tempore vero non. Numquam sequi obcaecati in consequatur quibusdam. Tempora totam dolore sed qui iste sit possimus voluptatem.', '1970-02-01 00:00:01');
INSERT INTO `resource` VALUES ('33', 'Gordon767', '33', 'https://henwiterith.jp/seereyou/ionforuld/erante/shoartifor.php?t=37&p=3180', 'Aspernatur beatae asperiores obcaecati voluptatem. Autem voluptas aperiam cumque. Consequuntur optio qui deserunt et. Aliquam ex officiis. Quia cumque rem voluptas ex fuga voluptatibus? Quia sapiente magnam laboriosam minima in omnis reiciendis magni. Nemo rerum voluptatem ut molestiae corrupti excepturi. Laudantium eligendi quia ea. Voluptas fugit harum nobis corporis placeat deserunt qui...', '1970-02-02 00:00:01');
INSERT INTO `resource` VALUES ('34', 'Dannie117', '34', 'http://www.allalaled.ar/ithention/onhi/re/notthtiotio.html', 'Dolorem assumenda ab aliquam est laboriosam harum necessitatibus consequatur. In adipisci qui quisquam possimus nihil iure modi deleniti. Non et sapiente et odio doloribus voluptas ea at. Esse rerum modi molestiae quaerat cupiditate deserunt sunt nostrum? Odit excepturi quasi nihil error ipsam totam consequatur ipsam.', '1970-02-03 00:00:01');
INSERT INTO `resource` VALUES ('35', 'Willey5', '35', 'https://www.butonere.ua/forve/onourent/butve/thabut.html#565', 'Voluptatibus repudiandae quia ipsam omnis. Voluptatem omnis sunt esse labore voluptate ullam fuga ut. Aut ullam aliquid iusto dolor autem voluptates vel! Delectus vel assumenda commodi repellat voluptates perspiciatis non consequatur? Architecto facere non aut. Sit totam vel quod accusantium ducimus aperiam. Voluptatum veniam asperiores? Inventore iure ut. Est totam labore.', '1970-02-04 00:00:01');
INSERT INTO `resource` VALUES ('36', 'Zack1976', '36', 'http://meitveou.tr/youmeve/forartiare.htm#1818', 'Quae voluptatem et earum eligendi. Magnam deserunt itaque! Sed id esse expedita temporibus. A fugiat aperiam omnis quia consectetur iusto? Veritatis consequatur dolorem earum sed. Ipsam numquam commodi aperiam aliquid. Facilis aut beatae non enim magni vitae eligendi et. Harum necessitatibus unde dolores distinctio mollitia nesciunt optio atque.', '1970-02-05 00:00:01');

-- ----------------------------
-- Table structure for resource_category
-- ----------------------------
DROP TABLE IF EXISTS `resource_category`;
CREATE TABLE `resource_category` (
  `id` bigint NOT NULL AUTO_INCREMENT,
  `name` varchar(200) DEFAULT NULL,
  `create_time` datetime DEFAULT NULL,
  PRIMARY KEY (`id`)
) ENGINE=InnoDB AUTO_INCREMENT=37 DEFAULT CHARSET=utf8mb4 COLLATE=utf8mb4_general_ci;

-- ----------------------------
-- Records of resource_category
-- ----------------------------
INSERT INTO `resource_category` VALUES ('1', 'Music', '1970-01-01 00:00:01');
INSERT INTO `resource_category` VALUES ('2', 'Baby', '1970-01-02 00:00:01');
INSERT INTO `resource_category` VALUES ('3', 'Games', '1970-01-03 00:00:01');
INSERT INTO `resource_category` VALUES ('4', 'Gifts', '1970-01-04 00:00:01');
INSERT INTO `resource_category` VALUES ('5', 'Garden', '1970-01-05 00:00:01');
INSERT INTO `resource_category` VALUES ('6', 'Tools', '1970-01-06 00:00:01');
INSERT INTO `resource_category` VALUES ('7', 'Health', '1970-01-07 00:00:01');
INSERT INTO `resource_category` VALUES ('8', 'Office', '1970-01-08 00:00:01');
INSERT INTO `resource_category` VALUES ('9', 'Garden', '1970-01-09 00:00:01');
INSERT INTO `resource_category` VALUES ('10', 'Clothing', '1970-01-10 00:00:01');
INSERT INTO `resource_category` VALUES ('11', 'Sports', '1970-01-11 00:00:01');
INSERT INTO `resource_category` VALUES ('12', 'Clothing', '1970-01-12 00:00:01');
INSERT INTO `resource_category` VALUES ('13', 'Toys', '1970-01-13 00:00:01');
INSERT INTO `resource_category` VALUES ('14', 'Sports', '1970-01-14 00:00:01');
INSERT INTO `resource_category` VALUES ('15', 'Computers', '1970-01-15 00:00:01');
INSERT INTO `resource_category` VALUES ('16', 'Garden', '1970-01-16 00:00:01');
INSERT INTO `resource_category` VALUES ('17', 'Music', '1970-01-17 00:00:01');
INSERT INTO `resource_category` VALUES ('18', 'Electronics', '1970-01-18 00:00:01');
INSERT INTO `resource_category` VALUES ('19', 'Jewelry', '1970-01-19 00:00:01');
INSERT INTO `resource_category` VALUES ('20', 'Pharmacy', '1970-01-20 00:00:01');
INSERT INTO `resource_category` VALUES ('21', 'Clothing', '1970-01-21 00:00:01');
INSERT INTO `resource_category` VALUES ('22', 'Games', '1970-01-22 00:00:01');
INSERT INTO `resource_category` VALUES ('23', 'Health', '1970-01-23 00:00:01');
INSERT INTO `resource_category` VALUES ('24', 'Clothing', '1970-01-24 00:00:01');
INSERT INTO `resource_category` VALUES ('25', 'Toys', '1970-01-25 00:00:01');
INSERT INTO `resource_category` VALUES ('26', 'Pets', '1970-01-26 00:00:01');
INSERT INTO `resource_category` VALUES ('27', 'Garden', '1970-01-27 00:00:01');
INSERT INTO `resource_category` VALUES ('28', 'Pets', '1970-01-28 00:00:01');
INSERT INTO `resource_category` VALUES ('29', 'Toys', '1970-01-29 00:00:01');
INSERT INTO `resource_category` VALUES ('30', 'Patio', '1970-01-30 00:00:01');
INSERT INTO `resource_category` VALUES ('31', 'Audible', '1970-01-31 00:00:01');
INSERT INTO `resource_category` VALUES ('32', 'Toys', '1970-02-01 00:00:01');
INSERT INTO `resource_category` VALUES ('33', 'Patio', '1970-02-02 00:00:01');
INSERT INTO `resource_category` VALUES ('34', 'Audible', '1970-02-03 00:00:01');
INSERT INTO `resource_category` VALUES ('35', 'Sports', '1970-02-04 00:00:01');
INSERT INTO `resource_category` VALUES ('36', 'Office', '1970-02-05 00:00:01');

-- ----------------------------
-- Table structure for role
-- ----------------------------
DROP TABLE IF EXISTS `role`;
CREATE TABLE `role` (
  `id` bigint NOT NULL AUTO_INCREMENT,
  `name` varchar(64) DEFAULT NULL,
  `description` varchar(500) DEFAULT NULL,
  `admin_count` bigint DEFAULT NULL,
  `status` int DEFAULT NULL,
  `creat_time` datetime DEFAULT NULL,
  PRIMARY KEY (`id`)
) ENGINE=InnoDB AUTO_INCREMENT=37 DEFAULT CHARSET=utf8mb4 COLLATE=utf8mb4_general_ci;

-- ----------------------------
-- Records of role
-- ----------------------------
INSERT INTO `role` VALUES ('1', 'Lyndon191', 'Architecto qui atque odio. In iure provident cumque minus repellat cumque laborum consequatur. Odio omnis ut alias fuga. Porro non voluptas labore sit dolores doloribus accusamus doloremque. Modi sunt eum tempore pariatur qui aspernatur vitae esse. Quibusdam blanditiis enim eos perspiciatis sint quod dicta quia.', '-9223372036854775808', '-2147483648', '1970-01-01 00:00:01');
INSERT INTO `role` VALUES ('2', 'Colton763', 'Ut nihil ullam dicta esse omnis voluptas eius cum.', '-9223372036854775807', '-2147483647', '1970-01-02 00:00:01');
INSERT INTO `role` VALUES ('3', 'Chacon447', 'Dolor quia voluptas corrupti suscipit nobis hic nobis. Ex fugit quam velit at eligendi quae dolorum. Ab dolores omnis ipsa magni placeat eum ullam? Error modi minus dolorem omnis ut voluptates voluptate! Iste omnis vel enim rem officia. Porro aperiam quo! Assumenda quidem rem. Ex atque sit. Rem tempore architecto!', '-9223372036854775806', '-2147483646', '1970-01-03 00:00:01');
INSERT INTO `role` VALUES ('4', 'Bourne1970', 'Mollitia sit exercitationem aliquam nesciunt voluptas reiciendis maxime nobis.', '-9223372036854775805', '-2147483645', '1970-01-04 00:00:01');
INSERT INTO `role` VALUES ('5', 'Short1984', 'Harum autem excepturi aut consectetur corporis. Qui eveniet eos nemo sunt in ad. Aut enim dolores consequatur ut libero. Eum consequuntur repudiandae impedit commodi praesentium nihil; nostrum eius eaque laudantium. Molestiae eum fugit. Suscipit quibusdam sit ex ut natus dolores? Totam soluta fuga inventore nostrum repellendus eos. Quod et rem facilis saepe quia rem autem corporis!', '-9223372036854775804', '-2147483644', '1970-01-05 00:00:01');
INSERT INTO `role` VALUES ('6', 'Gena5', 'Minus nihil magni cupiditate quas aut fuga reprehenderit eveniet. Suscipit enim provident est maiores rerum enim et qui! Eos voluptatem reiciendis ea dolor voluptas dolor odit quod. Tenetur quia tenetur fuga mollitia velit qui fuga aut. Tempora ea aspernatur voluptatem iusto sint odit aspernatur atque.', '-9223372036854775803', '-2147483643', '1970-01-06 00:00:01');
INSERT INTO `role` VALUES ('7', 'Cousins87', 'Et aliquid qui maiores. Libero quia sequi et ea! Esse dolores temporibus qui dolor accusantium. Sed sunt repellendus laborum aut ipsam harum? Sit facilis quia. Et architecto iure reiciendis debitis omnis. Consectetur enim nihil enim fuga qui nesciunt et sapiente. Iusto et optio nostrum eius sit nesciunt sit in!', '-9223372036854775802', '-2147483642', '1970-01-07 00:00:01');
INSERT INTO `role` VALUES ('8', 'Sharyl834', 'Laudantium ullam rerum et voluptas in laudantium vel molestiae. Voluptatem reprehenderit soluta minus tempore voluptatem earum culpa quo!', '-9223372036854775801', '-2147483641', '1970-01-08 00:00:01');
INSERT INTO `role` VALUES ('9', 'Humphries192', 'Et consequatur maiores deserunt quo quia qui. Mollitia laboriosam neque nihil aut. Magnam et excepturi iste amet. Perferendis nostrum accusamus! Incidunt soluta labore ut rerum eligendi velit. Deserunt at eaque qui ab ut quae est facilis. Molestiae voluptate ut laborum enim debitis iure magnam? Eius voluptatibus explicabo. Culpa ad iure?', '-9223372036854775800', '-2147483640', '1970-01-09 00:00:01');
INSERT INTO `role` VALUES ('10', 'Mclean912', 'Porro quia aut reprehenderit sunt sint eaque aliquam ipsam. Nostrum dignissimos a atque est nobis nam magnam quis! Voluptatem et in vel placeat voluptatem dolor qui dignissimos.', '-9223372036854775799', '-2147483639', '1970-01-10 00:00:01');
INSERT INTO `role` VALUES ('11', 'Dusty1951', 'Assumenda quisquam dolorum ut placeat aliquid tempora. Ipsum nihil enim eos molestiae dolorem facere. Eligendi placeat aspernatur assumenda natus ab et itaque sequi! Accusantium architecto ratione iusto. Dolores quia necessitatibus commodi harum ut temporibus dolores maxime? Veniam temporibus aliquid fugiat a et est consequatur ducimus.', '-9223372036854775798', '-2147483638', '1970-01-11 00:00:01');
INSERT INTO `role` VALUES ('12', 'Berry1985', 'Quos quia ea laudantium. Eos aperiam velit. Est modi laboriosam praesentium ullam voluptatem nobis quasi blanditiis! Quam fugiat doloribus voluptatum sed accusamus nulla nihil in; at distinctio quia reprehenderit ad saepe debitis perspiciatis et. Suscipit voluptatibus et ut voluptas dolorem culpa quam voluptatum...', '-9223372036854775797', '-2147483637', '1970-01-12 00:00:01');
INSERT INTO `role` VALUES ('13', 'Peterman2007', 'Asperiores deleniti impedit mollitia nisi tenetur perferendis rerum dolorem. Sed quisquam explicabo natus amet debitis quisquam quidem. Odit illo rerum adipisci quam et eius omnis. Voluptas adipisci quis; et deserunt recusandae necessitatibus dolor quo quisquam omnis rem. Minus sit placeat doloremque cumque et aspernatur ab dolor!', '-9223372036854775796', '-2147483636', '1970-01-13 00:00:01');
INSERT INTO `role` VALUES ('14', 'Shannon1981', 'Rerum tempore similique et ratione ut omnis quia iste. Culpa perferendis consequatur? Error molestiae sit modi! Ducimus repudiandae molestiae consectetur asperiores quam ducimus nam sapiente. Ullam obcaecati doloremque ex ab autem velit iste necessitatibus! Iure vel commodi sapiente deserunt reprehenderit omnis ullam non...', '-9223372036854775795', '-2147483635', '1970-01-14 00:00:01');
INSERT INTO `role` VALUES ('15', 'Domingo5', 'Doloribus deleniti eos sint quis rerum officiis delectus eaque. Qui porro mollitia quam laudantium officiis doloremque omnis sunt. Ratione ipsam voluptatum error aut mollitia repellendus sint quia. Cumque et aut quisquam placeat corrupti delectus deleniti eaque.', '-9223372036854775794', '-2147483634', '1970-01-15 00:00:01');
INSERT INTO `role` VALUES ('16', 'Richmond43', 'Adipisci dignissimos excepturi atque quis corporis aperiam voluptatem quaerat. Dicta aut deserunt sint inventore esse est excepturi est! Officiis et culpa velit expedita et perspiciatis id enim.', '-9223372036854775793', '-2147483633', '1970-01-16 00:00:01');
INSERT INTO `role` VALUES ('17', 'Priest2010', 'Vel aut eligendi sit vitae suscipit. Omnis eum consequatur. Animi ullam iste possimus et ipsa hic voluptas officia! Mollitia eum omnis consequatur enim id quo iusto sed. Deserunt incidunt voluptatem soluta aut et enim repudiandae id! Deleniti distinctio adipisci placeat ipsa quis molestiae dolor enim.', '-9223372036854775792', '-2147483632', '1970-01-17 00:00:01');
INSERT INTO `role` VALUES ('18', 'Moyer5', 'Provident quo accusamus et quas delectus molestiae ipsum omnis.', '-9223372036854775791', '-2147483631', '1970-01-18 00:00:01');
INSERT INTO `role` VALUES ('19', 'Chalmers146', 'Sequi iusto et. Iste recusandae incidunt; excepturi nemo corrupti sequi voluptatem aut nobis. Quae dolores odio. Quam qui ut aliquam ipsa sint; quidem dolorem adipisci dolor aliquam dolor officiis. Qui consectetur quia doloribus est magnam error. Dignissimos ut est autem et mollitia nihil quia provident; dolores est dignissimos.', '-9223372036854775790', '-2147483630', '1970-01-19 00:00:01');
INSERT INTO `role` VALUES ('20', 'Shane799', 'Consequatur culpa dolorem consequatur culpa aut minima veniam delectus. Excepturi id ab ratione enim quos asperiores. Omnis inventore aliquid est inventore et corporis. Nesciunt veniam rerum. Nihil aut sed voluptatem sapiente eaque. Aut praesentium dolorem voluptatem incidunt voluptate et ea delectus; deleniti nemo ut. Et laudantium maxime? Libero quo est.', '-9223372036854775789', '-2147483629', '1970-01-20 00:00:01');
INSERT INTO `role` VALUES ('21', 'Bueno1968', 'Earum recusandae libero adipisci officiis. Ea suscipit libero adipisci sit repudiandae sed vel. Aperiam assumenda beatae laudantium. Quaerat ex ea iste eaque tempora. Consectetur voluptatem eligendi aut facere. Culpa quidem eum et rerum qui. Sit mollitia error eaque et. In quia minus vel ex aut consequatur delectus tempore!', '-9223372036854775788', '-2147483628', '1970-01-21 00:00:01');
INSERT INTO `role` VALUES ('22', 'Thad1968', 'Qui sequi ut et sed tempora nostrum voluptatem qui; ut eum voluptas illo suscipit veritatis quas qui est. Assumenda quia placeat nisi perspiciatis sit ad maxime sit. Reiciendis doloremque voluptatum quis aut vitae quos quidem rerum? Animi nulla similique magnam tempora consequuntur aspernatur consequuntur nostrum!', '-9223372036854775787', '-2147483627', '1970-01-22 00:00:01');
INSERT INTO `role` VALUES ('23', 'Viera396', 'Voluptatem et accusamus quam nulla voluptatibus porro tempore nemo; eveniet aperiam et ipsam saepe corporis rerum laudantium excepturi.', '-9223372036854775786', '-2147483626', '1970-01-23 00:00:01');
INSERT INTO `role` VALUES ('24', 'Emery519', 'Ipsam quia est vel unde vel odio. Alias fugit voluptas; autem rem qui sed praesentium quaerat modi quas tempore. Sunt repellendus nesciunt aspernatur inventore praesentium aut quaerat suscipit. Incidunt dolorum alias velit pariatur ratione sed sint voluptatem! Qui deleniti beatae quia voluptatibus error et eius accusamus.', '-9223372036854775785', '-2147483625', '1970-01-24 00:00:01');
INSERT INTO `role` VALUES ('25', 'Gary538', 'Ut rerum est nulla natus dicta assumenda et temporibus. Itaque magni sunt doloremque autem quas temporibus illum inventore. Ut suscipit quas aut consequuntur natus ut dolorem sint; quo qui minima libero a non error qui tenetur. Quia velit ex harum enim voluptatem possimus nihil asperiores.', '-9223372036854775784', '-2147483624', '1970-01-25 00:00:01');
INSERT INTO `role` VALUES ('26', 'Mcclintock2018', 'Enim facere quis aut consequatur doloribus harum. Itaque voluptate et obcaecati ut magni ipsam; illum repudiandae nobis dolorum reprehenderit culpa. Harum doloribus quas nulla id aliquid! Aliquam ea dolor modi doloribus. Quasi voluptas odio iusto consequatur quidem. Repellat non minus sit fugit voluptates mollitia exercitationem impedit.', '-9223372036854775783', '-2147483623', '1970-01-26 00:00:01');
INSERT INTO `role` VALUES ('27', 'Herb816', 'Incidunt et consequatur minus quam qui et architecto non. Assumenda quas est ut quia reiciendis ex id sit. Sit commodi nam dolores repellat eius qui neque corporis. Et reprehenderit ut exercitationem rerum ipsum sunt vel est...', '-9223372036854775782', '-2147483622', '1970-01-27 00:00:01');
INSERT INTO `role` VALUES ('28', 'Daily2006', 'Earum labore est quia est qui ullam tempore rem. Sint et laboriosam iure et placeat atque eveniet sit? Dignissimos nisi est autem odit autem dolorum illo itaque. Voluptate veniam similique ea sint aut repellat maiores consequuntur!', '-9223372036854775781', '-2147483621', '1970-01-28 00:00:01');
INSERT INTO `role` VALUES ('29', 'Sanford126', 'Maxime earum iusto nihil optio ratione officiis voluptas quas. Corporis esse laborum rerum velit hic natus placeat velit; ut numquam alias maiores id quaerat unde error tempora. Reiciendis enim eligendi saepe dolorum dolores iure dolores nihil. Quae omnis explicabo sequi nemo ut saepe repellendus mollitia.', '-9223372036854775780', '-2147483620', '1970-01-29 00:00:01');
INSERT INTO `role` VALUES ('30', 'Wilburn2014', 'Praesentium et pariatur. Iusto sed ut quia reprehenderit nostrum. Ea et sequi odit et esse ratione non aspernatur? Quia iste laudantium est non et facere repudiandae eaque. Eveniet qui sunt non animi delectus repellat provident ex. Porro similique delectus accusantium similique a quae magnam nulla.', '-9223372036854775779', '-2147483619', '1970-01-30 00:00:01');
INSERT INTO `role` VALUES ('31', 'Michele43', 'Facere laboriosam est nesciunt officia accusantium quisquam maxime dolor. Eaque vel quam placeat autem cumque atque sit debitis? Est non qui cumque voluptatum sit aut qui quisquam. Dolor saepe autem saepe tempore nisi dolores et quia.', '-9223372036854775778', '-2147483618', '1970-01-31 00:00:01');
INSERT INTO `role` VALUES ('32', 'Fausto9', 'Dolores architecto impedit in rem blanditiis nihil. Molestiae quae provident cumque aliquid amet modi et quos. Error dolores animi quia iusto id! Eaque aliquid qui molestiae et. Aut repellat magni; commodi reiciendis fugiat explicabo in officia ut qui similique. Eum expedita et id sed qui provident quasi ut...', '-9223372036854775777', '-2147483617', '1970-02-01 00:00:01');
INSERT INTO `role` VALUES ('33', 'Rucker386', 'Nihil laborum enim eaque et iusto quo voluptates quis.', '-9223372036854775776', '-2147483616', '1970-02-02 00:00:01');
INSERT INTO `role` VALUES ('34', 'Crane1950', 'Qui sunt voluptatem distinctio exercitationem veritatis eum qui. Sed voluptatem sit sunt? Et quo exercitationem. Ea molestias labore? Voluptatem error consequuntur labore expedita saepe doloribus aut alias. Nostrum hic dolore ut natus placeat omnis fuga ea. Natus et porro sequi sit consectetur facilis aut pariatur.', '-9223372036854775775', '-2147483615', '1970-02-03 00:00:01');
INSERT INTO `role` VALUES ('35', 'Hyacinth977', 'Consequatur omnis sed quibusdam doloremque ut unde molestias maxime. Mollitia iure sed rerum veritatis voluptas cupiditate distinctio voluptas.', '-9223372036854775774', '-2147483614', '1970-02-04 00:00:01');
INSERT INTO `role` VALUES ('36', 'Sabina2004', 'Qui quo velit qui dolor numquam non dignissimos quo. Voluptatem necessitatibus et dignissimos expedita. Atque voluptate aliquid et rerum. Eum sit aliquam ipsam neque in. Voluptate velit omnis at rem dolorem corporis. Nostrum accusantium voluptas quis aut velit. Illum dolores vitae perferendis odio reiciendis et quia rem.', '-9223372036854775773', '-2147483613', '1970-02-05 00:00:01');

-- ----------------------------
-- Table structure for role_menu_relation
-- ----------------------------
DROP TABLE IF EXISTS `role_menu_relation`;
CREATE TABLE `role_menu_relation` (
  `id` bigint NOT NULL AUTO_INCREMENT,
  `role_id` bigint DEFAULT NULL,
  `menu_id` bigint DEFAULT NULL,
  PRIMARY KEY (`id`),
  KEY `FK_Reference_411` (`role_id`),
  KEY `FK_Reference_511` (`menu_id`),
  CONSTRAINT `FK_Reference_411` FOREIGN KEY (`role_id`) REFERENCES `role` (`id`) ON DELETE RESTRICT ON UPDATE RESTRICT,
  CONSTRAINT `FK_Reference_511` FOREIGN KEY (`menu_id`) REFERENCES `menu` (`id`) ON DELETE RESTRICT ON UPDATE RESTRICT
) ENGINE=InnoDB AUTO_INCREMENT=37 DEFAULT CHARSET=utf8mb4 COLLATE=utf8mb4_general_ci;

-- ----------------------------
-- Records of role_menu_relation
-- ----------------------------
INSERT INTO `role_menu_relation` VALUES ('1', '1', '1');
INSERT INTO `role_menu_relation` VALUES ('2', '2', '2');
INSERT INTO `role_menu_relation` VALUES ('3', '3', '3');
INSERT INTO `role_menu_relation` VALUES ('4', '4', '4');
INSERT INTO `role_menu_relation` VALUES ('5', '5', '5');
INSERT INTO `role_menu_relation` VALUES ('6', '6', '6');
INSERT INTO `role_menu_relation` VALUES ('7', '7', '7');
INSERT INTO `role_menu_relation` VALUES ('8', '8', '8');
INSERT INTO `role_menu_relation` VALUES ('9', '9', '9');
INSERT INTO `role_menu_relation` VALUES ('10', '10', '10');
INSERT INTO `role_menu_relation` VALUES ('11', '11', '11');
INSERT INTO `role_menu_relation` VALUES ('12', '12', '12');
INSERT INTO `role_menu_relation` VALUES ('13', '13', '13');
INSERT INTO `role_menu_relation` VALUES ('14', '14', '14');
INSERT INTO `role_menu_relation` VALUES ('15', '15', '15');
INSERT INTO `role_menu_relation` VALUES ('16', '16', '16');
INSERT INTO `role_menu_relation` VALUES ('17', '17', '17');
INSERT INTO `role_menu_relation` VALUES ('18', '18', '18');
INSERT INTO `role_menu_relation` VALUES ('19', '19', '19');
INSERT INTO `role_menu_relation` VALUES ('20', '20', '20');
INSERT INTO `role_menu_relation` VALUES ('21', '21', '21');
INSERT INTO `role_menu_relation` VALUES ('22', '22', '22');
INSERT INTO `role_menu_relation` VALUES ('23', '23', '23');
INSERT INTO `role_menu_relation` VALUES ('24', '24', '24');
INSERT INTO `role_menu_relation` VALUES ('25', '25', '25');
INSERT INTO `role_menu_relation` VALUES ('26', '26', '26');
INSERT INTO `role_menu_relation` VALUES ('27', '27', '27');
INSERT INTO `role_menu_relation` VALUES ('28', '28', '28');
INSERT INTO `role_menu_relation` VALUES ('29', '29', '29');
INSERT INTO `role_menu_relation` VALUES ('30', '30', '30');
INSERT INTO `role_menu_relation` VALUES ('31', '31', '31');
INSERT INTO `role_menu_relation` VALUES ('32', '32', '32');
INSERT INTO `role_menu_relation` VALUES ('33', '33', '33');
INSERT INTO `role_menu_relation` VALUES ('34', '34', '34');
INSERT INTO `role_menu_relation` VALUES ('35', '35', '35');
INSERT INTO `role_menu_relation` VALUES ('36', '36', '36');

-- ----------------------------
-- Table structure for role_resource_relation
-- ----------------------------
DROP TABLE IF EXISTS `role_resource_relation`;
CREATE TABLE `role_resource_relation` (
  `id` bigint NOT NULL AUTO_INCREMENT,
  `role_id` bigint DEFAULT NULL,
  `resource_id` bigint DEFAULT NULL,
  PRIMARY KEY (`id`),
  KEY `FK_Reference_611` (`role_id`),
  KEY `FK_Reference_711` (`resource_id`),
  CONSTRAINT `FK_Reference_611` FOREIGN KEY (`role_id`) REFERENCES `role` (`id`) ON DELETE RESTRICT ON UPDATE RESTRICT,
  CONSTRAINT `FK_Reference_711` FOREIGN KEY (`resource_id`) REFERENCES `resource` (`id`) ON DELETE RESTRICT ON UPDATE RESTRICT
) ENGINE=InnoDB AUTO_INCREMENT=37 DEFAULT CHARSET=utf8mb4 COLLATE=utf8mb4_general_ci;

-- ----------------------------
-- Records of role_resource_relation
-- ----------------------------
INSERT INTO `role_resource_relation` VALUES ('1', '1', '1');
INSERT INTO `role_resource_relation` VALUES ('2', '2', '2');
INSERT INTO `role_resource_relation` VALUES ('3', '3', '3');
INSERT INTO `role_resource_relation` VALUES ('4', '4', '4');
INSERT INTO `role_resource_relation` VALUES ('5', '5', '5');
INSERT INTO `role_resource_relation` VALUES ('6', '6', '6');
INSERT INTO `role_resource_relation` VALUES ('7', '7', '7');
INSERT INTO `role_resource_relation` VALUES ('8', '8', '8');
INSERT INTO `role_resource_relation` VALUES ('9', '9', '9');
INSERT INTO `role_resource_relation` VALUES ('10', '10', '10');
INSERT INTO `role_resource_relation` VALUES ('11', '11', '11');
INSERT INTO `role_resource_relation` VALUES ('12', '12', '12');
INSERT INTO `role_resource_relation` VALUES ('13', '13', '13');
INSERT INTO `role_resource_relation` VALUES ('14', '14', '14');
INSERT INTO `role_resource_relation` VALUES ('15', '15', '15');
INSERT INTO `role_resource_relation` VALUES ('16', '16', '16');
INSERT INTO `role_resource_relation` VALUES ('17', '17', '17');
INSERT INTO `role_resource_relation` VALUES ('18', '18', '18');
INSERT INTO `role_resource_relation` VALUES ('19', '19', '19');
INSERT INTO `role_resource_relation` VALUES ('20', '20', '20');
INSERT INTO `role_resource_relation` VALUES ('21', '21', '21');
INSERT INTO `role_resource_relation` VALUES ('22', '22', '22');
INSERT INTO `role_resource_relation` VALUES ('23', '23', '23');
INSERT INTO `role_resource_relation` VALUES ('24', '24', '24');
INSERT INTO `role_resource_relation` VALUES ('25', '25', '25');
INSERT INTO `role_resource_relation` VALUES ('26', '26', '26');
INSERT INTO `role_resource_relation` VALUES ('27', '27', '27');
INSERT INTO `role_resource_relation` VALUES ('28', '28', '28');
INSERT INTO `role_resource_relation` VALUES ('29', '29', '29');
INSERT INTO `role_resource_relation` VALUES ('30', '30', '30');
INSERT INTO `role_resource_relation` VALUES ('31', '31', '31');
INSERT INTO `role_resource_relation` VALUES ('32', '32', '32');
INSERT INTO `role_resource_relation` VALUES ('33', '33', '33');
INSERT INTO `role_resource_relation` VALUES ('34', '34', '34');
INSERT INTO `role_resource_relation` VALUES ('35', '35', '35');
INSERT INTO `role_resource_relation` VALUES ('36', '36', '36');

-- ----------------------------
-- Table structure for subject
-- ----------------------------
DROP TABLE IF EXISTS `subject`;
CREATE TABLE `subject` (
  `id` bigint NOT NULL AUTO_INCREMENT,
  `title` varchar(200) DEFAULT NULL,
  `content` text,
  `icon` varchar(1000) DEFAULT NULL,
  `category_id` bigint DEFAULT NULL,
  `show_status` int DEFAULT NULL,
  `project_count` int DEFAULT NULL,
  `create_time` datetime DEFAULT NULL,
  PRIMARY KEY (`id`),
  KEY `FK_Reference_224` (`category_id`),
  CONSTRAINT `FK_Reference_224` FOREIGN KEY (`category_id`) REFERENCES `subject_category` (`id`) ON DELETE RESTRICT ON UPDATE RESTRICT
) ENGINE=InnoDB AUTO_INCREMENT=37 DEFAULT CHARSET=utf8mb4 COLLATE=utf8mb4_general_ci;

-- ----------------------------
-- Records of subject
-- ----------------------------
INSERT INTO `subject` VALUES ('1', 'Eum similique voluptatibus iste.', 'XKY062CU06J79I90ZP23F133AGQV8IWEB683QR493282A834K8351KP30QUX38M79CARD0M24PL1I1PBT0113L59O374O49YB0T2E93V24H2D5MQO3S8P5DEVGI8H80LG32G2JP19ARA5F96Z32ZBY77217I9NI5N1L7YO2R98XRNIQCR4', '187L803Q3A8', '1', '-2147483648', '-2147483648', '1970-01-01 00:00:01');
INSERT INTO `subject` VALUES ('2', 'Eveniet laboriosam cupiditate ipsam.', '5PS8HC66740NQ77KC1RWVQ1Z5AMV38GLWCOTMJ3P4G69B8627HY98X6G60MCYHS2CFN1QP1MA08SFIPJM5RT6QR10', '9876S81T391', '2', '-2147483647', '-2147483647', '1970-01-02 00:00:01');
INSERT INTO `subject` VALUES ('3', 'Ut eligendi enim omnis eos hic.', '366N1314HEZIBO3Z31YG17KZE7L5', 'M6E4B812V0ZTDZDL78N93Z2RE4WZ4RJL05J6C373R6718058OH436M15BXK93', '3', '-2147483646', '-2147483646', '1970-01-03 00:00:01');
INSERT INTO `subject` VALUES ('4', 'Facere reiciendis consequatur.', '4QD24S03ZIOQDXW539TVQC86Y7DZ9AYU23V', '1F2H9HOKPXU36F63DZ8DO6T7FG09265XSX1JVO76SU4387P83G4Y4B9D703AR5T1KEL0TT93V36E2R098U0S52N9X73J9LXYOZQYI9SXT4J7T3KG132AM943VPOD2M2UL2228VDF03BMX0717N331ZHRUOO7D0X4887ENNSM283C662K43VE9P401848J6U09C0JZF3V7BS2QQYCD6YXHP3J8HW7M262E3KZJ98IYF856G1Y0917TR9163Y5B6YAU8TYS39F75NG6DRTZJ5C665412AL1R5H02Z9L9D7Y5EN0M8YJ6WXB9BPC8LE6R1M60N7LM8A06ZSKG9D85366MQF6C73R9QJMYPAF085Y1SOMR6N48C5GS68A771P19Z8787O29L', '4', '-2147483645', '-2147483645', '1970-01-04 00:00:01');
INSERT INTO `subject` VALUES ('5', 'Dolores fuga magni.', 'JGMY9577NRRD4QCTO918929E8MGZ73908AH39HU175W7S19H9CV5HPXU168', '99FYD1BD2OE79B0RMH9CAWWQ1DABG2VICQC72NECBZE49I12K76A5Z2KW1632R8XZ54WZ8513JUEPO330A3U9093L7S0G3OOC180M1G20UT4164I2F4E65P7OE1D077U9ZKJMLF09B7J7OZ6J7', '5', '-2147483644', '-2147483644', '1970-01-05 00:00:01');
INSERT INTO `subject` VALUES ('6', 'Sint quo aperiam molestias sint est.', 'N7NNA4F49OMHKX6MWJJPS13E6D4F4FU7C6JVD373C50AB11UT10I62SJE24', '8W026NZ46FS734T', '6', '-2147483643', '-2147483643', '1970-01-06 00:00:01');
INSERT INTO `subject` VALUES ('7', 'Officiis eaque inventore voluptatibus.', '1CE8P0DVW', '6J06L83BB23CJR8', '7', '-2147483642', '-2147483642', '1970-01-07 00:00:01');
INSERT INTO `subject` VALUES ('8', 'Ut earum numquam exercitationem enim.', '98QD5G50J9MF24P9IQB3P7AU2QX2RMA36LQM6SU37X4E3V7WV51659C423T20IWRL973O05S7O536JD57MO505Z34RK58O18V4G06POQ1LN2R2V2060YI4YWZ37IC3QYP79B9HX7CNWCM1T820I4HWX520RX17E8I7J5L50H48B9NJL16NXBP29E8D5TOBN13Y46ZRZ8', 'HOWY5I7T2130REU75UHHJW570AA131TVU1B', '8', '-2147483641', '-2147483641', '1970-01-08 00:00:01');
INSERT INTO `subject` VALUES ('9', 'Aperiam sunt totam.', 'EHK8TTQ397UEF7LX3J11J8HHTSDE0AVI1R4ISX6H3J3GJYPAS4NEWPU5770KOL5G2VCKLS41600CM9GYR12X19G5402U0W9B5495Z0PS01928V24VJVE09WY3W0NVLNX4X1W8L00H8353T6SWDWKL2Q8OJ1', 'LA798ST28OM0E0785209X9264B8G51F3441XS30EV963B', '9', '-2147483640', '-2147483640', '1970-01-09 00:00:01');
INSERT INTO `subject` VALUES ('10', 'Nemo expedita veniam iure non sit.', '508L71UMNHUK584BMW60KVZM4BA0C1E85KS052M7925W73I299Z2C9J00T66138T10U4979G50728BJD5BY84', 'S8I17QJE74D5GP9H6W01WLV3L2M793G9N2JEP18Z89XY1KGZ86RUFH71Y8492EI5BDIOKGP2L4559P5N99KFGRZ9U1719HC8I40PW0952D8B985Z42954JNUF3AHF94UNP5K', '10', '-2147483639', '-2147483639', '1970-01-10 00:00:01');
INSERT INTO `subject` VALUES ('11', 'Unde animi aut molestiae voluptatem.', 'O4', 'JTD1ASP656UHZ2A95FR4DFR061C6M4984PIPB530FLF5X3J4T4TE53R9NI18LFHN6J00PXF7ECA1E2X7PGW20BZ34O4F0BRD674BLYGQ5AYT6L73PT1U82YI749D0895GTLP47267TS8G49IR1587DI19CWU9621GI299VNLTELC6WO070Y8XBP4', '11', '-2147483638', '-2147483638', '1970-01-11 00:00:01');
INSERT INTO `subject` VALUES ('12', 'Voluptatem inventore aliquid placeat.', 'BHVKE16130OLC3V26QQIGV64P46TB0B87Q5NJTJ6QRW6WOW1154K3OYS7XPXZJVGC7R990A5Q4WX5ROSK', 'KXH849JR8479W1H8EDD254SI0R890LV39LPN153691H376499U1YN216L26W5NT22X4DDQ21802L95TOK7H8S35D2EIPN8II564VUIS2DOK8X7T9740LQ34CDH50TMDBFXH24K9A31929X4SL6740LY1155I11Y453J485193WT0DB07368T8SL6Z11ZWA99MG9X73V3H6XP6IKANAB370GMDMVIG3XSVJ023O1K0DU441Q2T11O9W1Y3XHTI5', '12', '-2147483637', '-2147483637', '1970-01-12 00:00:01');
INSERT INTO `subject` VALUES ('13', 'Ut non ab iste delectus eum ut neque.', 'NO8G64B20M583960V75ZFU808H31IATDWE08S23W0AJVCB1D2CO6BIG5LT55KUQ978F9N08EQL', 'Q56IAX021BVV21UIE58SJ44F3CU9WYZ05C6VR275IBT95037W4F2V9V8SX16QJ7816H6720086ZV2R9XW1WO7NR2Q04ESEGNZ54U4D9H81R763L', '13', '-2147483636', '-2147483636', '1970-01-13 00:00:01');
INSERT INTO `subject` VALUES ('14', 'Consequatur illo ex vel corrupti.', '562T60HA4XYL6SMM3C6BP993F6RO779UPD3A0', '8GA0HV11W7M7PGBZU810KV5ZWRZY8G92F94B3B2KYFCFVDKML6M3DN0H382JFGP6EF2EGBOY6N13LM745S379G81IE64J1ST34J79K76ROU9WFTT8J9005M2ICY38EYK0DXICXB6DWS7LP8L24330VBD7N6T029Q5EX3891B5295IS9R403M08L9SW746LNP333Y5V7363CG38GD19B84YT05EF3767K4GJBN2Z1HYVG6SDO3JE6MZ1A755WHU', '14', '-2147483635', '-2147483635', '1970-01-14 00:00:01');
INSERT INTO `subject` VALUES ('15', 'Vel nesciunt ad ut veniam et.', 'JS08QEH1VVJ0Y531C11G68WXU6U647LJL43P96WWO6VY82YZFX1K96G46M0I8X4WXCO4MFW5YV9206IL9H7J8WBDC529746848NTBF2A4H6405J01J246N0ETBXJ14BTL7KU9AIQ5WVS714NX77S1837160Y5DT4G40E76304Q0KA4DKQ9T17EH616R', '833P68U68W5U4466727Z06PJ43536BHA21111X08Z07X11T7V16G9T1V6HFJG5B71V4L0I357040CI0HNR80D02787BPI3125604Z2X6X9C6U', '15', '-2147483634', '-2147483634', '1970-01-15 00:00:01');
INSERT INTO `subject` VALUES ('16', 'Corrupti voluptatem at in labore et.', 'IS7F42ZA9167N3V3563ZVH52T229HEB80J76879P7RYG95V3U9I85D721JL93JV68R7Y4MJ4882H6B53K27C7IOWKL76NIIO3L543H3M025SWNL9MJG6AOU7V2YY4CXLEN281Z1033M8S7156P3VXRQ51W216E59FA2HLQ0QCO9SG7479P136KFS1F2570S05G7RI32J', 'M93791BUCY8U23Z16FV9K91KJL97CI93Z', '16', '-2147483633', '-2147483633', '1970-01-16 00:00:01');
INSERT INTO `subject` VALUES ('17', 'Est et aliquid delectus in.', 'CR8X8CJ531QMSS3BN1TNK8T3NS044949LFB0HSCMP1332DJ2B33Y9T9J909C8029B3A57', '5JIP0MT6ZP08', '17', '-2147483632', '-2147483632', '1970-01-17 00:00:01');
INSERT INTO `subject` VALUES ('18', 'Dicta et libero voluptas.', 'WE494G94AS12W8V8BX0P42DATST4I0F9NT85U7618BPL173I8UX48HX0D395IG093', '9QQ03V9W936X6ZF4SZAY9504XF3C7P2AF660YYS18JU57Q77IT69AR2XL47650211P323N1NV25049PGIID29FTYTG7CD98721AICG5641M3V6M10ML01O1CZ0656W49616BDY47E3607B21UK11981H999KN6L2175K8D3J78343T8D0G12203CC44OFJY7ZV81L37E40277U7M7D1590SAX2R9Y54365FIJ278L0BNP2M975D3NZC05CDB00584F02A16S77X3P5ZXR00TP73E0M6U3P2CQI2X8BBK30DHF56W', '18', '-2147483631', '-2147483631', '1970-01-18 00:00:01');
INSERT INTO `subject` VALUES ('19', 'Et sequi facilis harum assumenda enim.', 'FS7O250I70M675H37Y9AF6V', 'AK84U6MMKW8Y75A05YKS68VO44HD0Q6QDL3DWEY3W27F42DMQ3W9T2EW4KAKEY44O14SA818NXFLK967K0M4GC638DW485UKN4V890HUXL5O0OE2B75L0RO1P6M4UKPH78X9W98PJKZ29P41Z2NG9512BO1AGPS2T80', '19', '-2147483630', '-2147483630', '1970-01-19 00:00:01');
INSERT INTO `subject` VALUES ('20', 'Rerum dicta repudiandae laborum.', '95X3751E52S7E12IPNB54864P919T2BI6F2', '758AGT936569C1104D842M5787S45H4818PF2262ZJ4J9B32UYEHEVV338SNL0J8BLTS24RKOTJGT81SBFGK35G1EO', '20', '-2147483629', '-2147483629', '1970-01-20 00:00:01');
INSERT INTO `subject` VALUES ('21', 'Exercitationem pariatur odio sit.', '9I50461B692B9ZN338T46J4I48NKO6WLSRQXFC8NB', '60X0XFP88XN2219RC2I6C7DM801CTZTJWTR127OGM6KMX54GZ69699BYV97F095O2QXZ616AP6ZN', '21', '-2147483628', '-2147483628', '1970-01-21 00:00:01');
INSERT INTO `subject` VALUES ('22', 'Quod officia est omnis architecto.', '46RQO3AZ12HFOZUBM86M6', 'JBSHD9802U7PWVZVVFZ983P3LMBL7T2DBZNZN0P1M9X2B2B82WBX4HY40L8339326S0OI6JA20WZ8SK2TSB8P4G0HQA15722GD50Q9439T63HQ46X9J56Z3UWP3E55696WX24QFUJ59T96XD567FD1DKLI35HH73D7433TXD3BVQN706L', '22', '-2147483627', '-2147483627', '1970-01-22 00:00:01');
INSERT INTO `subject` VALUES ('23', 'Voluptatem quod necessitatibus.', '3N2Q563DKBNCKQAPTGJ7WXH0Q418KZ101T626V0ONN5G89TR257', '79PEVN3J2IL7W0JINAZ332E10E93FP96NQW058Y451736QYA5AL2S62EY842252ISJ3HF07K0QG3VA5H3K71OC4', '23', '-2147483626', '-2147483626', '1970-01-23 00:00:01');
INSERT INTO `subject` VALUES ('24', 'Et deleniti esse delectus sed harum.', 'CB2RNNUM92E21B5K', 'B490PES4841AWNBI2M8VFEAW281324C32A16X6G03FO4Q7R3P1V8SZX8J2579OZ6N6YHQ3EK3D21889289J1L1X1136N6F8UL2VVK72N88EG08950Q33SRT3TYZK6N7VQA564QQQU27998TSI3NTB7AU95RU1GGPC30GXN072S0QL27FU9EAPFAF94N8MKCF59XMBG', '24', '-2147483625', '-2147483625', '1970-01-24 00:00:01');
INSERT INTO `subject` VALUES ('25', 'Soluta officiis dolorem eum delectus.', '5V22111C', '09QE55AJNB3MRE0A5U0QJ9H5A1SHBE8E4RNU79V25R20K7EH481S7', '25', '-2147483624', '-2147483624', '1970-01-25 00:00:01');
INSERT INTO `subject` VALUES ('26', 'Soluta illo aliquam nam est eaque.', 'Y8I2A5K05Z4IK70748PRS6R41RHNK09BTJJDJB12W', 'H8822PB733RGN85XV0XI', '26', '-2147483623', '-2147483623', '1970-01-26 00:00:01');
INSERT INTO `subject` VALUES ('27', 'Nesciunt eos facere qui commodi.', 'GW5G4GH1NVQU501AC423D941W9OK46APY', '28OZ1CO799C823I1FJ8MVYM6U4XOYK486Z7MM5VERMMU8YW5QP07EG5E2R8T4WR9810XFKF47Y3AMU9JB34X79ZOEN4Q720AZ88Q59D9UA5412LB19326', '27', '-2147483622', '-2147483622', '1970-01-27 00:00:01');
INSERT INTO `subject` VALUES ('28', 'Modi rerum suscipit dolores esse.', 'VQ29Z21406OQW3J61BQ1235N37682FOB9QOV1I5541Z5246XN2M4H33JWP04D0H4J49OYUR9NA6PJ', 'J950I99', '28', '-2147483621', '-2147483621', '1970-01-28 00:00:01');
INSERT INTO `subject` VALUES ('29', 'Est rerum et.', 'XN8K2CALKF13L4DSK309E3L8F0', 'Q2Y12162639BJ7JHQ80BHY022TSC46LG0S0E0079GT531MG9SYCO728PIU5GTTCQ9RQI611Q423K156Y3E80KMP143GB4EM8931U08U57TQ5O12068IAG30E7F90YNYP79W802V3GX817924KZP0DHUY8G43877GV613B80U15BV389JQ0E29J0B690FEK7HL645YIU53U5IOBYRF691Z09T1Y5JM5Y77Y4X401644FG78HUTYL496IA37757D9907320609KKN0B62OC66W5VN1EM40FGT33312Y7Y91', '29', '-2147483620', '-2147483620', '1970-01-29 00:00:01');
INSERT INTO `subject` VALUES ('30', 'Magnam autem vitae et quia incidunt.', 'Z133M71', '6X3V209H0P28E592L8VC09L56D2R844T7SX15TF0I7NDC18T646D2K02OUDD450GJO3W3PIVANWL1TO36H7M976M0IE79K71A7SNU1C5O2X1EMATY7DPKY3OYL901I4F01PD8A2278O87YSI8W2YNROSX5PR4V3O74M2718', '30', '-2147483619', '-2147483619', '1970-01-30 00:00:01');
INSERT INTO `subject` VALUES ('31', 'Est sunt quam sit.', 'W0613FI9VYH6YY', '23U7B57L3P80WRU5Z6C7W3KN7QBBT3R6GBN80S3A310DV708ZG0CU7FNO393504W27L76R7GOP829L6T82CY00E3P6BJ9M0TVZ2MPJ31UY417Y2PUQ7Y6WC11EI3R6MUJ90274114OSIQX3GJG0', '31', '-2147483618', '-2147483618', '1970-01-31 00:00:01');
INSERT INTO `subject` VALUES ('32', 'Molestiae amet error.', '1FWAFDVA02MV7FG778E0ZO8G5708A3K795K228NXCK3T49', 'CW6H8D1DJ6MVJ0I94CHP2PF631DL0YZT9DT76P1359PK36YUA5Q43AI7Y614371G6FLL516J2U6YYN1X32M54YL7KP5L81R558RXCH1R8V433J0MWBJ709F3XK6HE5ZZL2IU37SP6WB352UV6D67587F24GGKS45Z78OU94XG5ZE2FZ2A8N90VV9652N8QGL73Q3O603NF79HSV8ZW4532YDN1RP3Z3S5GD923LQ3JNFFWI1W0H865EQNW70RX2R94ENU3UK508UGE45PZ8Y2A28LJ1SHG4O9D0W5P4GXARN9C25O84ZCK0T7J4Y69151DK8X3HCSM708U55U2F6AOR295XOA8IP1KG9718DLLI5C56IXL5R', '32', '-2147483617', '-2147483617', '1970-02-01 00:00:01');
INSERT INTO `subject` VALUES ('33', 'In labore quas tenetur numquam id.', '9NL0V8W26Y413D', '786BYD0G12P598F98R56G36115S34GE0R11RLU2VYTW7MR8SE5J54NVO4U65QWWA4DSRQ374UW2DB075V57VD0KQT6222Y11YND80830813EA70QMS8033G63MAXTA20VF3VF1MQF97IXF272L9NAUC811K086SZO72UB014PRSU803N2QNIKA40EZS6D6U4TV2K6WOR82E', '33', '-2147483616', '-2147483616', '1970-02-02 00:00:01');
INSERT INTO `subject` VALUES ('34', 'Eum deserunt quibusdam nam laboriosam.', '7935ZUXK2R01A', 'HQHE7Q52Q8Q011NZIR4C359JI022841B35WZO18ZZ2QYZLBSPWSFDHU6L78R022CJ7WYQ1E030D', '34', '-2147483615', '-2147483615', '1970-02-03 00:00:01');
INSERT INTO `subject` VALUES ('35', 'Eos sed harum et.', '2EL8K9955MXQPLM6N5S8818204768W47M7B30F8S17ZW3RW796IX9L116238TNXQYO58N14495G1YRVWI2V44409T848PQ1C1Y21H04KF49YGKX9U4UTQTVHUEJ7KH366X04Q50BL8UM71970P837W2G92XZX', '2D9VK3RS86VGXGGFHYL09YH9SMVVQ0273B842TBX1KEQ99930QD0HN63S29T01OXJ10P8WTA9J7NNUP6113M7O6154UHRD0T613G8JQN3678XH5NG6I1RPOCZKX5D17O9X9TUTOYG45H3MJP5641RR3YL03I2N9NUS2YM84O46T2YE23MO74M5B170U1V266770286E2G3P71X2HE49B0W6235ZS0', '35', '-2147483614', '-2147483614', '1970-02-04 00:00:01');
INSERT INTO `subject` VALUES ('36', 'Omnis neque temporibus.', '3E4065BQI2O322AVY9G8UDCD1Y8CH46WDJ3W361A6X4098Q67UT308', 'G5T29051414J69LU04KD5H06EBEVAH3XUK7D83J844FKT93OFYJ23U316DC0Q63I1887318B82J6R439WW0YG095B16ZJ76W1Z70AVDO9BS2HVRXN26QR781LH7Z5FJ5QY42WI7GM24585V95U5SG16CZ4N2Q', '36', '-2147483613', '-2147483613', '1970-02-05 00:00:01');

-- ----------------------------
-- Table structure for subject_category
-- ----------------------------
DROP TABLE IF EXISTS `subject_category`;
CREATE TABLE `subject_category` (
  `id` bigint NOT NULL AUTO_INCREMENT,
  `name` varchar(200) DEFAULT NULL,
  `icon` varchar(1000) DEFAULT NULL,
  `subject_count` int DEFAULT NULL,
  `show_status` int DEFAULT NULL,
  `sort` int DEFAULT NULL,
  PRIMARY KEY (`id`)
) ENGINE=InnoDB AUTO_INCREMENT=37 DEFAULT CHARSET=utf8mb4 COLLATE=utf8mb4_general_ci;

-- ----------------------------
-- Records of subject_category
-- ----------------------------
INSERT INTO `subject_category` VALUES ('1', 'Jewelry', '0RWY027394R5P624V1ZBS1JR56586RL9W4B3RU060APX0RISFU271G780QI35J9WBBSZ20V0RO9SJBC08HA09EI5X52U50VR169Z8SQ3OXUFUQGEM53L670493183768L14C8B7IJU972S11O38Z8AFJ0Q022T307X33DH983IB6W294N1L3OMQ42K5XK4I4X43O3HRVR0W2B14ALW5I1677RA8F8SKK574NZI07DY48Q58FAPG0615NWXG1Q4L82OEE48C8346J7U24XQBSAV61768W37FH4T4X369UY6ND11V8TWX9Q3I4X68YC8R33X817TQ010DW5E5HI14XX89OFW7VV25JEG4FQI112Y5G7DB4US57W43Z7XLG7S6S7D8U4F8UCPGODIW16Z0418V3BFA2F031VKU1L127Z8R8Z', '-2147483648', '-2147483648', '-2147483648');
INSERT INTO `subject_category` VALUES ('2', 'Music', 'JKKT70IXM8BL30YU1Z168G383I70M89G', '-2147483647', '-2147483647', '-2147483647');
INSERT INTO `subject_category` VALUES ('3', 'Music', 'I37OQ046NV2I5Y358H81GN77S56786', '-2147483646', '-2147483646', '-2147483646');
INSERT INTO `subject_category` VALUES ('4', 'Tools', '6Y9AGXO355598W724520OSOD973YNE0LARAHJ59L5625TK1', '-2147483645', '-2147483645', '-2147483645');
INSERT INTO `subject_category` VALUES ('5', 'Audible', '40E80Y9XS126I69', '-2147483644', '-2147483644', '-2147483644');
INSERT INTO `subject_category` VALUES ('6', 'Sports', 'GAU0BD57V44RL4SG9A71S53C0SWU17IXDSW405Q1983I022530W8D09C62809B27', '-2147483643', '-2147483643', '-2147483643');
INSERT INTO `subject_category` VALUES ('7', 'Home', 'H3P92PXSRZ1PEJI0T209040E9E6Z6234IDAR35MH67YT969A9YY6QO5524PJZ4N75AP10', '-2147483642', '-2147483642', '-2147483642');
INSERT INTO `subject_category` VALUES ('8', 'Computers', '0428Y34C8810KW7177Q3353N7AFQTZRN008EV6053U4WI27625Y43A17D5', '-2147483641', '-2147483641', '-2147483641');
INSERT INTO `subject_category` VALUES ('9', 'Accessories', 'IKU1273LHLCK0W28SQ3SDTT33H3U3O2Q94VJ80391B3H67DP4KO4D2WPP2XW67J5FC', '-2147483640', '-2147483640', '-2147483640');
INSERT INTO `subject_category` VALUES ('10', 'Jewelry', '820371N53IA78PR7ZA60', '-2147483639', '-2147483639', '-2147483639');
INSERT INTO `subject_category` VALUES ('11', 'Accessories', '5GA4Q632L7JK61Z88PM18TFAL829UX7Z4MNHPT739P22MIXXY53W54AF26E7A3R1N323LC29N0D66L64Z4S4Q2D46LW8K7B2Y5APPM1POHPYR', '-2147483638', '-2147483638', '-2147483638');
INSERT INTO `subject_category` VALUES ('12', 'Clothing', '4361FV', '-2147483637', '-2147483637', '-2147483637');
INSERT INTO `subject_category` VALUES ('13', 'Patio', '585099OENML42S1ZX6699B129YEL4439O0FA7AC1W6957V', '-2147483636', '-2147483636', '-2147483636');
INSERT INTO `subject_category` VALUES ('14', 'Food', '01VMD169M57328G1E9AO653D4COBQYYX0MDCXH3V86O585V83X44TW6EGICVYJ9DY71B7L0CVWXCW7E1Q6Z787G73TDDM34AHP8N99D2Y96SXDT824SY6NI40V73M842S3ZR9Z4143KK28HJ5IQQK32I8390A18PZAA4079P196TQKK', '-2147483635', '-2147483635', '-2147483635');
INSERT INTO `subject_category` VALUES ('15', 'Patio', 'W3JPM5I020M2B5FZ87V6WDWFXDX33S4TVGB03502X8D02P02W281YHM173', '-2147483634', '-2147483634', '-2147483634');
INSERT INTO `subject_category` VALUES ('16', 'Audible', '2LYR7Z9GJ1J2B3HZMG7C6075NIIADI1UHR3PZY4ZLJOL8HE32A23GDZWA0HOS60DC49ZUKH7F1LKHM7QI3C6RL9EUHEF185M0539664X3P9WJXKVY432HOEPD655DW8IX8362W5Q562K19CODDWG78923Q796RXC661U5D20I45D35GI2N3OLLW0T31X14N8451TILYYV226L4HCIU79V6MT1O0IEPTFWO300718N5J0838JC230QG04ALO4J3XH0FHZIOVEV2M89I6Y11RN285PPL541482QA9875VM84T45X82P66B7EF8U29096QMNP2FINO8WD565O6NK4Z75LSZ8494A1642L44T1Y0BENRWA0Z14AYSKN500UQS13WGGT65TN790B452I3FNCC3QCOFG73ZFQ7571Y8W528A0F6AC7O25MIDICU3U90P4XO9UF0T7UXOMK36QJKL4Q779CN8K155QL9PJ3L9B0W52FUOQ7C2NWNCZY4498658573ROD1HFA2SYUQIP9GLPB23G330GT6J974FG3E5QW19Z27MYE8VEVYMY190', '-2147483633', '-2147483633', '-2147483633');
INSERT INTO `subject_category` VALUES ('17', 'Books', '128ISHYD5870FO86XDMSH6O89J9V019UA', '-2147483632', '-2147483632', '-2147483632');
INSERT INTO `subject_category` VALUES ('18', 'Beauty', 'X19S9L47YA2PAS21T1FMAYHCAA8M28DDTE56VWD49439K9A3475O95P5G339JN0CM256B877CB2M7SBS38CIN418N4VDPI53U3D7735T8OJ9G32659H8Q934T54J4BADMR5759TQMC68Y09C60YMF2719H27L6D5L', '-2147483631', '-2147483631', '-2147483631');
INSERT INTO `subject_category` VALUES ('19', 'Beauty', '6CHY7B01', '-2147483630', '-2147483630', '-2147483630');
INSERT INTO `subject_category` VALUES ('20', 'Movies', 'WAX02AW74336ONH9819AJU5E', '-2147483629', '-2147483629', '-2147483629');
INSERT INTO `subject_category` VALUES ('21', 'Movies', 'RZJANUE569B1EM4M8S3SZ8VU5344C3510097ATEQ6202G9', '-2147483628', '-2147483628', '-2147483628');
INSERT INTO `subject_category` VALUES ('22', 'Home', '039JKR83ELYU2X71933DQ5B9346FR8K4B49U3V2IHOS243', '-2147483627', '-2147483627', '-2147483627');
INSERT INTO `subject_category` VALUES ('23', 'Sports', '3V7U1J37WL48TDR52U4WNQI422NK71098OL83RK60A6H8OW6ZH3H0C6962VUC7NQ32R9I1MF0CMC41ML373VV2P57RZM8S91ZAG1EA53O0BDW9T1B07N4579P2F1D244G12GK5ZH8F7UA7S984P69SDBZZ254H67G045RST8AYVMQ2JRJAVH08731L7UIZZ6F883O33A2ON24627CQ8C1I09954J69C62AIH96T638M2', '-2147483626', '-2147483626', '-2147483626');
INSERT INTO `subject_category` VALUES ('24', 'Shoes', '1A9C3DS42H', '-2147483625', '-2147483625', '-2147483625');
INSERT INTO `subject_category` VALUES ('25', 'Clothing', 'BOU6844SPH01S8SVY9LZZG7T35XYRK07J1MLJZ6KKEZV8J08P6IS5TXL6DI30L2HB1S3Q8F3PF94G4FS4EY095721GE05910R24Y1D4AQI5X5JH96ZO78', '-2147483624', '-2147483624', '-2147483624');
INSERT INTO `subject_category` VALUES ('26', 'Accessories', 'AG0K8ISI05WY8C094UCD0C3KK0JXE38KTT3IPT6OXW61', '-2147483623', '-2147483623', '-2147483623');
INSERT INTO `subject_category` VALUES ('27', 'Toys', 'O86X5IN4UX382ID2L83IB27RG81H61C30Z216HP30C1LYDK5N2UGSB41D5X1948I482LRIWE503SV667D56R89DUZX09D9K0LXCGI2C29L47QC1NF521O2Z539PK21O241THZ8MS64U05807SYQG0M6C76EP27OS57B4I2DC2C6FXP6683S7WK1087W8LH16Q', '-2147483622', '-2147483622', '-2147483622');
INSERT INTO `subject_category` VALUES ('28', 'Clothing', '2015JN685S54O2739KVKAUUTY0M7G7KES50LF0Q6KK797954V07PVDZ390', '-2147483621', '-2147483621', '-2147483621');
INSERT INTO `subject_category` VALUES ('29', 'Movies', 'TYL87VS3535H077IV8O99QY686AA9HH38H328B6JK591YS6S350DA15013F71EF20846V3Q454Q8MKF4L48EOXD69C7129BII284X337N65DSL3818M4MIWN1NYU10V55EQEI54BYI2618ZAC2KV388104239123VSC84YD85751WT7U4635X3IH0G476S6B17I36H3F0D9FE52492Q41P1P5XC0SD5X5VVA0Z77LHR71IP7OL1O9248FN9J2VY4K961OF96J8QR54L8CG20H039B948LA4U4D734IN8AW4S3YI6C5WDBP794N2OXZU244J2XPQ147A3K352PREMU42G3JO', '-2147483620', '-2147483620', '-2147483620');
INSERT INTO `subject_category` VALUES ('30', 'Jewelry', 'O0MTA9B4187G8X806K2Q80NU6KG7ANBBZXI21Y2AR1K', '-2147483619', '-2147483619', '-2147483619');
INSERT INTO `subject_category` VALUES ('31', 'Home', 'ZVX8PUBGDHR0MTGY95J5PI5V680MW', '-2147483618', '-2147483618', '-2147483618');
INSERT INTO `subject_category` VALUES ('32', 'Clothing', '8M7KP74PTF0', '-2147483617', '-2147483617', '-2147483617');
INSERT INTO `subject_category` VALUES ('33', 'Electronics', 'PLH3682B2C8VG519900K2M736AJEJ1J7MZI0P8983102FP772401RVHF288N7OZ8LY1LE6VKTICE838MTA', '-2147483616', '-2147483616', '-2147483616');
INSERT INTO `subject_category` VALUES ('34', 'Garden', 'U608860A7KUF630911', '-2147483615', '-2147483615', '-2147483615');
INSERT INTO `subject_category` VALUES ('35', 'Crafts', '1DPXH94O55A0Q5', '-2147483614', '-2147483614', '-2147483614');
INSERT INTO `subject_category` VALUES ('36', 'Music', '48T6DCU36JWS2WT28P1GKKE11HJBA8KNR255NU7D', '-2147483613', '-2147483613', '-2147483613');

-- ----------------------------
-- Table structure for subject_comment
-- ----------------------------
DROP TABLE IF EXISTS `subject_comment`;
CREATE TABLE `subject_comment` (
  `id` bigint NOT NULL AUTO_INCREMENT,
  `member_name` varchar(64) DEFAULT NULL,
  `member_icon` varchar(1000) DEFAULT NULL,
  `content` text,
  `subject_id` bigint DEFAULT NULL,
  `show_status` int DEFAULT NULL,
  `create_time` datetime DEFAULT NULL,
  PRIMARY KEY (`id`),
  KEY `FK_Reference_115` (`subject_id`),
  CONSTRAINT `FK_Reference_115` FOREIGN KEY (`subject_id`) REFERENCES `subject` (`id`) ON DELETE RESTRICT ON UPDATE RESTRICT
) ENGINE=InnoDB AUTO_INCREMENT=37 DEFAULT CHARSET=utf8mb4 COLLATE=utf8mb4_general_ci;

-- ----------------------------
-- Records of subject_comment
-- ----------------------------
INSERT INTO `subject_comment` VALUES ('1', 'Minh91', '2T6CGW2G88QOL4TOBQ8ZP16KITT8WPP32J0R49W331HKJ70X7FPKPU2VQO3URXX13I28R8079H77V0MR8HXJXOLTILZ028Y81BPPLG3G41EF0N8882T4AL8X0AG5CD4OXH08A1AOK4ADB5T68BXVU73MNV2424085K6U218CR27EGLOENB5ZPCY8Z2M1EKLIQ294Q85Y7U5D', 'OF45M7NC1106HW4F8E3A2C67N9DV15', '1', '-2147483648', '1970-01-01 00:00:01');
INSERT INTO `subject_comment` VALUES ('2', 'Denton445', 'OS8I3EKI8YP56VBZV628OC2V09K74YBWJFTD8W4VYHYOL1431459M79YMS87F080YARA7MNV2M7S46A079JUE7F5H05L9T9', '5EDM2', '2', '-2147483647', '1970-01-02 00:00:01');
INSERT INTO `subject_comment` VALUES ('3', 'Vera2007', 'X95EEG1I64A8E1AU6374LNO0VLSZRH73TC49CN36KP849H947PHI89ZL97H6LS27WIDQ6NTC0SVU02T6LNL0J32IW189', '29', '3', '-2147483646', '1970-01-03 00:00:01');
INSERT INTO `subject_comment` VALUES ('4', 'Zina798', '0I0DG7DE4277WJF245Y1W9488B48095P0UU3HOX4QMUV4YA33M61SBIJ116TZMP67GI8S0M8HFY', '7D2OV7C569Y2J6488RAX56E0L00F3CG060U909C6KY551CIU31U0RR15DHOGRGLG1DZUL62FAJKX4YHICAP7NNK6U8A445Z0HJW4KL95SVR44WHYGQM0Q79R69N6GEX15H9X9V444', '4', '-2147483645', '1970-01-04 00:00:01');
INSERT INTO `subject_comment` VALUES ('5', 'Petersen1994', 'UH38228163F3AP6XXYU5W69BOI178I2HM7HH04OZ6LTEF5COI8QP2S0', 'I035A9WY5DGK6M62523HE53F7VO3IY6L6UP9H7M43BD388OU6WX5R3528BTZ06L65Z258LFW4MV3851D4356881UIAC388EV0200DM16TQD5W4P633C33515X2XZC2P3RR1G06X5I1DBH94U21B5', '5', '-2147483644', '1970-01-05 00:00:01');
INSERT INTO `subject_comment` VALUES ('6', 'Klinger9', 'RQ5M95Y6F5GKN010B4H1F0CDS4WS1G000E7AIXE2N03KF595I7S9N4203M13HQ24IA6685V5LIFU50HDZQN6WKW2NQUW7JD5TIYEOD233YR6L015YXKIHNHTS4HY61091', '093X91691EYN4PK5147L99511QY96GDMI4', '6', '-2147483643', '1970-01-06 00:00:01');
INSERT INTO `subject_comment` VALUES ('7', 'Ellsworth1953', '3ALALD955B39WR54IG615VO2CE97WW6GNSKQL0W8FN40QNLGP3945OEK6U37Y4DM3E4Q6UC6M7M4T3T078Q7772H095MUDL97LQ29PQP65J94LQ183XU', '88BSL63B271OK165109I2P4I2C2WYK05YEB5802DF57QQM3W9V55K0ZPJT48C9T06UPHLGHF3', '7', '-2147483642', '1970-01-07 00:00:01');
INSERT INTO `subject_comment` VALUES ('8', 'Conrad877', 'K12HFAMZ8U7K1KOP2I9M3QIV0Z0C3849LSBYVOUO0394048', 'O2G4I070', '8', '-2147483641', '1970-01-08 00:00:01');
INSERT INTO `subject_comment` VALUES ('9', 'Carol2003', 'P8562I768MNA93H05Q2V26DNR0FR338A74B30DD6HO724IQT5691GY5U5ZV54QN1XW6P53F9UN227PV3AGY62IP7UGK8859V057G7B15RI9U232N4O0V970IV0M2E2334B53U6503S324E3REX0ALTGOT7J2H', 'WGPF939U8QER11N7RC2DZ7CRRR3I486YKP21S4EU92SZ64HD0CNRLUF9915U4GPG929XZL377AT1KAF3TKTSLY19A4X9TJOH512FEWR1NKCS8XV5CWNTNB69C057IYIXGI368672BD7I6L58Y67E25Z7J3NHX58X1959K3DF9YLD4RAA29SFKFYK84FJ5P515941RUHX', '9', '-2147483640', '1970-01-09 00:00:01');
INSERT INTO `subject_comment` VALUES ('10', 'Loren162', 'G6A32LG9S3YRO3989K12KXIV9F5AH9SQ76IGEM0868U5BNZ5K305LSY49JC3MQUA9B9K8A6X1J54J934HF371TP15V11RXM31T3HDU3DVN800N7L64ZV81A364391TF0J6I8QQ8WO7X9YJ265LSYO2W73L2F7H4STIT94UHMSZI5FLEJAC63971RE95PKBAY', '33TZ2WRE43I6EHKS30764675LU29WTNNH11J8BYK717M12G5', '10', '-2147483639', '1970-01-10 00:00:01');
INSERT INTO `subject_comment` VALUES ('11', 'Cullen252', 'ED3872QWD33M7092ZF7V46482499DM1MK822R4VHYOQ29UH3000F75E00TEGN1P4Q8AJX4108DPAMZGA1T5SR8NWE946HUKO029CMFLD9NVK9W9X76408P3118W9648ZO349WR7FFDZLTI41F03R0NH5UJUIA43E035H077KSX35903K522SX0OL3ZYZHN733YNB977YQF94NEFW9498P11DYOV62SCQXK098HH2SHYA3643AM881182J5K2J4HHP4M1O113N3C4YOF8B4YEMIBA2M86QSSU1G6I48VL818OS4237U2ZP119VI9PPVF3N1171401FZ91M', 'NZ30365N27278', '11', '-2147483638', '1970-01-11 00:00:01');
INSERT INTO `subject_comment` VALUES ('12', 'Cameron1992', '3QF91H17H8Z7YU0431WNNMZ5QDFGDV7NXE71QU7D74F2T14R4VUN94290U0165F8W28A842O1L1MZJ2RU1873TP2P523Z1HY1AIX6Y261RILW87M830GJ51A67URGAN8726D73MFPJOZ7GE7X7ICHRH4V45VHS8T569HEDB0F6T435G5G5IPW6E6L8J96OH42175NBN162UM2R263BS25H0GB0CJYJH1U2NXL3EU64Y6N8H4UE1T04X48FPK724B74L317GIN21T612UHFD8MF520663E0QV6XOSZ3EL41945LQI4B2RX6GS11S9V41I82NGCD95PT311Q99FTEPU72T9QW7UG03D072IQQRM4ZACXC83DV62SF94HEB7Y9S4H0COZ2X21ZIS5GF710HDWJDCM334I3N797889RL6GS46H3IN0105PAOHRK621V0D234RP14LNF2A8W4968BJWFRE42O2L3H8I93TVL9V55FEN4X9578JQWL9Q5H58RW83BLS54LJU29H130IKKSH657YYD639BY45E7KP4EUA8WS036GCW', 'MEJ2GWAU9PC1', '12', '-2147483637', '1970-01-12 00:00:01');
INSERT INTO `subject_comment` VALUES ('13', 'Augustus19', 'HAQ2765LBYD166H387KS07J474C5999STZF19F4P605C21HJHCY377V98S6A7B360J24LG9A2VCAX81M32S89', 'WME367N40DY232M82X0YY02Y1N01SKI5C4I59NJW4QLBW7FY0000AY1N0YV4', '13', '-2147483636', '1970-01-13 00:00:01');
INSERT INTO `subject_comment` VALUES ('14', 'Boles93', 'V76FBE796MRL7TDM58X92K6NIUV250RR5406E35AWO3PBB32F7ZRNSEB', '64', '14', '-2147483635', '1970-01-14 00:00:01');
INSERT INTO `subject_comment` VALUES ('15', 'Castleberry1956', '50834QQ4QE3O1VXEF1COQ9O9WG0D49I82Y84RO559LX74VUJ443Y2W5D15M79CTT7XG2579OQ9XXKKAH43CUNL7802NL2GOO3A64046SJ576178LB81L9TG2053QHA3021O343V7ERCT6A9460G9DT27R863L4587469XB59WC02525UL1Z64H6K824762K47Y9H5DA05Y5DK8ZGR68M47G59E6301843OG2Y1O192Z7P84L5X3V01Q14SURIPPHLNJZ08', 'JPM58N09RNU44O6R98G367L0A031L56269427R9FFV11N567T8ZH43XM50I5LS2H51936C49TL6E8S8X91KWP5Y6OIYEPY751SL9U17X6H05T839K41DXK71Q3YSA427Z0PTLD5V0AX961Q9U5OBJL2KF277ZO28D8DMK89LD4R20H4KRH', '15', '-2147483634', '1970-01-15 00:00:01');
INSERT INTO `subject_comment` VALUES ('16', 'Darrick2004', 'I404K4T2Y7W0D96RS49683D9936MX479O0P6F3H32BUHI9N223XZG830GB508LIU2L6479669U41LN2A6QBN8S8551SN862HXAW7PX997467XS9J5Q58C2T82G237C76H2K8X2Y18IN36K9UK7SB4I9IJIIWUC358L1063RE650XA41VIDX8CYX665DC41X88G2IPSY5J5HG266I6DHFG9426L12P915E891U2PIY7MYJQ2510N7TK3V3N7AG7368DN7XF0S7VY90L5968S1952VSEQ9RJ4LBPT754IK46A29CYHCK6673997878599X648S516HF0GZ7Y947DN79G30FQ50M3F96U12091W6VE6J27Z6697L355H29VOAX4D282261T3V', '9IV1MTX10', '16', '-2147483633', '1970-01-16 00:00:01');
INSERT INTO `subject_comment` VALUES ('17', 'Darrin632', 'VQT95Y6M2YF8Q1D9O4W4TAT4CGB32F7191T6VJ17I2IR8EC8BC7R9HV4FZXQ0XYJUE01CH3W44JHC8DJ0F40JG9KV06BA0BUFI3E076E01IMWTM98N6', 'WCEP20RO73FM2965N523302E', '17', '-2147483632', '1970-01-17 00:00:01');
INSERT INTO `subject_comment` VALUES ('18', 'Sang2006', '7M9FY4E1EVS20IOG426', 'E4OU159ZH856UHK32P5J0H9751R7045JR9J9C9ZR7QGF9XYORY32OWVPD9M2YFTAPIWH2JH8205413AAI7G9Z32RYYWI835R7D3X796051BZJIOQ807XH82MKMUI65Y8F8453ED309M173X7A8N7YIU9783L41BH49UG07BW2JO7EN9U40B32X896NKW078Q7I483', '18', '-2147483631', '1970-01-18 00:00:01');
INSERT INTO `subject_comment` VALUES ('19', 'Mcelroy1985', 'G67YFAN6CG547E5N57953QPX1069F922', 'V52CBEO5Y00VEY7IGQ9T284H57293U9BN5OJ5', '19', '-2147483630', '1970-01-19 00:00:01');
INSERT INTO `subject_comment` VALUES ('20', 'Chang674', 'O5EO6OZ5Q7NIMS3G71C618YKB87H2GU79FPRH910I9V5IE', '49X7X07BP1L84I127RR9VRHR3908TUH1QGN4MF2944W9A73505675ZLUQOPS3H2R2HDS4838M8XA', '20', '-2147483629', '1970-01-20 00:00:01');
INSERT INTO `subject_comment` VALUES ('21', 'Diego2005', '4D60C404P7G112M6HKHA56EUFA504BHO78K8KJJAZRYNS43L3K701A95AVU1U0Q3D683WYP86RFW9V630AHMR5U5F9DYYHNW927AA0E2S0L125R5Z9J1R2V447Z8S7D49W', '9XVV167Y09JYCJE64PB9XQ129W853Y3CO2V7L06963316022J97T5D0681K5', '21', '-2147483628', '1970-01-21 00:00:01');
INSERT INTO `subject_comment` VALUES ('22', 'Nicky1986', '0W8PV43N83RT227J', 'V0', '22', '-2147483627', '1970-01-22 00:00:01');
INSERT INTO `subject_comment` VALUES ('23', 'Cavazos96', 'KF4C454CJXS2ZLFB9L3U1Z3405W8H326541N3N4TR1GFQX00G0OB7VTPX36J5T099407Y9X1C3LW040D46X2WG3JG952498PQJ727KVIS99Y1DY5Q', '76', '23', '-2147483626', '1970-01-23 00:00:01');
INSERT INTO `subject_comment` VALUES ('24', 'Saavedra618', 'CZZ775J4SFWU58LM4ZM3Q50U09028R7E6992RF2RPQ7D37FNBIZ0B645WJICM6IQSMM34F49O3X7NT8C6385SL4S9KUZCN8I3Y35S58K585ZR0S89LA665G9OLNE1793X3ULPJ76NU53Z6S14UHYN3224R5U9RG2FJH8I06314O2X27LLKW54JL6W73026G98850684YE459FB37SBH15DSVM645WIWS543OB45I7904IC4933Z70A1700109565K638DUQATR030E88KKLNY1EQ7AJ1W44F22X319Y702M64PB6E8VEBKU4AY0DQK3DT7253OB96623ZN4K57Y6', 'TDI72CV22FW3HS85IIDF2QH318Q70B11J622DH4IF3GAZ60E', '24', '-2147483625', '1970-01-24 00:00:01');
INSERT INTO `subject_comment` VALUES ('25', 'Aiken196', 'WTW09964JO7HP5NIN7328I733YVAA6AZK308QQYG6D15I8447A3FREF83WXUJHLNHZ7J0A59Z77IDXGBGK7N2GWP9G4X5065P6ROS9DYU9X097Y027YCRKK5EQCVV60D5L6A5YA7N2R3B19NPDCX3OL724U043ZD032BQG79IECZMYG6M10UWNS57OYFWMD25O8645R4338X0A0K2C921603316AO6DH5D4M50N4J01ZTT985N65C6UO4XH5LXM9027VA46G7U480B321Q89AW7Z7A65M675RW5PS4M36Z866G90Z5FEZR88858D2QZYJ0E410BVUH2P3V7BN992HISXZ2680W7T55TJ1LM90Y01K593XV7O01PLJ1OV3K6U5354Y8K', '2HZEJA9DV5', '25', '-2147483624', '1970-01-25 00:00:01');
INSERT INTO `subject_comment` VALUES ('26', 'Lorette455', 'G2K04KTRMYRTBHVUCB1PS1ZVQ35XS7JQX7Q4PH6C14E4V62IU12FZ1F82N0LC4U8HWB46YTJ0AO9FMZ7H0T77Z0WEDBD4V02O9052SPRB4H4LVG8591710PFQD629QQP34OTFX6R51HJ0959H6C2091L343670S48J7UE6U73G3Y76GD4Q4312LGD3637Q94S53HO4ZS4GA8B844HOR7P7T2KAV8P8626ZA1BA727099TYSKV6249TZ16RJG9', 'P9NBW', '26', '-2147483623', '1970-01-26 00:00:01');
INSERT INTO `subject_comment` VALUES ('27', 'Brandon2015', '797Z3I8SJ47DHW788RO35NPTKASO15HXH95X94ZN3AZNG52D4S7R0AI', 'M4RL8NTPE82W', '27', '-2147483622', '1970-01-27 00:00:01');
INSERT INTO `subject_comment` VALUES ('28', 'Laci767', '9N987SJZCQPYL45062VL72N1P1S7036W7UOIR7U4TE301J00Q22A143ZV42PSZAGR6CX03K708PLVR969CP1VJ9W7071UJZ4U9UO521CVG4443C7VD511256077W5YD0S01B94OEWH5E7JF3VL9X14659V3VPI53482Y7P90S67H29QG0CEA9S096NQ7GRYI3BG24OTSTC3W3H34MBI87D9SZ20W5LQ2M0J9BBAIM00V3ED9HI9501JH7JKG5B24E8NGM504V884UTE6J5T1YQZ74AHAZX78RU68T1Y3VD914GP18KEP3U0Z7HCZ1HJPY0TK4043EY10N8A93264S76BDUJ6225I3BGGU48J2MOB0799HXE91VMH700NK011TJ6S624437EP174M508NZ52Z6003E1WD50GK74029VA2N7W7Y6KPJWB', 'C70777V0332K892M716819JY83DX2U67Z7', '28', '-2147483621', '1970-01-28 00:00:01');
INSERT INTO `subject_comment` VALUES ('29', 'Martins2003', '9J0A02OQQCRZGI2Z19A2', 'PDN292IB037GM15485YSZX1CJ9134QYDM295YY9U6Y3S9YA6GY14H31LC7S17LPG82BZU028FMC8393RLKQ4U5UX369U4G21PE9Y4XNUD5B4MCU91U386H2PU37H52NE6Q305GBUA0NF6715G59YP408C821N0N8I6Z22X10J4395M612X32EE4ZBXM4UK02WT326RGP', '29', '-2147483620', '1970-01-29 00:00:01');
INSERT INTO `subject_comment` VALUES ('30', 'Ragland2028', '72Z9F83TUC39KHXUTWFW823EJ745J73BLB26BX75023G9DBPKI85X42Q5Z1W2DA57UH6T68K90HK1VCQ6A3ABEVUG1J5X526QS73NJNHF09K3HD8OPS62L1S64B52701916B6Y725L7D34PA378Q8TYRAZ2PD384R5338246OA4N7NND8PPQ3UQ8653MGL3N77JSKB474EYU9346H8877DE3P7IC10MTKKI3052GKT8P5H8I84839J469316XRV895U7RSDD2R7H1337QQW317RCJ7VW741148G2FSXR7VT33350FD1J1077D7XRYC28A61L1ENZLNR48C2J5309RH10OL', '8T3GIF4PMEG25N92B2Y64PC719O4HP6GZ37KUPRB4TY6A9A230O7N4C900ZQKV5K5YJEHB30FYI2Q4V21EC21UEI3S1I4GN3FD3B5RRLTB618Q8LJGTD84XF1BR', '30', '-2147483619', '1970-01-30 00:00:01');
INSERT INTO `subject_comment` VALUES ('31', 'Ahmed892', 'I2Y4K39S7M178136TCA582Z8I4L0LY56X358998UJY0I30N841K1MUSB36TBPS4J95ODLV3Y6K7K93AC8A8510AL9Y2PU8F787IX216T7O7232G4I75026DRZ839K77165Q0C218CV412I8', 'QVH5A75706NGF5TQCXC3M41X1TB53M3P0G4416815A6253XA0AWMZ73343317I38LR02IC3', '31', '-2147483618', '1970-01-31 00:00:01');
INSERT INTO `subject_comment` VALUES ('32', 'Noriega15', '7GG40JT4Q1L885FC38O2YT1T89803092D5XNDZ11R7A31YH7L9DH18P6UYEA997L', 'EP1SFQC12HA788U8PTX4ZTWUKZOR1S17WU458DH7F0F1NIHMHL95V9YC7I5QA02I14Q9F398GSDOO', '32', '-2147483617', '1970-02-01 00:00:01');
INSERT INTO `subject_comment` VALUES ('33', 'Alicia1958', '9J5HT081AI1A24ZJJ66S2874D3AM0Q2XI6DH5GER33U4L2H6946OE9RAI7V15OQ9I3D9EU', 'KN285', '33', '-2147483616', '1970-02-02 00:00:01');
INSERT INTO `subject_comment` VALUES ('34', 'Painter1973', '9K47G17V226UEHC98N0ZV27Q6T09724563N16OEKGQ2J5PI97B039KFUWYR222E0D014OH2611D9B0U88724767Z90YK912F853O9R0STFX1R9N5D58', 'H172RO628W865W6NM1SCO0D800J197SN94UKI7SHQ535R485KB64W4H46GJS5IMV93XT28A06N5Z6FUMO28HT19Z3K2E', '34', '-2147483615', '1970-02-03 00:00:01');
INSERT INTO `subject_comment` VALUES ('35', 'Lucretia2012', '0L4RURP34BS33D71J39TP00SR3689377NH9XDP1WJ35QRNLU7', '67F6P3IR214QB1IX6816DJL5699PXP22LAMFX', '35', '-2147483614', '1970-02-04 00:00:01');
INSERT INTO `subject_comment` VALUES ('36', 'Tripp41', 'L43TFE8900ENW1BXH2Q39SYIQW1F3A72YL4QBG72UBPC8S54YR8PA812QYEXF47385BI9I5958V8Q0JSY41Y2TTOW9PMPL71HV7Y3AP5LZF4TV3NB4XLX9UV0M6M366ZJ685LMIHK613K5BZCOK3T55XW852315B6U032T7', 'ZQ4CI21KC4LD583TWVK229ND8PD7T236CLOO19HMNVJYU70X03CZCUBC79Z1QPF7PTM84MO4J0596S46I5793ZMF14839ZK4I2P70TUA68WN5G9XA78O5HY70X17M405DVYG02RI28BQ4Q9A7DA2GXN', '36', '-2147483613', '1970-02-05 00:00:01');

-- ----------------------------
-- Table structure for super_member_price
-- ----------------------------
DROP TABLE IF EXISTS `super_member_price`;
CREATE TABLE `super_member_price` (
  `id` bigint NOT NULL AUTO_INCREMENT,
  `product_id` bigint DEFAULT NULL,
  `member_level_id` bigint DEFAULT NULL,
  `price` decimal(10,2) DEFAULT NULL,
  PRIMARY KEY (`id`),
  KEY `FK_Reference_17` (`product_id`),
  KEY `FK_Reference_71` (`member_level_id`),
  CONSTRAINT `FK_Reference_17` FOREIGN KEY (`product_id`) REFERENCES `product` (`id`) ON DELETE RESTRICT ON UPDATE RESTRICT,
  CONSTRAINT `FK_Reference_71` FOREIGN KEY (`member_level_id`) REFERENCES `member_level` (`id`) ON DELETE RESTRICT ON UPDATE RESTRICT
) ENGINE=InnoDB AUTO_INCREMENT=37 DEFAULT CHARSET=utf8mb4 COLLATE=utf8mb4_general_ci;

-- ----------------------------
-- Records of super_member_price
-- ----------------------------
INSERT INTO `super_member_price` VALUES ('1', '1', '1', '99.00');
INSERT INTO `super_member_price` VALUES ('2', '2', '2', '100.00');
INSERT INTO `super_member_price` VALUES ('3', '3', '3', '101.00');
INSERT INTO `super_member_price` VALUES ('4', '4', '4', '102.00');
INSERT INTO `super_member_price` VALUES ('5', '5', '5', '103.00');
INSERT INTO `super_member_price` VALUES ('6', '6', '6', '104.00');
INSERT INTO `super_member_price` VALUES ('7', '7', '7', '105.00');
INSERT INTO `super_member_price` VALUES ('8', '8', '8', '106.00');
INSERT INTO `super_member_price` VALUES ('9', '9', '9', '107.00');
INSERT INTO `super_member_price` VALUES ('10', '10', '10', '108.00');
INSERT INTO `super_member_price` VALUES ('11', '11', '11', '109.00');
INSERT INTO `super_member_price` VALUES ('12', '12', '12', '110.00');
INSERT INTO `super_member_price` VALUES ('13', '13', '13', '111.00');
INSERT INTO `super_member_price` VALUES ('14', '14', '14', '112.00');
INSERT INTO `super_member_price` VALUES ('15', '15', '15', '113.00');
INSERT INTO `super_member_price` VALUES ('16', '16', '16', '114.00');
INSERT INTO `super_member_price` VALUES ('17', '17', '17', '115.00');
INSERT INTO `super_member_price` VALUES ('18', '18', '18', '116.00');
INSERT INTO `super_member_price` VALUES ('19', '19', '19', '117.00');
INSERT INTO `super_member_price` VALUES ('20', '20', '20', '118.00');
INSERT INTO `super_member_price` VALUES ('21', '21', '21', '119.00');
INSERT INTO `super_member_price` VALUES ('22', '22', '22', '120.00');
INSERT INTO `super_member_price` VALUES ('23', '23', '23', '121.00');
INSERT INTO `super_member_price` VALUES ('24', '24', '24', '122.00');
INSERT INTO `super_member_price` VALUES ('25', '25', '25', '123.00');
INSERT INTO `super_member_price` VALUES ('26', '26', '26', '124.00');
INSERT INTO `super_member_price` VALUES ('27', '27', '27', '125.00');
INSERT INTO `super_member_price` VALUES ('28', '28', '28', '126.00');
INSERT INTO `super_member_price` VALUES ('29', '29', '29', '127.00');
INSERT INTO `super_member_price` VALUES ('30', '30', '30', '128.00');
INSERT INTO `super_member_price` VALUES ('31', '31', '31', '129.00');
INSERT INTO `super_member_price` VALUES ('32', '32', '32', '130.00');
INSERT INTO `super_member_price` VALUES ('33', '33', '33', '131.00');
INSERT INTO `super_member_price` VALUES ('34', '34', '34', '132.00');
INSERT INTO `super_member_price` VALUES ('35', '35', '35', '133.00');
INSERT INTO `super_member_price` VALUES ('36', '36', '36', '134.00');

-- ----------------------------
-- Table structure for topic
-- ----------------------------
DROP TABLE IF EXISTS `topic`;
CREATE TABLE `topic` (
  `id` bigint NOT NULL AUTO_INCREMENT,
  `title` varchar(200) DEFAULT NULL,
  `content` text,
  `icon` varchar(1000) DEFAULT NULL,
  `category_id` bigint DEFAULT NULL,
  `attend_count` int DEFAULT NULL,
  `attentition_count` int DEFAULT NULL,
  `read_count` int DEFAULT NULL,
  `create_time` datetime DEFAULT NULL,
  `update_time` datetime DEFAULT NULL,
  PRIMARY KEY (`id`),
  KEY `FK_Reference_518` (`category_id`),
  CONSTRAINT `FK_Reference_518` FOREIGN KEY (`category_id`) REFERENCES `topic_category` (`id`) ON DELETE RESTRICT ON UPDATE RESTRICT
) ENGINE=InnoDB AUTO_INCREMENT=37 DEFAULT CHARSET=utf8mb4 COLLATE=utf8mb4_general_ci;

-- ----------------------------
-- Records of topic
-- ----------------------------
INSERT INTO `topic` VALUES ('1', 'Ipsa perspiciatis cupiditate pariatur.', '0B57X6HH26A442SALZ', 'IN3FD45DM9LO3PM63N32W1GU6978ILX4234GP0Y1Y8WX51QK4O2K727BN61DPUDAE939K5H1KBC5T4Q34HUE59Z8B83HVU2578K64D7H5U3F95MLKBI20F7W32UDHN3NF9CZD186U0', '1', '-2147483648', '-2147483648', '-2147483648', '1970-01-01 00:00:01', '1970-01-01 00:00:01');
INSERT INTO `topic` VALUES ('2', 'Minus voluptas quis sed rerum.', '8E1E1M4T3VB49R3GF7C2S2TE42J2TJ9K13N2HWFP8T2GY1HXMO07F0J2XF9CE47KPE6D2736RFML9WP17UQ2XO14W27008JXDK7ONE675G780B7UNW0ZMI6BI7166NI0H764TW7RF8W07M06Z4I1UB2860734L30HQ8HHJ9F44RZ287360OSF06L1QD6955Z19520A00', 'UM5V758L218908G473GFP1F545E62Y45T2AI13D466E19P1IN', '2', '-2147483647', '-2147483647', '-2147483647', '1970-01-02 00:00:01', '1970-01-02 00:00:01');
INSERT INTO `topic` VALUES ('3', 'Unde omnis cumque delectus quidem.', 'B767T662HQ7ILD71192429Y7EI6377W8G2505358A960E0560U3E0XBRGBJ1H44KF1D2ALQCAIR', 'U18JU33U1G1KWN', '3', '-2147483646', '-2147483646', '-2147483646', '1970-01-03 00:00:01', '1970-01-03 00:00:01');
INSERT INTO `topic` VALUES ('4', 'Id consequatur exercitationem.', 'EAX7B429IHL6ZJ55EEDF', '99L237987BIFTW', '4', '-2147483645', '-2147483645', '-2147483645', '1970-01-04 00:00:01', '1970-01-04 00:00:01');
INSERT INTO `topic` VALUES ('5', 'Dolor beatae iusto ut voluptas.', 'H8G0S1PHLBTW066018QUP4SN381ME0239M14372QS70EB6VW51DC14407TJ7Q90E', 'LM5Y52S179I92UJ0301S4I1KPYXI99AMT2ZDPV44RNQ6', '5', '-2147483644', '-2147483644', '-2147483644', '1970-01-05 00:00:01', '1970-01-05 00:00:01');
INSERT INTO `topic` VALUES ('6', 'Voluptate ut ipsa tempora sunt.', 'PLA0NAI1V0OYX93W226H14931E21L4485A5R3S324UHZ1I2I6145G01ATH6P412F8SX2XSX1G2R2632UB2DNQ77BIH4428U9', '62550WS18208', '6', '-2147483643', '-2147483643', '-2147483643', '1970-01-06 00:00:01', '1970-01-06 00:00:01');
INSERT INTO `topic` VALUES ('7', 'Eaque animi dolor quod veniam vitae.', '6WA1106H8C6CRT1491YP', '66Z29I6H12M254320Y3TEX478TR1VM43Z5JH09UN3ZPV07VZ5619Q2NZ2QN8LT9X60455JW5NQ2GF5MG36105BYY842P731X503PR9FI69Q33L28576QFDWM4PY145030NWT6FP5F85M8309L1L472N7XMF58878X097PN025806G8A7I', '7', '-2147483642', '-2147483642', '-2147483642', '1970-01-07 00:00:01', '1970-01-07 00:00:01');
INSERT INTO `topic` VALUES ('8', 'Minima sed tempora nihil at obcaecati.', '4', '09L81VG9CP08ZE53V37UDGVQ3D0I2L171S6F5602V90X82Y2244820KT', '8', '-2147483641', '-2147483641', '-2147483641', '1970-01-08 00:00:01', '1970-01-08 00:00:01');
INSERT INTO `topic` VALUES ('9', 'Inventore tenetur ullam quis eum.', '08WO5EK8HVZB75DEUT8I51N1J8B0P', 'D8A2QL3', '9', '-2147483640', '-2147483640', '-2147483640', '1970-01-09 00:00:01', '1970-01-09 00:00:01');
INSERT INTO `topic` VALUES ('10', 'Qui est pariatur maxime.', 'YUZ0G778', '72OA1S60U39IKK3EP1R8A', '10', '-2147483639', '-2147483639', '-2147483639', '1970-01-10 00:00:01', '1970-01-10 00:00:01');
INSERT INTO `topic` VALUES ('11', 'Laboriosam non expedita explicabo est.', 'S2TKK3US58L94', '5NIXHNQU5KWZ22V48BH2K7652EGVT4TQD5RA908YMGDXGJKZ47I6N8QKS9N521AN923G2LR13AVST3ZFP0O04BY30UA03YO1VH6WB271918N5WR512LK6V2892C9YPH15112L9546B7Q1LS891805A86G4FM1GR20CDIM6R0A2SG85QB9A8ZU3T83TR597R00ID6O790NGVL4UB8R83OOQ721DT4A75LE2E6B4YJQ92FR6D88X291BT35623MAEA57HJ5006BSCQ7T039828H061NL677AN8RFCJVK13EFV49NWLE12S97Y796WJV1P2', '11', '-2147483638', '-2147483638', '-2147483638', '1970-01-11 00:00:01', '1970-01-11 00:00:01');
INSERT INTO `topic` VALUES ('12', 'Magni neque eius quidem autem cum est.', 'LI827ZKT9AC3YCK6SSI7054758JG69SGD2NG9QXMW1AX2H58NL3QS4SC', '3YCP05629KT87218EG701OI5UC9U47ND1G72UYWSO48EV1U90MP5VYQMS1U9I9P19INL027TG3K3TEHIKMT7MA317791A8O9Q9844R5956U51N6W7WI6AX2YC67JM1329S08QLUIF1MU2ABOI', '12', '-2147483637', '-2147483637', '-2147483637', '1970-01-12 00:00:01', '1970-01-12 00:00:01');
INSERT INTO `topic` VALUES ('13', 'Doloribus officiis est sed omnis.', 'LNJT65G3M11I', '9X06X9VW4TC5EP367C', '13', '-2147483636', '-2147483636', '-2147483636', '1970-01-13 00:00:01', '1970-01-13 00:00:01');
INSERT INTO `topic` VALUES ('14', 'Possimus nesciunt quia accusamus.', '2XRS2946BE9XZ4S0604O09WP59N192FB27B1243JKM79G9UKC9I4JGPF408Z9890DPK5N6BHCPL08O3ME0KT0ZD2SUXV6TYBHF85HOVAKU581N7W803125Y0ZP0Z', 'CQ1EN555H0M844161995SIR0F9V9KOOLDT68V3HER8JMFXNS2N4D03F915G97VZ2UD4NMV67Q1W3NHG3B2P72VFU005K6R72E57VBF451D45', '14', '-2147483635', '-2147483635', '-2147483635', '1970-01-14 00:00:01', '1970-01-14 00:00:01');
INSERT INTO `topic` VALUES ('15', 'Vel repellat porro vel assumenda.', 'A172NH95', '1C3O9UI5RLE84N7B2Y38050KBDF730W7UB8IXZJ52UP6MR970IQG448GB25C6W12GXNERAV3JF99CE99EH0SB63EZ4BQIJIZB71680GQ505C9HR900K717E7T2DY2YJ89L6899402JU4MG07H0T', '15', '-2147483634', '-2147483634', '-2147483634', '1970-01-15 00:00:01', '1970-01-15 00:00:01');
INSERT INTO `topic` VALUES ('16', 'Rerum dolorum optio ipsam reiciendis.', 'ALPPT9HL7NZIE9U6JG95Z308XA0Z792A1204H9P1055Z8K7NM1', 'BEH50MN7DZ9M4BP5NBU6FX0ASDFEDI52OX7ST693QC9P0088E2UA6X208FD9405Z6X', '16', '-2147483633', '-2147483633', '-2147483633', '1970-01-16 00:00:01', '1970-01-16 00:00:01');
INSERT INTO `topic` VALUES ('17', 'Velit in ipsam repudiandae ratione.', '23ZS0FDU3VN03VHRV4ZWZ8687PKK9272V4I0U5S2EO6Z0', '1QR68A27CU37L3F0', '17', '-2147483632', '-2147483632', '-2147483632', '1970-01-17 00:00:01', '1970-01-17 00:00:01');
INSERT INTO `topic` VALUES ('18', 'Provident vel asperiores.', '9TCQB1JU3QM1X8FTK7P88A9436M88O0LMD8OFVFEN82M3552B836NKSP44X3V6R81HIC', 'L6ZY3599BZ3IHXW83FX7A2Q7', '18', '-2147483631', '-2147483631', '-2147483631', '1970-01-18 00:00:01', '1970-01-18 00:00:01');
INSERT INTO `topic` VALUES ('19', 'Aliquam eum ut porro explicabo velit.', '7GQE28857C330L913I9684MK', 'WVV5I0QTVLG6O44NS70575NL2247UKZ2Z385V3BB3RI6K358U479S676HKXEW229C3DK84CA22XDXUL285U624E71M3DR961W40V8M', '19', '-2147483630', '-2147483630', '-2147483630', '1970-01-19 00:00:01', '1970-01-19 00:00:01');
INSERT INTO `topic` VALUES ('20', 'Consequatur sit et minus eius.', '88R87DEWA3PH45989659XCO7EN028Y2O9', 'EXD876GLOCNL5HZRV595J1419R0G8RKB25855IQY355OD34V7X88LMJ81F2V0O6Y4R8437E05J83F65F50OPKAX36GXM5XE18ZK1DLJ7G8604KUSPQ88E8PIELSN8N3PJM83315X522YIP1N1MQUX19U5J69AC28W0', '20', '-2147483629', '-2147483629', '-2147483629', '1970-01-20 00:00:01', '1970-01-20 00:00:01');
INSERT INTO `topic` VALUES ('21', 'Adipisci earum totam quia aliquam.', 'IOFN5N47N8I6866XCNL1V964WH8893NPC1NY9CTE43V15DAASDY2ZSOPKVKUP5TFIFY42Y3C3I7JS09XJJ99J', 'F93R3LIB40T6W7O0PN83R483IC', '21', '-2147483628', '-2147483628', '-2147483628', '1970-01-21 00:00:01', '1970-01-21 00:00:01');
INSERT INTO `topic` VALUES ('22', 'Sunt architecto molestiae quo soluta.', '0C643A3M5P4IFIC09H9J12NBDX50OBE516Q7PLO2324CQ2B2W44P53EVZ5Z2A0V5TGAB0L', 'G926R2OH384SDW6', '22', '-2147483627', '-2147483627', '-2147483627', '1970-01-22 00:00:01', '1970-01-22 00:00:01');
INSERT INTO `topic` VALUES ('23', 'Sit in voluptate officiis voluptatem.', 'W0OT2V3JHR5', 'H2C4835IZBPX8PD66LAF8L31LD0E71WI711VB49J1RC4I28R623Y45BS83N8A125F361T2R1NF93L7O94I12XN1Y6R16382312BARAPBD91020ONYANE9NP325HJ75749EB6OE1615167NWK89R6HT7RI4ZGDLS23631H4O4003MHZ0N70DK3L3YLY6MJ7TY4V1889I5TK93D9H21Z59R', '23', '-2147483626', '-2147483626', '-2147483626', '1970-01-23 00:00:01', '1970-01-23 00:00:01');
INSERT INTO `topic` VALUES ('24', 'Quae tempora eaque sed maiores quia.', '62A5C7K1DIG0F67ML5479YT0GRYU227I3C25F502377V62361C7IJ26528YM5C9Q16XO4R43V2SZA10', 'PC197647A5WO3012LMRO6VRTCYL8X0Z3U0CNCCDILNFZ3X976EGXZI8AW00330GYNB14612YW517U99964032617N0R1904J41PZ71D6FO4D3DQ9E1OOC8P6G11YG6T90O18YAKQQKW3EVM35F6BP2X1X68ES77114RJ57L8FHFY72V609N6OU80442QJOQ64OC9BPY81R682G0F588XS41TR3O8A37NIG', '24', '-2147483625', '-2147483625', '-2147483625', '1970-01-24 00:00:01', '1970-01-24 00:00:01');
INSERT INTO `topic` VALUES ('25', 'Vel laborum suscipit.', '2FX2X2Q283062E87IFT146L0D711902KHXKA8FWU5VIB46HDBDQOIGH6S24L3', 'UO18E6G66YOK1I97N3H63E9TX5F411835H900EDSTE99Y4M0CCMD6X5IY07R9174O5M7H597TK7UFD989', '25', '-2147483624', '-2147483624', '-2147483624', '1970-01-25 00:00:01', '1970-01-25 00:00:01');
INSERT INTO `topic` VALUES ('26', 'Officiis quis ullam.', 'I0702BT14V07054UF88S2BP9J8AF5V8SZCD72354US0J03IZ8K3CO', 'EJ9I9PPDI2AV4RP0ELW4O7FP0MW69GT1RO11NYV69J50Z4JT00782S1Q4ET4R7KURW1K446Q56288OQMR29GMNAC0102V77G9H8H4G3WAUUSBJL7Z85G143N022MVF32JM499R963D4K97HAX8545MF60226URDSTZQC937KRPGF847K46Z2C09L16898LX283GVK20881H10FQC5Q356WQJ012IR5O9DY1PICDQ9P3PS2YH755ARU4LQ0AESZ7U87IA71ZPMIPI7V7EU8940883D34L7GF6A6H244I5TJY5D6M8I1LNY95319BT648E094LH6TB8674UPDC4PXL72210F7PB160I', '26', '-2147483623', '-2147483623', '-2147483623', '1970-01-26 00:00:01', '1970-01-26 00:00:01');
INSERT INTO `topic` VALUES ('27', 'Velit ab tenetur voluptatem est.', 'DO3Z7JYHP2ZU86BR6J0CII4T31CVWAL443E628A47VK39JCU96D08R300EP115785A521ZBS3OK7D50P95675AFAGADP3Q7AV58615J9389ENB7V4D4I4EG7ZE1HH', '3E5TUJ5I6B974120Y51GS609Q5NZG4A88E6SKCLZM819NQA1YUL3P3PI19F735908H6MFE0I2CB1252YD36G6H94OK63', '27', '-2147483622', '-2147483622', '-2147483622', '1970-01-27 00:00:01', '1970-01-27 00:00:01');
INSERT INTO `topic` VALUES ('28', 'Consequatur dolore qui error sed.', 'L187U5385DY1T2W2ZW2AZQRE278EEA069J66413M2KAOF8E7F450IMWBT', '9O323I1G2THM341MWD1C2Q9', '28', '-2147483621', '-2147483621', '-2147483621', '1970-01-28 00:00:01', '1970-01-28 00:00:01');
INSERT INTO `topic` VALUES ('29', 'Nemo et optio fugiat vitae delectus.', '5Y7J5S238O8206ZQ06YS74Z7GQOZEX6ZA292N3YLG3K2X2E0F1', '127CX89W3N487446VVQE9ST4953W949O45V4Y62US601Q9L15', '29', '-2147483620', '-2147483620', '-2147483620', '1970-01-29 00:00:01', '1970-01-29 00:00:01');
INSERT INTO `topic` VALUES ('30', 'Pariatur ullam dolor quasi velit.', 'QLAY7S276C2BKQT7HZ2K9T4BOVWS2LZXA74I0EY9292D72WR2A52G48P48KT16M0SU5T04W886MP078Z39A7IAHX83P60X0Q3S972OVOV3D707T9336GG1382P403XY6TE2E55O6HE8M391TJJ70F09I05MIN4ALTLCJUL8IUK8H6P9655YY657D966ETAT1BRW826OA', 'E2A0N7786939Q36W1E3YLKZQH06N684DCM', '30', '-2147483619', '-2147483619', '-2147483619', '1970-01-30 00:00:01', '1970-01-30 00:00:01');
INSERT INTO `topic` VALUES ('31', 'Incidunt et vero dolor veniam.', 'I6Y36D0EJDQ40K8BTJ1IK66T26W8222223E7X49E5IZ1OX4117GH928LWT59KF153RFGDHZY5O', '084U18B7U86V65VB6750T9VOV0DI791E3W2O847R32195S8J', '31', '-2147483618', '-2147483618', '-2147483618', '1970-01-31 00:00:01', '1970-01-31 00:00:01');
INSERT INTO `topic` VALUES ('32', 'Voluptas quisquam sed accusamus est.', 'T52UR19VIT84CZ086L8HU0389853NW4F8Y4G1I1G1LZ5XT690682C96572D907B7REZ4QF0D9TP7FDAF9TD70Z', '09TPU5Q7G555M644I8V6RSQ296U9E17R31N85V00I3MC208AJ45D96L87KUK8YSAONI6P3PO1E02L0G8J2VE3E06GA324P96SFP492GV7FXSCBZ63EB0IF85P35GK8OZ0N99PHMC6QEB1N0G0NS23GM855VL46SG3NKVSUY7E0QPBGM0KQYIQ6CK7F7415852G9177DK75C23PYWFHMZAZ9AS9IQQVQF9068986TR7830M2P1I2ANE3031CZ0VZ3M4077U1LVVFKK1B8S0E80V1S4BQP227E456U2WZCUX31K9YKT4T7M0REVHI91699S4BE9Z38L7FK0EIZ568S5D7FRY318758KQI47', '32', '-2147483617', '-2147483617', '-2147483617', '1970-02-01 00:00:01', '1970-02-01 00:00:01');
INSERT INTO `topic` VALUES ('33', 'Iusto alias deserunt sed.', 'RGOYP7H9NGA549O9FUV6H81VG4Z7D9EDR85Z0E13UFEL8N2', 'WZQO0WSKR0QZEM28B3GZM7QMS0431168165JMJG7ZKRRC8HF9RV3BEOL9KC6Y0FH2R5YF97144U3OZ59J13F7826J398HX3609683BD1YE0E7441WX798CX4641U05V08645V4XH', '33', '-2147483616', '-2147483616', '-2147483616', '1970-02-02 00:00:01', '1970-02-02 00:00:01');
INSERT INTO `topic` VALUES ('34', 'Ut et repellat velit magni corrupti.', '795DQ85M305QON5', 'G3KXK4MQ68U6Y9P5P2I968VQ1E2Q9212PW1312YX20YK09054Q519J8V', '34', '-2147483615', '-2147483615', '-2147483615', '1970-02-03 00:00:01', '1970-02-03 00:00:01');
INSERT INTO `topic` VALUES ('35', 'Vel dolor quisquam molestias itaque.', '31B4SDK367NX7XH05W1XFBOTWF8TKYGP2XP0CM7TI4S16234SJH484PHI2FT2M8R6ZFQX3D3YE460', 'RD66380SNE41X8TA6GEOI448J56A9287ZZ4G63199L7294P3R84850OB75123W64ONOOVT7Q6RW5DV9H4814ZQMUA1H2CA6BJ', '35', '-2147483614', '-2147483614', '-2147483614', '1970-02-04 00:00:01', '1970-02-04 00:00:01');
INSERT INTO `topic` VALUES ('36', 'Non sed nihil dignissimos sed quia in.', 'C2FVBECQQN6S3X8L21871J7V8647P4D2KY4S', 'B7IFZK7D03QBV1QJCXFI9F7K0WGT88156S81R95C5003YE0066713418N82NH15D31OG0OD43RP7QI1MH2R1E2I572OYV9IW960H7NZ3GMO751018426YW0TXQB2578LY5097LUOX0A9WPH2XRTTZ3FHQWEY3459RPM107ICR4M2TU9BB68B4P9MTFV4J5V8LIJUGH7875E64GE533JVH3WX5795HWW2GG785GV5X4R3SLEL414PS3X157M4I4B1T2R9SL09690FST5VJ9U61HR6Z90TS2C0BFJ064BYI692GB9PNPMX5779EMH6TTU8L861O28I78L5WXF54AH33GR04EXUS86PAQAXE92RW7V8Z59M88YP', '36', '-2147483613', '-2147483613', '-2147483613', '1970-02-05 00:00:01', '1970-02-05 00:00:01');

-- ----------------------------
-- Table structure for topic_category
-- ----------------------------
DROP TABLE IF EXISTS `topic_category`;
CREATE TABLE `topic_category` (
  `id` bigint NOT NULL AUTO_INCREMENT,
  `name` varchar(200) DEFAULT NULL,
  `icon` varchar(1000) DEFAULT NULL,
  `topic_count` int DEFAULT NULL,
  `show_status` int DEFAULT NULL,
  `sort` int DEFAULT NULL,
  PRIMARY KEY (`id`)
) ENGINE=InnoDB AUTO_INCREMENT=37 DEFAULT CHARSET=utf8mb4 COLLATE=utf8mb4_general_ci;

-- ----------------------------
-- Records of topic_category
-- ----------------------------
INSERT INTO `topic_category` VALUES ('1', 'Health', '4U3CO527KT7H98V11A0ZJE201I680TNG0EP1RFN8QQ6OP96625D5SDW4N6RPUHP139BFN46X6Z6BU3E35OQ0167440868LDHW4QHEXA8828F5QHYIH9U03P15J6DJMZXK73V78Z7D80133914MX150PKC90HL45S3GJ1J3908YXFKHL6915K082YU1H24SCM5L94ZNGC0B2686VDZG757617U93N3MM38WP4VR2148NI4P24GHNT0A4R0KJRQ1S11V3JCR0GNA67H269GL83156HLUCB512GQ7G956', '-2147483648', '-2147483648', '-2147483648');
INSERT INTO `topic_category` VALUES ('2', 'Baby', '1EACJ495X89', '-2147483647', '-2147483647', '-2147483647');
INSERT INTO `topic_category` VALUES ('3', 'Music', '65V6234X5VIUW99G99V9IUCM7PB81MIO8475604744119X4WF62L2IP8C29V8BS0XM8990L82V5IKE6QY3IVO57DNZ8346U948485022938J41F7K0DX523R8X0407286675U0P0V5M20M05U52KDLY21ZF0X65IPX7541363I546UO', '-2147483646', '-2147483646', '-2147483646');
INSERT INTO `topic_category` VALUES ('4', 'Toys', 'ORNACSCUG0EY34H7V', '-2147483645', '-2147483645', '-2147483645');
INSERT INTO `topic_category` VALUES ('5', 'Games', '3W9R2N81UT551LFN8SKG0SK8O867743Z9TY81M5196I2E4Y86WE5UB7N1G11O7W817QPIVW', '-2147483644', '-2147483644', '-2147483644');
INSERT INTO `topic_category` VALUES ('6', 'Sports', 'Y92R76GHM4UDWVSJMIP3C0V26Z3AEWJT95668WB83723788D2AO545097F6H4YQU9ILHVN9569763K62Z74JYO933X4PS869FDU2X8FA7D7DS3833', '-2147483643', '-2147483643', '-2147483643');
INSERT INTO `topic_category` VALUES ('7', 'Garden', '79W99', '-2147483642', '-2147483642', '-2147483642');
INSERT INTO `topic_category` VALUES ('8', 'Books', '50M4176IJBV4BX8J541SMPU09Q1SWC7', '-2147483641', '-2147483641', '-2147483641');
INSERT INTO `topic_category` VALUES ('9', 'Electronics', 'K8N3TU46Q62749L850R57Z3Y863917801TE03N3I482N1SHCDL0384U92CUDRR34II499701203J224T19CQSU7I688I69J6I3M92SKIB11SZ464UT6HUN1R0XPL296MZR57X18266LKBASRX3E5096C4C6Q387G396XPI7R5A766444EV7C1G3A38578LVWH12HH2YWO30046R028B5RB9U4OI897765H5326XSPZN063J454S694XE', '-2147483640', '-2147483640', '-2147483640');
INSERT INTO `topic_category` VALUES ('10', 'Audible', 'R8G5OPJNJ78781L5218O5LC', '-2147483639', '-2147483639', '-2147483639');
INSERT INTO `topic_category` VALUES ('11', 'Food', '11KJF', '-2147483638', '-2147483638', '-2147483638');
INSERT INTO `topic_category` VALUES ('12', 'Beauty', 'GUE27808XK3M8078LBJ5QDYU7IJ8NM0I3RFR4HD8G12N5N35JCC2QV7XRLOPH1UJ5S36W6X4435212S8X330ICX50875Z1CXGWT308IQ2P6WV692IQL20K2IH2LX5D8B14R0EVC471N50EQ2H9X020WHRB5Z4QUA97Q2712984661F2', '-2147483637', '-2147483637', '-2147483637');
INSERT INTO `topic_category` VALUES ('13', 'Pharmacy', '2NH7P338W9SA06W9945QWGO9EL593USV46KG8K7', '-2147483636', '-2147483636', '-2147483636');
INSERT INTO `topic_category` VALUES ('14', 'Toys', 'NY670JX', '-2147483635', '-2147483635', '-2147483635');
INSERT INTO `topic_category` VALUES ('15', 'Shoes', '92DOFG289A5BOUSBOF1URJL9WDNTPKQZ14CZ52O44LGHK95HMN32V8Z8K5WSN198CNX8XP3GG91N75PZMH0KAKIP1E6EHA4OR05FKC5ARB791OK8P1VQ6GAOK3412P4JI6G84VXE0O', '-2147483634', '-2147483634', '-2147483634');
INSERT INTO `topic_category` VALUES ('16', 'Jewelry', 'I00B2028X6GE8UO6H76B43IK0649QMW6E7HTL6OC34D6N9X32IHR1UJLX8CZCE28FLYT310H94B8SJS15MB7VU37627029N2K0VPBCBY1UHM4VP60Y2XN3P31O8H7XFC3404B1705Y33G63717K8P5BS3E9TFN7KXMN37N5G3I62793V1N62MA73S7SMRE936YS96Z4YC21EA37309OQHS6Q7OA6UD3569J7Y4CG6A51SM2477E134M510RFL2I54RVUU714FU118Q0CA41M30695L', '-2147483633', '-2147483633', '-2147483633');
INSERT INTO `topic_category` VALUES ('17', 'Furniture', '888XH', '-2147483632', '-2147483632', '-2147483632');
INSERT INTO `topic_category` VALUES ('18', 'Garden', 'LZ4064EX44X1226BAIHJS645T45S3290VBJSNZJ54264P1X429NCD0J8449', '-2147483631', '-2147483631', '-2147483631');
INSERT INTO `topic_category` VALUES ('19', 'Outdoors', '17HH4LI9430PC1YPDEX7692C5J07A487Z5I4E33NKECCR8I922Y70JG40T51R4O4O6593GU4K33YP4VA5784H283Z45145RRLP37SEXCH0O6N372FN1862T2OV1BK21H8F08C5HR94Z741OYRK9OQ18O', '-2147483630', '-2147483630', '-2147483630');
INSERT INTO `topic_category` VALUES ('20', 'Automotive', 'DA28U16S31MU6L505JK2T2JS38303QH20CKS4Q36Y7OOX788XIDBWJ4Y479525N1H57XWVVJBH883O92P0W732QITFG0O27I0BXN23JY932C8448JIL4VV7GRERKKW549156N13HGA9', '-2147483629', '-2147483629', '-2147483629');
INSERT INTO `topic_category` VALUES ('21', 'Books', 'A177960NMBD2O6X178C96ZJB0K2E00139MH25Y56RHPTB40WXIGF9XTYG7ADTZE38MHC043S1P342025RIZ6PJNZV790S85Q2ET83IC6E9IO4AL1D7A446E8JFA1OM604MJ12772237UB50AMA5ITSY25NJLS1C08SN688Z2B75XQP0', '-2147483628', '-2147483628', '-2147483628');
INSERT INTO `topic_category` VALUES ('22', 'Health', '9G253E1Q1VV1L1HOPE58107AGB4NPS566Z051O5C', '-2147483627', '-2147483627', '-2147483627');
INSERT INTO `topic_category` VALUES ('23', 'Home', 'CNL03D', '-2147483626', '-2147483626', '-2147483626');
INSERT INTO `topic_category` VALUES ('24', 'Clothing', '034RG6FQLA49NHZ081B1Z8IJEV53F3W06129O86Q', '-2147483625', '-2147483625', '-2147483625');
INSERT INTO `topic_category` VALUES ('25', 'Outdoors', '1J5HQDV16JKU2XRR56DQOWWO0V0FYM6T9ZV75E3VU32GC0833G2V78861258C7J0VDV3338735XP3Z8VH43052EK9VR736B7185X4S55166H4L208KG2', '-2147483624', '-2147483624', '-2147483624');
INSERT INTO `topic_category` VALUES ('26', 'Jewelry', 'E3K096FC06MI037529I47588P6NQFZ08JJT92IC50WM196J8M050696K91R15L8', '-2147483623', '-2147483623', '-2147483623');
INSERT INTO `topic_category` VALUES ('27', 'Shoes', '44RASG0SAX03YYJGS60N8R167S052781L2VZ25H3F61D877LZHP7OU46JA73B171DD4HN03O39816U4400CO9HZ2V1JQAD9139JV8R1AZ0OGKSU3NE465U999074U461M6LMDV54S4TZF40R38SJLQB66USRC7KX84H6A29M5X9Z2EL583NR5I4361DNA15ZB8M2I8UOGDX37CBBMY4QU72LF827306QX50F12Q0L238ZBLL947Q6A1F9O68782', '-2147483622', '-2147483622', '-2147483622');
INSERT INTO `topic_category` VALUES ('28', 'Outdoors', '27727OI07A5ZV7OAS', '-2147483621', '-2147483621', '-2147483621');
INSERT INTO `topic_category` VALUES ('29', 'Garden', '74NIEB06P7M95H1ZKJ84W95P246ERV0Y7O30427110JJ5S514MMY791Y3V3ZI9M485CGIC1ONPCOTA7786148O4420Y12FW9P66HP42S24O1QH5QVZAAY7QHQ3LQ9000353F8FTSN0G94B1AO7V88S7AA9ZDL93EE751367734M', '-2147483620', '-2147483620', '-2147483620');
INSERT INTO `topic_category` VALUES ('30', 'Baby', '91HMXWKG166XW49G02Q7A14MMG7104B5890A9FS03K811DYKPL91S9IW7YHCOG4H47HFJ4B66VEQ0WS274Z37BV288MT9JD697K5JIM038RAR577G943EXHB5R1N06069Q85BEE79FC1GO2OLC47EFG7MO3VV56F712Q1G5MJ1QJ4F0N9F20CV00F4S0C65C9O06L612X40I076TC3BWJ58YX4XAJYVRJ4L193J133LJHQ6PG2N5ZO7F5M4IU2V8YO2M0FMFUWP1HL1JR9E89N51C1RAS6853330WV9TIK9KF659I19X4ZX4DF499212439532YWW44', '-2147483619', '-2147483619', '-2147483619');
INSERT INTO `topic_category` VALUES ('31', 'Sports', '7E736I31R49G510R88Z715GD14T0KF39Z3VPTD9B66ZYUDN5F1S3014MG8ND38CQ2RG48W8HLL667WKS7A3IYHW2OQ7795J33LZFG3MYLIB9O3WCDPU450269229LRO3HW898NXDWS6K9RC6C90D7327YO96BG10F7Z5I72I15I', '-2147483618', '-2147483618', '-2147483618');
INSERT INTO `topic_category` VALUES ('32', 'Accessories', '6R715GU1W76D', '-2147483617', '-2147483617', '-2147483617');
INSERT INTO `topic_category` VALUES ('33', 'Electronics', '9C6NO0KX7G3CBYD1FG99G7M46W5ZMSG5653MY7U352J31NP5YXG1D1R9M81V60013MT270M7FJ9IG224QYN54N880CW59ZZ0Y545BX2718TE27QWKAX496NE4P5YN1RFP5JSV0X7OC9W20ND3M4I6QQTV8EFGPKUG6D0F6DB9PBEDD8PYFUDHJLI20M3A0V6DCB83ZP9BD91BT77XM3NPAXU80T5H93GRH1952R96134B12W9HXOFG3Q24R0382G5X3T0PXH8LL2PJCN91ADDWPA6Y05ZBRYHP798W953CZ8VRI0X91I5X6JZXQ16F94D1QANRS8AD78WN8LUS3F4SK', '-2147483616', '-2147483616', '-2147483616');
INSERT INTO `topic_category` VALUES ('34', 'Home', 'R7P255P42VU5M2UL50GJZCW97LA6FFYL6SJLMH45VG2DI45T9J7T1B8WQFA9W6RZA0WH231Z4M87SXJST3LEVVYM059W4R3G0Q7NJVT', '-2147483615', '-2147483615', '-2147483615');
INSERT INTO `topic_category` VALUES ('35', 'Automotive', '9548QB6B2YBL2J2MY64O3G335T2M1S0XQ6IR34M077K4J7A200QF5S7R159ZK99680BB114G347049DED9WS776Q9A37Z1699A08NI1L931J89DR120507F4NP6616AEU8EV90O14NDJ72IYOC7D73TLHEAQ95154GE2933T9NI59D25IO82UCO580B6YSBS1S40SF5L11HM1TNMGR2L8328052ZPT70R95LS8WI3XMR8277K707475WV0T63K8MC303ZPI81440KS8N247UY3KK6AF6MCD', '-2147483614', '-2147483614', '-2147483614');
INSERT INTO `topic_category` VALUES ('36', 'Garden', 'A23NENW7SMKTB22464D18O23K7H6M47G1H04B32Z', '-2147483613', '-2147483613', '-2147483613');

-- ----------------------------
-- Table structure for topic_comment
-- ----------------------------
DROP TABLE IF EXISTS `topic_comment`;
CREATE TABLE `topic_comment` (
  `id` bigint NOT NULL AUTO_INCREMENT,
  `member_name` varchar(64) DEFAULT NULL,
  `member_icon` varchar(1000) DEFAULT NULL,
  `content` text,
  `topic_id` bigint DEFAULT NULL,
  `show_status` int DEFAULT NULL,
  `create_time` datetime DEFAULT NULL,
  PRIMARY KEY (`id`),
  KEY `FK_Reference_415` (`topic_id`),
  CONSTRAINT `FK_Reference_415` FOREIGN KEY (`topic_id`) REFERENCES `topic` (`id`) ON DELETE RESTRICT ON UPDATE RESTRICT
) ENGINE=InnoDB AUTO_INCREMENT=37 DEFAULT CHARSET=utf8mb4 COLLATE=utf8mb4_general_ci;

-- ----------------------------
-- Records of topic_comment
-- ----------------------------
INSERT INTO `topic_comment` VALUES ('1', 'Gaylord512', 'K43W5H4T9UH1YJ55NA3851K5UGM8BTS8M9JZZPC6708IS258GUK19P93UO3P53J57DT75M75X9GU4Z01XRH322C6179UE8X7RF5094X9217F7A496UE9', '680H71SPH1T3U7G13O88G14VZ48VIS6Q41P54K35ZT3AY0J8T94GERJ4057Z9V5M6E51YG8QYT41G3OZOOMJ1A86V96WNDGLUV297477QMG28NXPS9J8', '1', '-2147483648', '1970-01-01 00:00:01');
INSERT INTO `topic_comment` VALUES ('2', 'Ehtel856', '1MFYWM4Y5FN136G4XUX6C4R8QZ4N279542J5BJ6YEZM70X2LRRJM9GM5543N263A75Y12WDEV80JRHNK5Q932H072M4A67RF74123FV4Q2W7N70G2BB9MUDN1WKPSVJYB5G713CQ26Y0IDGGKMFV439R2Q63UR6VNB6XN749D6', '4DLPP0S8C886WWVO', '2', '-2147483647', '1970-01-02 00:00:01');
INSERT INTO `topic_comment` VALUES ('3', 'Nelly771', '32LFWQO4J000T911US583L0LJE1827X7WL86CJT0GF2HB55L268W1D19B7Q252P23NN475', '9X29FLCQC1O5719957655E2LODJM1SSO5E83195TTL13ZCT9A4', '3', '-2147483646', '1970-01-03 00:00:01');
INSERT INTO `topic_comment` VALUES ('4', 'Sherman1957', 'LSN6M98K4GC0ZOK74A12I2EVK43VS0ARQ8MN9976573W0L0X5H02V6PTQ4D99YE9QQSI8J7L2YXW5125MNP7HX2AVP59N96JUHI5QHCO38208JO2UIJ2WJ2RL62F7NL98A2XRY87S06OP82KL3K949357N808X2ZJ095ZK6N1', '5KMA2N27E33H6LF012C', '4', '-2147483645', '1970-01-04 00:00:01');
INSERT INTO `topic_comment` VALUES ('5', 'Wendt811', 'P6ZVRZK7KBVR7112EC1NKFXE43R8KMI21J0ZAN6U0D7180O295614QC9J58IR38038739QE56GO66NS048DN661J0PKKWP845GG5QZ8004IWUE8Q0I1WRV7A623H2S', '7XNI22L9OP5LYZ6UT5HJKI7WEL78J5F781HF31L0575I1USP6OWFGU3JZDD0571K6944L', '5', '-2147483644', '1970-01-05 00:00:01');
INSERT INTO `topic_comment` VALUES ('6', 'Crystal133', 'O83QN531BWTYF8P02OXZC8DA9Y84P0OM650GNFF0BUZZHLYB4F8S5ZA3XZDIJ064VN08Y85LM36CCQL6E2SML07Y071544QH0YJOF14752T9EI48233L7W1J0IZ1O4EZ846T417IS00I0K8X333ZZ5BR42X7G6815J6H9T29V1I39O2PHTSWXRUBJ5ZG07N22UKUZ77Y26F3EJ51I0M042J9IF21L02RDQ08X86NF9J2WYQ8055E689N43987G6RN2V89DYM71IY85H255N4TFCY88DC0P13JUG2CC7XN6GE3D642ED58553R4J34227YQF61Z9GSSLGKDJ6R542K8K430753QW827SPX4MK4HZ0S5W7YAY77RSU8RZ7B5NJ0J5V45UFW0MJ61W26766NBS018KN9WRB22V78F4822F9I4HQW219VAW61Y7P874EJXY7FQTC80Z82Y82JHD9MY0L6787VOTK276FY6Y16JO7Z0API4W4YRD0VW7U2N22TVB259GVR2Z9H5V9WPJ5Z102R0ZPSP5H10H4I4S5PV4FGNJVG0135QQXS8K3SX8M', '9OC224K2R8E732933TJT', '6', '-2147483643', '1970-01-06 00:00:01');
INSERT INTO `topic_comment` VALUES ('7', 'Candace167', '5K43LHO82R4I7V2974A278H425Y0239STH64O2J3552HE8L6746POD9DL2XX74N2G5UQM0CPD0076X805A868L9PR2A68482760V1Z42A8Z52QJ915K1D76R36L038F4BAWY5GI68J27SY2P19DOY1R0F2X65J2PJIT2KWIOQFPJQ9CI133WS00U633K44179A7RE352202P1B34PYU7331KQLFI65AUA5X89UU2IRIK8GHC6519WVEH5QW5PCD7VT6QHC0B83DYD55M13CBN508V8RIDC0J143C2V5Q7MFGU91C985KP8WLXT22753UZMJT6DV5YT905T637S0562HC20G63S0S650LY9OW649GI8HPNWS018K7U9BML', 'ZQMA7VA282U9GFMZAM4ZW11W70', '7', '-2147483642', '1970-01-07 00:00:01');
INSERT INTO `topic_comment` VALUES ('8', 'Sulema2023', '6681LS476WSSA193L5H8SB56382M171W49L8670R2WM31FD97MYNBA3S6CW9N35629AW50I9893M12RD93B74ZB7NLPC7X9V1244RXH7QD69506', 'BUS1451562E65L', '8', '-2147483641', '1970-01-08 00:00:01');
INSERT INTO `topic_comment` VALUES ('9', 'Angel2000', '0N89GP18W0WR0329NPLIL9XLVRN2UM1EJ31U3C17703513QHEGE6QUE3UC4W3YGB108YWZKJH4DNRQ4L6A4LCR0', 'V9JMV1706F2O58WN1CYYQ969QBNGXXF', '9', '-2147483640', '1970-01-09 00:00:01');
INSERT INTO `topic_comment` VALUES ('10', 'Ferrer2022', 'VZB2730', '44OK85Y89928HK430970CO32C7KLEQBK9W4ZGZBM15XDXL2S7LL0US99LB0KYR54V6KB5T456L8Q359015GO18A0NAX037YN90990CC98QP3V621905B2N3B3Y21NLVLIDQN20V1AZ23Z64891NU0QFXUY21GBPR19FOSQYCEVS6LBYVWP52541B4680JZ1P9JDE85LL', '10', '-2147483639', '1970-01-10 00:00:01');
INSERT INTO `topic_comment` VALUES ('11', 'Walker161', '1S3Y0VMVCM4UK29G8007N8GIL16YSJS404P7G969395A74140N1HP81XV12EW5AI39DGT3K17NF1P1TPS28U14O97A44RANTI2E4LPAJ2N2PHU0856E2A6N68O77V901LA78K0C80S34O13Y4HZAFM337KQ60EWN3ZXW61DVKXLLQW8H996VZ7JRGM29PH5KD5', '6L69M7G58C4TXJT818A87', '11', '-2147483638', '1970-01-11 00:00:01');
INSERT INTO `topic_comment` VALUES ('12', 'Rocha2020', 'K62QV12VH4UJ7KG8EU49V20F78M', '2RS3A308EIE70S3HG05PEU57IR4I2M8IDYX98371J6N6229NIXKS3NF32Q778M2QNI539IAJ8A6216S7KCZ15Y812S437VLY6YRZ5J40L5O8354O2IO4G0V6FC68KEF4129CRSOQEM8NIAYLWO1', '12', '-2147483637', '1970-01-12 00:00:01');
INSERT INTO `topic_comment` VALUES ('13', 'Lorina2003', '015D8TIS9I70', '8V11B2HERHL9S07VM5VHU810B3D89UB6E75Y9FP2R3QXOS7B4G34QYA56F4YL5VBO8ZL4RS84W27PO4EU3OP62NL2S8Q', '13', '-2147483636', '1970-01-13 00:00:01');
INSERT INTO `topic_comment` VALUES ('14', 'Stevie618', 'W0578RI5TFDY3VH4UN23614T5N7Y9RS5N9Q9K30KNDK08QM90DNR526821SRT447CD4S86BM9B86P33784W23T84A5YG684048Z3P9XL58ZI7FS82D7XA7M9HF365HCG3Y57F98H79XXPJUU72M5HM4K895BD65PNTB6CU82ZK3SFCVRWFY0I57WO4B98QP3Y3BD58H13J394RA9Y339D119597I65114A6VI4FH61QE3F93HGUS5B7KXJ79UW698GIZAQ02C6838', '9116728J2407DKK7B9F3AXFLK7M', '14', '-2147483635', '1970-01-14 00:00:01');
INSERT INTO `topic_comment` VALUES ('15', 'Rosario955', 'XSA83FV6H15B6A4493413L35Y609OF4211L3VAAXJRS03L07U3G5NIL44YD0B0U3N582E875B8ZRS5TK42JMN352592NN3N311SPBH1YWA5', 'W9MB805KN8LG6K3H1LFJQ9GVU6J', '15', '-2147483634', '1970-01-15 00:00:01');
INSERT INTO `topic_comment` VALUES ('16', 'Clemencia1981', '4K2K5EC9IC9CK2FFSX687U1Q83DV1JHY2590TN', 'JI44OR3X0I97087A4', '16', '-2147483633', '1970-01-16 00:00:01');
INSERT INTO `topic_comment` VALUES ('17', 'Levin525', 'WX8GMAZ37V36G05YV3T7ODZ325522JAM0ORZ9XN201W221W0HCXOXA8Z5', '5A6H98E428A768422CQD1FYEGGP89T9105QP39803', '17', '-2147483632', '1970-01-17 00:00:01');
INSERT INTO `topic_comment` VALUES ('18', 'Christian2029', 'F7IS5T4E1054TXYVZR5JI69MD22P2138', 'Y4X87DV7F38032DVKL83851MNJSR6XCPO829T43A69P63G862T0R0J3L8HF39N35V31382D8926J', '18', '-2147483631', '1970-01-18 00:00:01');
INSERT INTO `topic_comment` VALUES ('19', 'Starnes43', '328O50ZMR0', 'U992M20F8182V7', '19', '-2147483630', '1970-01-19 00:00:01');
INSERT INTO `topic_comment` VALUES ('20', 'Francis731', 'OX695169K436170TWT5HQ4NQVD126N6D5', '6178090Z5192073T92748827Q184V11JYGII53FYN876129O33YQLLVN308VQ84YZZ31', '20', '-2147483629', '1970-01-20 00:00:01');
INSERT INTO `topic_comment` VALUES ('21', 'Alan1962', '58B8D2E31R258HBT14F129ZK4N260ZPML387OKB55770C2O82862YQ0R43E98XK877WT628V5HIL3IWW5U1U2ZL6RCRYYW7SV5SVO5554BW13G5793GQ088LM7B7H4WVS3O0YU1UGFNWGGNBRTU5Y1QOGYPDP9R024F9L9N1PGAB60185U90X3MT05520D0AT790737712H97PBORMV0SOX67MT95YY67N', '4REB2C328Q37PS47558T3Q39QP4D5GOO6SV43W2N6T51RZNP', '21', '-2147483628', '1970-01-21 00:00:01');
INSERT INTO `topic_comment` VALUES ('22', 'Paxton6', 'ZQAN623Y265U7H78EQUJJB73Z2V5030H56CFZY5E81C287S6K2YM9KWYFSWSHWJ46J8QM67I7HQY7799BF9I6IA415E3598Z4BFN0V2KH869XS382NR328976KHTE09IPWSU4G917ZN1WXURPG60E948O8WV3T244X80585JIH5ZYGA33YNW2090Y76TVHY76YDRA177VBF4KY', '5MYCDC0297V4HG10YJDP', '22', '-2147483627', '1970-01-22 00:00:01');
INSERT INTO `topic_comment` VALUES ('23', 'Wilson958', '914QW9YM1362663962OUQO4DDOR705109HUL9D7GYJK4M4R94F696592Z22X6691O730544C7Z48DL5N4L710RF964V13G2W0961L0B3VQMM30P6G4Y2VS1XMXOB7ZJ56RIIRN6PD5Q0812CROG7GT48PMQHS9042Q2S3P9JVLZE256485A62P56E9H4TLV996ADUM3G5I19X0U94NA8N875GCIT2', 'F5', '23', '-2147483626', '1970-01-23 00:00:01');
INSERT INTO `topic_comment` VALUES ('24', 'Dallas1996', '7Z60S5RQT9460K20946LFW790MD57SPJ78LJ44YTD05UVTSN39GN3S68LC0MT5XFX8O86SJK7253MMY8103EY41UB735W0XO8Y9E88EC58XY5FGL0MKTJ73N188I740AE6AQPUN1W62LD19T7QBNV47OI64K8I0X1H5Z36R09LA07G', 'OD434Y08J882X917Z83C5RPH09Z0AWW9HXM8503', '24', '-2147483625', '1970-01-24 00:00:01');
INSERT INTO `topic_comment` VALUES ('25', 'Shelby8', 'Z5ULVO1SP07LOKJ1HV9SIMZ0HEU807BLRO4T8SW9WFTF6L01731A6IJ88O4NBM8073E089O0KE40474941455Y0A7K0A8I7132H64J8OBZANIRE9H6109Q0I5W8KZ20TH928264T3PZ9WQDTJ8FL7MJ0H8LVR97XF3552AE1IB6V8738U1V67VV2P0G7ZPILL6P5S0N750C013580F4SP025QA2Y3E14942TZ85Z52B32UY1X2291I50277DLM27J94EWKS7BUTC8L3J302L3JHK5K3XBG3I35C7R00T43DS8QG5B6VBII188G92WVSQ66A8IQD80Q9I8K5UBAD', '0T1', '25', '-2147483624', '1970-01-25 00:00:01');
INSERT INTO `topic_comment` VALUES ('26', 'Ailene255', '99309W5US4B1OD2T22J24S55R09S21NLWHU2WA4YQ65NV9753L897F48UN2RXX710VTGK74XID1S49F124P8VE', 'J9MV48YA2653VJE5L7ULR7P76DB2VEK893A0K22EJG5B5V45PBWSTL0OB8H6676KLGEF7KKD58V43YVV4F2C0D4M5TM7AN4J3F4128X2HEBIK35T', '26', '-2147483623', '1970-01-26 00:00:01');
INSERT INTO `topic_comment` VALUES ('27', 'Shelba1', '4RP8BVF7AK49640I5L20WH8AO1G67O4U', '7R39OX24ZUOLQUNU1ML9', '27', '-2147483622', '1970-01-27 00:00:01');
INSERT INTO `topic_comment` VALUES ('28', 'Chase2007', 'TAB8J0X75B39S3D573SAXFD4BJP5P80NF337MJUH2KL1RCUY86A8I3906WW5SX635241R1H47L4A82D5U824UNZ45IGWL00GSGZUJ', 'X3R357U133Z49451KIZ7C553I71V24U2', '28', '-2147483621', '1970-01-28 00:00:01');
INSERT INTO `topic_comment` VALUES ('29', 'Devorah492', 'HC50857189GH08S69G', '4979OWXB521I02295R00E6YKB959G0XH05E798LWZX', '29', '-2147483620', '1970-01-29 00:00:01');
INSERT INTO `topic_comment` VALUES ('30', 'Kasper1996', '07XC307JZ7TD4W0878X97TIR0N9ZM7439REIGZ5AG816R3ML7868GWP51WQO52IIOXIGY3RGT25DUAQC79QO7YKUFS4512S9160AFOIS3XJZH330W3W3RGRSM1H9C252GZKYC7ES5236WQF', '7920Y', '30', '-2147483619', '1970-01-30 00:00:01');
INSERT INTO `topic_comment` VALUES ('31', 'Neal576', '798E37LXFDL71R358SBM97TU27G1H6GKQ68B0C990CIE74A92P9AQHPGP01O991VIG5Z02H91BAW11A49K54LU16Z5MQ4U0C0LD1G6J0Z5X6728TJO3Z4D2FQXF4L1U5Q322', '760LKY97P00B7343G583HAH2Y4G357AJ31H5HWNTT21F468HIV70B1U8DET1NERX6HT251OJ1A2QQ0A6342DY033C2845Y8T66Z7G03D76WK7C5NRV1Y496HM4A1AF0PV33ETSZF7WG1W2W9Y', '31', '-2147483618', '1970-01-31 00:00:01');
INSERT INTO `topic_comment` VALUES ('32', 'Ariana643', 'KMXJI641T4E424', '1G7NK4E9449Y22Y8ZB393058Q323AR0F6SVPL70721GW1M0A9M2GAVB07B5711Z3P815E4M53VJJKVB8Y33X', '32', '-2147483617', '1970-02-01 00:00:01');
INSERT INTO `topic_comment` VALUES ('33', 'Bong6', 'L8NI8DY84Z8E8D2WC60GSS4K456Y5U2513AY1W98R390V5SPA36ZA7WNS0OVB86K8QFTFW2HOS98897385YN46Z3E7LGHOZVQ63BAOF716QVVKT', 'H', '33', '-2147483616', '1970-02-02 00:00:01');
INSERT INTO `topic_comment` VALUES ('34', 'Jeffry336', 'TH687K3CB3XZ9W2707AA2K532540T4639M54UDNKYYQ56HACR8421F6Z778EZX5AX2X9DGA267', 'OCIZ072N6BOT536G5E93833Z401C3F0N692PN31NO42GS610UQ933IF2AW1LS2C46YUE7L2I469069BI66JD5879O5KN74WOGNMSVE27H7NM0T1X0CH51ZQ5FGQ9X9R3M0NWV7W0019RRXGB5MJ4', '34', '-2147483615', '1970-02-03 00:00:01');
INSERT INTO `topic_comment` VALUES ('35', 'Kline2026', 'HJ8HDA08R61BW6L9987BW', '48I2874DV29X97R408EP57740KIM', '35', '-2147483614', '1970-02-04 00:00:01');
INSERT INTO `topic_comment` VALUES ('36', 'Frankie2023', 'WIH2B133OQFWI8O1606OLQ3L06R9S70L1ZDM9XA42013TG27F119BRWER68GN7272U121KEW98E775', 'N936NQFZB8Y8068ZT9LRF47D6N4VC6QF0FY21BVT2VW3CZ', '36', '-2147483613', '1970-02-05 00:00:01');
